north_queue,south_queue,east_queue,west_queue,north_arrival_rate,south_arrival_rate,east_arrival_rate,west_arrival_rate,current_green_time,previous_queue,queue_growth,waiting_time,traffic_density,current_phase,signal_action,traffic_condition,future_waiting_time,scenario
0.0,0.0,0.0,0.0,1.0,1.0,1.0,1.0,0.0,0.0,0.0,0.0,0.0,0.0,0,0,0.0,normal
0.0,0.0,0.0,2.0,1.0,1.0,1.0,1.0,1.0,2.0,0.0,0.5,0.02,0.0,0,0,4.8,normal
0.0,0.0,2.0,2.0,1.0,1.0,1.0,1.0,2.0,2.0,2.0,1.0,0.04,0.0,0,0,9.6,normal
1.0,0.0,4.0,3.0,1.0,1.0,1.0,1.0,3.0,4.0,4.0,1.2727272727272727,0.08,0.0,0,0,16.9,normal
0.0,0.0,4.0,5.0,1.0,1.0,1.0,1.0,4.0,8.0,1.0,1.7692307692307692,0.09,0.0,0,0,21.2,normal
0.0,0.0,6.0,7.0,1.0,1.0,1.0,1.0,5.0,9.0,4.0,1.894736842105263,0.13,0.0,2,1,30.0,normal
0.0,0.0,7.0,9.0,1.0,1.0,1.0,1.0,0.0,13.0,3.0,2.260869565217391,0.16,0.0,0,1,32.0,normal
0.0,2.0,8.0,10.0,1.0,1.0,1.0,1.0,0.0,16.0,4.0,2.6666666666666665,0.2,0.0,0,1,37.0,normal
1.0,2.0,8.0,11.0,1.0,1.0,1.0,1.0,0.0,20.0,2.0,3.2413793103448274,0.22,0.0,2,1,39.5,normal
1.0,2.0,9.0,11.0,1.0,1.0,1.0,1.0,0.0,22.0,1.0,3.9,0.23,1.0,0,1,16.0,normal
2.0,3.0,10.0,9.0,1.0,1.0,1.0,1.0,1.0,23.0,1.0,4.0285714285714285,0.24,1.0,0,1,20.3,normal
3.0,5.0,9.0,7.0,1.0,1.0,1.0,1.0,2.0,24.0,0.0,4.230769230769231,0.24,1.0,0,1,25.6,normal
4.0,7.0,8.0,7.0,1.0,1.0,1.0,1.0,3.0,24.0,2.0,4.2444444444444445,0.26,1.0,0,1,31.9,normal
6.0,7.0,7.0,7.0,1.0,1.0,1.0,1.0,4.0,26.0,1.0,4.448979591836735,0.27,1.0,0,1,36.2,normal
6.0,7.0,5.0,6.0,1.0,1.0,1.0,1.0,5.0,27.0,-3.0,4.84,0.24,1.0,1,1,35.5,normal
8.0,8.0,3.0,6.0,1.0,1.0,1.0,1.0,0.0,24.0,1.0,4.944444444444445,0.25,1.0,0,1,36.5,normal
10.0,9.0,5.0,8.0,1.0,1.0,1.0,1.0,0.0,25.0,7.0,4.901639344262295,0.32,1.0,0,2,44.5,normal
12.0,9.0,7.0,10.0,1.0,1.0,1.0,1.0,0.0,32.0,6.0,5.029850746268656,0.38,1.0,1,2,50.5,normal
12.0,11.0,9.0,10.0,1.0,1.0,1.0,1.0,0.0,38.0,4.0,5.338028169014085,0.42,0.0,0,2,49.5,normal
9.0,9.0,10.0,11.0,1.0,1.0,1.0,1.0,1.0,42.0,-3.0,5.648648648648648,0.39,0.0,0,2,51.8,normal
10.0,8.0,12.0,12.0,1.0,1.0,1.0,1.0,2.0,39.0,3.0,5.822784810126582,0.42,0.0,0,2,58.6,normal
9.0,8.0,13.0,13.0,1.0,1.0,1.0,1.0,3.0,42.0,1.0,6.134146341463414,0.43,0.0,0,2,62.9,normal
8.0,8.0,14.0,13.0,1.0,1.0,1.0,1.0,4.0,43.0,0.0,6.275862068965517,0.43,0.0,0,2,65.2,normal
7.0,9.0,15.0,13.0,1.0,1.0,1.0,1.0,5.0,43.0,1.0,6.483516483516484,0.44,0.0,2,2,68.0,normal
5.0,8.0,17.0,15.0,1.0,1.0,1.0,1.0,0.0,44.0,1.0,6.546391752577319,0.45,0.0,0,2,70.5,normal
7.0,9.0,19.0,16.0,1.0,1.0,1.0,1.0,0.0,45.0,6.0,6.660194174757281,0.51,0.0,0,2,78.0,normal
8.0,9.0,19.0,18.0,1.0,1.0,1.0,1.0,0.0,51.0,3.0,6.981132075471698,0.54,0.0,2,2,82.5,normal
9.0,9.0,19.0,18.0,1.0,1.0,1.0,1.0,0.0,54.0,1.0,7.429906542056075,0.55,1.0,0,2,54.5,normal
9.0,11.0,17.0,17.0,1.0,1.0,1.0,1.0,1.0,55.0,-1.0,7.648648648648648,0.54,1.0,0,2,57.8,normal
9.0,12.0,16.0,16.0,1.0,1.0,1.0,1.0,2.0,54.0,-1.0,7.843478260869565,0.53,1.0,0,2,59.6,normal
10.0,14.0,13.0,17.0,1.0,1.0,1.0,1.0,3.0,53.0,1.0,7.966666666666667,0.54,1.0,0,2,65.4,normal
12.0,16.0,12.0,18.0,1.0,1.0,1.0,1.0,4.0,54.0,4.0,7.984251968503937,0.58,1.0,0,2,74.2,normal
13.0,17.0,11.0,16.0,1.0,1.0,1.0,1.0,5.0,58.0,-1.0,8.238461538461538,0.57,1.0,1,2,77.5,normal
15.0,18.0,10.0,15.0,1.0,1.0,1.0,1.0,0.0,57.0,1.0,8.362962962962962,0.58,1.0,0,2,78.5,normal
17.0,19.0,12.0,17.0,1.0,1.0,1.0,1.0,0.0,58.0,7.0,8.408450704225352,0.65,1.0,0,2,86.5,normal
19.0,19.0,12.0,18.0,1.0,1.0,1.0,1.0,0.0,65.0,3.0,8.703448275862069,0.68,1.0,1,2,91.0,normal
19.0,21.0,14.0,18.0,1.0,1.0,1.0,1.0,0.0,68.0,4.0,8.953020134228188,0.72,0.0,0,2,84.0,normal
20.0,20.0,15.0,18.0,1.0,1.0,1.0,1.0,1.0,72.0,1.0,9.196078431372548,0.73,0.0,0,2,86.8,normal
18.0,19.0,15.0,18.0,1.0,1.0,1.0,1.0,2.0,73.0,-3.0,9.590909090909092,0.7,0.0,0,2,86.1,normal
15.0,20.0,16.0,18.0,1.0,1.0,1.0,1.0,3.0,70.0,-1.0,9.847133757961783,0.69,0.0,0,2,87.9,normal
14.0,20.0,17.0,20.0,1.0,1.0,1.0,1.0,4.0,69.0,2.0,9.981481481481481,0.71,0.0,0,2,94.2,normal
13.0,19.0,18.0,20.0,1.0,1.0,1.0,1.0,5.0,71.0,-1.0,10.10179640718563,0.7,0.0,2,2,96.0,normal
13.0,16.0,20.0,21.0,1.0,1.0,1.0,1.0,0.0,70.0,0.0,10.215116279069768,0.7,0.0,0,2,96.5,normal
15.0,17.0,21.0,23.0,1.0,1.0,1.0,1.0,0.0,70.0,6.0,10.297752808988765,0.76,0.0,0,2,104.0,normal
16.0,17.0,21.0,23.0,1.0,1.0,1.0,1.0,0.0,76.0,1.0,10.670391061452515,0.77,0.0,2,2,104.5,normal
16.0,18.0,21.0,25.0,1.0,1.0,1.0,1.0,0.0,77.0,3.0,10.934065934065934,0.8,1.0,0,2,91.0,normal
18.0,18.0,22.0,24.0,1.0,1.0,1.0,1.0,1.0,80.0,2.0,11.13978494623656,0.82,1.0,0,2,95.8,normal
20.0,20.0,21.0,23.0,1.0,1.0,1.0,1.0,2.0,82.0,2.0,11.347368421052632,0.84,1.0,0,2,103.6,normal
21.0,20.0,21.0,20.0,1.0,1.0,1.0,1.0,3.0,84.0,-2.0,11.595854922279793,0.82,1.0,0,2,104.9,normal
22.0,20.0,20.0,17.0,1.0,1.0,1.0,1.0,4.0,82.0,-3.0,11.821428571428571,0.79,1.0,0,2,105.7,normal
24.0,21.0,18.0,17.0,1.0,1.0,1.0,1.0,5.0,79.0,1.0,11.985,0.8,1.0,1,2,111.5,normal
24.0,21.0,18.0,16.0,1.0,1.0,1.0,1.0,0.0,80.0,-1.0,12.19704433497537,0.79,1.0,0,2,107.0,normal
25.0,22.0,20.0,16.0,1.0,1.0,1.0,1.0,0.0,79.0,4.0,12.36231884057971,0.83,1.0,0,2,112.0,normal
27.0,24.0,22.0,16.0,1.0,1.0,1.0,1.0,0.0,83.0,6.0,12.431924882629108,0.89,1.0,1,2,121.0,normal
27.0,25.0,24.0,17.0,1.0,1.0,1.0,1.0,0.0,89.0,4.0,12.631336405529954,0.93,0.0,0,2,108.0,normal
24.0,23.0,24.0,17.0,1.0,1.0,1.0,1.0,1.0,93.0,-5.0,13.036866359447005,0.88,0.0,0,2,106.3,normal
22.0,23.0,24.0,18.0,1.0,1.0,1.0,1.0,2.0,88.0,-1.0,13.315068493150685,0.87,0.0,0,2,108.1,normal
21.0,21.0,26.0,18.0,1.0,1.0,1.0,1.0,3.0,87.0,-1.0,13.522522522522523,0.86,0.0,0,2,111.4,normal
22.0,19.0,26.0,18.0,1.0,1.0,1.0,1.0,4.0,86.0,-1.0,13.78125,0.85,0.0,0,2,111.7,normal
22.0,19.0,26.0,19.0,1.0,1.0,1.0,1.0,5.0,85.0,1.0,13.977973568281937,0.86,0.0,0,2,114.5,normal
21.0,17.0,27.0,20.0,1.0,1.0,1.0,1.0,6.0,86.0,-1.0,14.165217391304347,0.85,0.0,2,2,117.8,normal
19.0,16.0,29.0,22.0,1.0,1.0,1.0,1.0,0.0,85.0,1.0,14.109704641350211,0.86,0.0,0,2,119.5,normal
20.0,16.0,29.0,23.0,1.0,1.0,1.0,1.0,0.0,86.0,2.0,14.359832635983263,0.88,0.0,0,2,122.0,normal
20.0,16.0,31.0,25.0,1.0,1.0,1.0,1.0,0.0,88.0,4.0,14.502057613168724,0.92,0.0,2,2,130.0,normal
22.0,16.0,33.0,26.0,1.0,1.0,1.0,1.0,0.0,92.0,5.0,14.600806451612904,0.97,1.0,0,2,105.5,normal
22.0,16.0,32.0,24.0,1.0,1.0,1.0,1.0,1.0,97.0,-3.0,14.800796812749004,0.94,1.0,0,2,104.8,normal
22.0,16.0,33.0,23.0,1.0,1.0,1.0,1.0,2.0,94.0,0.0,15.055335968379447,0.94,1.0,0,2,105.6,normal
24.0,16.0,33.0,22.0,1.0,1.0,1.0,1.0,3.0,94.0,1.0,15.190661478599221,0.95,1.0,0,2,109.9,normal
26.0,16.0,34.0,21.0,1.0,1.0,1.0,1.0,4.0,95.0,2.0,15.212927756653992,0.97,1.0,0,2,114.7,normal
26.0,17.0,33.0,20.0,1.0,1.0,1.0,1.0,5.0,97.0,-1.0,15.287313432835822,0.96,1.0,0,2,116.5,normal
27.0,18.0,30.0,20.0,1.0,1.0,1.0,1.0,6.0,96.0,-1.0,15.411764705882353,0.95,1.0,1,2,119.8,normal
27.0,19.0,28.0,17.0,1.0,1.0,1.0,1.0,0.0,95.0,-4.0,15.63138686131387,0.91,1.0,0,2,114.5,normal
28.0,20.0,29.0,17.0,1.0,1.0,1.0,1.0,0.0,91.0,3.0,15.8014440433213,0.94,1.0,0,2,119.0,normal
28.0,21.0,31.0,19.0,1.0,1.0,1.0,1.0,0.0,94.0,5.0,15.872340425531915,0.99,1.0,1,2,123.0,normal
28.0,21.0,33.0,19.0,1.0,1.0,1.0,1.0,0.0,99.0,2.0,16.116197183098592,1.0,0.0,0,2,128.5,normal
29.0,21.0,33.0,20.0,1.0,1.0,1.0,1.0,1.0,101.0,2.0,16.25,1.0,0.0,0,2,131.8,normal
27.0,19.0,33.0,21.0,1.0,1.0,1.0,1.0,2.0,103.0,-3.0,16.42611683848797,1.0,0.0,0,2,132.6,normal
27.0,18.0,35.0,23.0,1.0,1.0,1.0,1.0,3.0,100.0,3.0,16.385906040268456,1.0,0.0,0,2,140.9,normal
28.0,17.0,37.0,23.0,1.0,1.0,1.0,1.0,4.0,103.0,2.0,16.462046204620464,1.0,0.0,0,2,145.7,normal
27.0,15.0,39.0,25.0,1.0,1.0,1.0,1.0,5.0,105.0,1.0,16.592833876221498,1.0,0.0,2,2,153.0,normal
26.0,16.0,39.0,27.0,1.0,1.0,1.0,1.0,0.0,106.0,2.0,16.673076923076923,1.0,0.0,0,2,153.0,normal
28.0,18.0,40.0,29.0,1.0,1.0,1.0,1.0,0.0,108.0,7.0,16.66771159874608,1.0,0.0,0,2,161.0,normal
29.0,19.0,40.0,29.0,1.0,1.0,1.0,1.0,0.0,115.0,2.0,16.92834890965732,1.0,0.0,2,2,162.0,normal
31.0,20.0,41.0,29.0,1.0,1.0,1.0,1.0,0.0,117.0,4.0,17.092307692307692,1.0,1.0,0,2,137.0,normal
31.0,21.0,39.0,30.0,1.0,1.0,1.0,1.0,1.0,121.0,0.0,17.304878048780488,1.0,1.0,0,2,139.3,normal
33.0,22.0,39.0,29.0,1.0,1.0,1.0,1.0,2.0,121.0,2.0,17.31044776119403,1.0,1.0,0,2,145.6,normal
33.0,22.0,38.0,28.0,1.0,1.0,1.0,1.0,3.0,123.0,-2.0,17.566765578635014,1.0,1.0,0,2,145.4,normal
33.0,23.0,39.0,28.0,1.0,1.0,1.0,1.0,4.0,121.0,2.0,17.669590643274855,1.0,1.0,0,2,148.7,normal
33.0,23.0,39.0,27.0,1.0,1.0,1.0,1.0,5.0,123.0,-1.0,17.921511627906977,1.0,1.0,0,2,149.0,normal
33.0,25.0,38.0,27.0,1.0,1.0,1.0,1.0,6.0,122.0,1.0,18.06896551724138,1.0,1.0,0,2,153.3,normal
35.0,26.0,39.0,28.0,1.0,1.0,1.0,1.0,7.0,123.0,5.0,18.07323943661972,1.0,1.0,1,2,161.1,normal
35.0,26.0,39.0,25.0,1.0,1.0,1.0,1.0,0.0,128.0,-3.0,18.373595505617978,1.0,1.0,0,2,154.0,normal
36.0,27.0,41.0,27.0,1.0,1.0,1.0,1.0,0.0,125.0,6.0,18.430939226519335,1.0,1.0,0,2,160.0,normal
36.0,28.0,41.0,29.0,1.0,1.0,1.0,1.0,0.0,131.0,3.0,18.646575342465752,1.0,1.0,1,2,163.0,normal
36.0,29.0,41.0,30.0,1.0,1.0,1.0,1.0,0.0,134.0,2.0,18.915531335149865,1.0,0.0,0,2,174.5,normal
34.0,28.0,42.0,31.0,1.0,1.0,1.0,1.0,1.0,136.0,-1.0,19.178861788617887,1.0,0.0,0,2,177.8,normal
32.0,26.0,44.0,31.0,1.0,1.0,1.0,1.0,2.0,135.0,-2.0,19.433962264150942,1.0,0.0,0,2,180.6,normal
30.0,23.0,45.0,32.0,1.0,1.0,1.0,1.0,3.0,133.0,-3.0,19.62566844919786,1.0,0.0,0,2,182.9,normal
30.0,24.0,47.0,33.0,1.0,1.0,1.0,1.0,4.0,130.0,4.0,19.66842105263158,1.0,0.0,0,2,190.2,normal
30.0,23.0,49.0,34.0,1.0,1.0,1.0,1.0,5.0,134.0,2.0,19.817708333333332,1.0,0.0,2,2,196.5,normal
30.0,22.0,50.0,36.0,1.0,1.0,1.0,1.0,0.0,136.0,2.0,19.866666666666667,1.0,0.0,0,2,198.0,normal
32.0,24.0,50.0,37.0,1.0,1.0,1.0,1.0,0.0,138.0,5.0,19.97721518987342,1.0,0.0,0,2,202.0,normal
34.0,24.0,51.0,37.0,1.0,1.0,1.0,1.0,0.0,143.0,3.0,20.193467336683415,1.0,0.0,2,2,205.0,normal
36.0,25.0,51.0,39.0,1.0,1.0,1.0,1.0,0.0,146.0,5.0,20.317617866004962,1.0,1.0,0,2,167.0,normal
38.0,27.0,50.0,38.0,1.0,1.0,1.0,1.0,1.0,151.0,2.0,20.29440389294404,1.0,1.0,0,2,174.8,normal
38.0,28.0,48.0,36.0,1.0,1.0,1.0,1.0,2.0,153.0,-3.0,20.559322033898304,1.0,1.0,0,2,175.6,normal
40.0,29.0,47.0,34.0,1.0,1.0,1.0,1.0,3.0,150.0,0.0,20.672248803827753,1.0,1.0,0,2,180.9,normal
42.0,30.0,47.0,33.0,1.0,1.0,1.0,1.0,4.0,150.0,2.0,20.73820754716981,1.0,1.0,0,2,187.2,normal
44.0,31.0,48.0,31.0,1.0,1.0,1.0,1.0,5.0,152.0,2.0,20.855477855477854,1.0,1.0,1,2,193.5,normal
46.0,32.0,49.0,30.0,1.0,1.0,1.0,1.0,0.0,154.0,3.0,20.880733944954127,1.0,1.0,0,2,195.5,normal
48.0,33.0,50.0,32.0,1.0,1.0,1.0,1.0,0.0,157.0,6.0,20.966063348416288,1.0,1.0,0,2,203.0,normal
48.0,34.0,51.0,32.0,1.0,1.0,1.0,1.0,0.0,163.0,2.0,21.243243243243242,1.0,1.0,1,2,205.5,normal
49.0,36.0,53.0,34.0,1.0,1.0,1.0,1.0,0.0,165.0,7.0,21.29490022172949,1.0,0.0,0,2,216.5,normal
47.0,36.0,54.0,35.0,1.0,1.0,1.0,1.0,1.0,172.0,0.0,21.485714285714284,1.0,0.0,0,2,220.3,normal
46.0,36.0,56.0,35.0,1.0,1.0,1.0,1.0,2.0,172.0,1.0,21.628260869565217,1.0,0.0,0,2,224.6,normal
44.0,36.0,58.0,37.0,1.0,1.0,1.0,1.0,3.0,173.0,2.0,21.678800856531048,1.0,0.0,0,2,232.4,normal
43.0,35.0,60.0,38.0,1.0,1.0,1.0,1.0,4.0,175.0,1.0,21.914893617021278,1.0,0.0,0,2,238.2,normal
41.0,32.0,60.0,38.0,1.0,1.0,1.0,1.0,5.0,176.0,-5.0,22.27872340425532,1.0,0.0,2,2,236.5,normal
38.0,32.0,61.0,40.0,1.0,1.0,1.0,1.0,0.0,171.0,0.0,22.451476793248943,1.0,0.0,0,2,237.0,normal
40.0,34.0,62.0,41.0,1.0,1.0,1.0,1.0,0.0,171.0,6.0,22.539583333333333,1.0,0.0,0,2,243.0,normal
41.0,34.0,62.0,43.0,1.0,1.0,1.0,1.0,0.0,177.0,3.0,22.77225672877847,1.0,0.0,2,2,247.5,normal
43.0,34.0,62.0,44.0,1.0,1.0,1.0,1.0,0.0,180.0,3.0,23.008230452674898,1.0,1.0,0,2,207.0,normal
43.0,34.0,62.0,45.0,1.0,1.0,1.0,1.0,1.0,183.0,1.0,23.195918367346938,1.0,1.0,0,2,208.3,normal
45.0,34.0,61.0,44.0,1.0,1.0,1.0,1.0,2.0,184.0,0.0,23.427991886409735,1.0,1.0,0,2,212.1,normal
47.0,36.0,61.0,44.0,1.0,1.0,1.0,1.0,3.0,184.0,4.0,23.429141716566868,1.0,1.0,0,2,220.9,normal
49.0,38.0,60.0,43.0,1.0,1.0,1.0,1.0,4.0,188.0,2.0,23.480314960629922,1.0,1.0,0,2,228.7,normal
49.0,40.0,59.0,43.0,1.0,1.0,1.0,1.0,5.0,190.0,1.0,23.669921875,1.0,1.0,1,2,233.0,normal
51.0,41.0,58.0,43.0,1.0,1.0,1.0,1.0,0.0,191.0,2.0,23.768339768339768,1.0,1.0,0,2,234.5,normal
52.0,42.0,58.0,45.0,1.0,1.0,1.0,1.0,0.0,193.0,4.0,23.96360153256705,1.0,1.0,0,2,239.5,normal
53.0,42.0,59.0,46.0,1.0,1.0,1.0,1.0,0.0,197.0,3.0,24.207619047619048,1.0,1.0,1,2,242.5,normal
54.0,44.0,59.0,46.0,1.0,1.0,1.0,1.0,0.0,200.0,3.0,24.454545454545453,1.0,0.0,0,2,259.0,normal
53.0,41.0,60.0,48.0,1.0,1.0,1.0,1.0,1.0,203.0,-1.0,24.696798493408664,1.0,0.0,0,2,263.8,normal
51.0,38.0,61.0,49.0,1.0,1.0,1.0,1.0,2.0,202.0,-3.0,24.97748592870544,1.0,0.0,0,2,266.1,normal
50.0,37.0,61.0,49.0,1.0,1.0,1.0,1.0,3.0,199.0,-2.0,25.252336448598133,1.0,0.0,0,2,265.9,normal
50.0,37.0,61.0,51.0,1.0,1.0,1.0,1.0,4.0,197.0,2.0,25.34011090573013,1.0,0.0,0,2,270.7,normal
48.0,35.0,62.0,52.0,1.0,1.0,1.0,1.0,5.0,199.0,-2.0,25.5625,1.0,0.0,2,2,273.5,normal
49.0,35.0,64.0,54.0,1.0,1.0,1.0,1.0,0.0,197.0,5.0,25.557971014492754,1.0,0.0,0,2,278.0,normal
49.0,36.0,65.0,55.0,1.0,1.0,1.0,1.0,0.0,202.0,3.0,25.78918918918919,1.0,0.0,0,2,282.5,normal
49.0,37.0,66.0,57.0,1.0,1.0,1.0,1.0,0.0,205.0,4.0,25.978533094812164,1.0,0.0,2,2,289.0,normal
51.0,38.0,68.0,57.0,1.0,1.0,1.0,1.0,0.0,209.0,5.0,26.127659574468087,1.0,1.0,0,2,240.5,normal
52.0,38.0,69.0,57.0,1.0,1.0,1.0,1.0,1.0,214.0,2.0,26.27768014059754,1.0,1.0,0,2,243.8,normal
54.0,40.0,70.0,54.0,1.0,1.0,1.0,1.0,2.0,216.0,2.0,26.382608695652173,1.0,1.0,0,2,251.6,normal
55.0,40.0,70.0,52.0,1.0,1.0,1.0,1.0,3.0,218.0,-1.0,26.667244367417677,1.0,1.0,0,2,253.4,normal
56.0,41.0,68.0,51.0,1.0,1.0,1.0,1.0,4.0,217.0,-1.0,26.901724137931033,1.0,1.0,0,2,256.7,normal
57.0,42.0,68.0,50.0,1.0,1.0,1.0,1.0,5.0,216.0,1.0,27.089041095890412,1.0,1.0,1,2,261.0,normal
57.0,44.0,68.0,49.0,1.0,1.0,1.0,1.0,0.0,217.0,1.0,27.275510204081634,1.0,1.0,0,2,260.5,normal
59.0,44.0,70.0,49.0,1.0,1.0,1.0,1.0,0.0,218.0,4.0,27.466216216216218,1.0,1.0,0,2,265.5,normal
59.0,44.0,70.0,49.0,1.0,1.0,1.0,1.0,0.0,222.0,0.0,27.841216216216218,1.0,1.0,1,2,265.5,normal
61.0,44.0,70.0,49.0,1.0,1.0,1.0,1.0,0.0,222.0,2.0,28.124579124579125,1.0,0.0,0,2,290.5,normal
61.0,44.0,70.0,51.0,1.0,1.0,1.0,1.0,1.0,224.0,2.0,28.26711185308848,1.0,0.0,0,2,295.3,normal
60.0,42.0,71.0,51.0,1.0,1.0,1.0,1.0,2.0,226.0,-2.0,28.451077943615257,1.0,0.0,0,2,296.6,normal
60.0,43.0,71.0,51.0,1.0,1.0,1.0,1.0,3.0,224.0,1.0,28.634266886326195,1.0,0.0,0,2,297.9,normal
59.0,41.0,72.0,53.0,1.0,1.0,1.0,1.0,4.0,225.0,0.0,28.76797385620915,1.0,0.0,0,2,303.2,normal
57.0,40.0,72.0,53.0,1.0,1.0,1.0,1.0,5.0,225.0,-3.0,28.98861788617886,1.0,0.0,2,2,302.5,normal
57.0,37.0,72.0,55.0,1.0,1.0,1.0,1.0,0.0,222.0,-1.0,29.15831987075929,1.0,0.0,0,2,301.0,normal
59.0,37.0,74.0,55.0,1.0,1.0,1.0,1.0,0.0,221.0,4.0,29.332263242375603,1.0,0.0,0,2,306.0,normal
60.0,39.0,75.0,57.0,1.0,1.0,1.0,1.0,0.0,225.0,6.0,29.41971383147854,1.0,0.0,2,2,313.5,normal
61.0,39.0,77.0,59.0,1.0,1.0,1.0,1.0,0.0,231.0,5.0,29.55993690851735,1.0,1.0,0,2,268.0,normal
62.0,39.0,77.0,58.0,1.0,1.0,1.0,1.0,1.0,236.0,0.0,29.791208791208792,1.0,1.0,0,2,270.3,normal
63.0,41.0,77.0,58.0,1.0,1.0,1.0,1.0,2.0,236.0,3.0,29.884914463452567,1.0,1.0,0,2,277.1,normal
63.0,43.0,77.0,57.0,1.0,1.0,1.0,1.0,3.0,239.0,1.0,29.978428351309706,1.0,1.0,0,2,281.4,normal
65.0,44.0,75.0,55.0,1.0,1.0,1.0,1.0,4.0,240.0,-1.0,30.11467889908257,1.0,1.0,0,2,286.2,normal
66.0,45.0,73.0,53.0,1.0,1.0,1.0,1.0,5.0,239.0,-2.0,30.384146341463413,1.0,1.0,1,2,289.0,normal
66.0,46.0,72.0,53.0,1.0,1.0,1.0,1.0,0.0,237.0,0.0,30.51285930408472,1.0,1.0,0,2,286.5,normal
67.0,46.0,73.0,54.0,1.0,1.0,1.0,1.0,0.0,237.0,3.0,30.73644578313253,1.0,1.0,0,2,289.5,normal
67.0,47.0,73.0,55.0,1.0,1.0,1.0,1.0,0.0,240.0,2.0,31.00750750750751,1.0,1.0,1,2,292.0,normal
68.0,48.0,74.0,57.0,1.0,1.0,1.0,1.0,0.0,242.0,5.0,31.14456035767511,1.0,0.0,0,2,320.0,normal
67.0,48.0,76.0,57.0,1.0,1.0,1.0,1.0,1.0,247.0,1.0,31.281065088757398,1.0,0.0,0,2,324.3,normal
65.0,45.0,78.0,58.0,1.0,1.0,1.0,1.0,2.0,248.0,-2.0,31.50515463917526,1.0,0.0,0,2,328.6,normal
62.0,45.0,79.0,60.0,1.0,1.0,1.0,1.0,3.0,246.0,0.0,31.63450292397661,1.0,0.0,0,2,333.9,normal
62.0,43.0,79.0,61.0,1.0,1.0,1.0,1.0,4.0,246.0,-1.0,31.899416909620992,1.0,0.0,0,2,335.7,normal
61.0,41.0,80.0,63.0,1.0,1.0,1.0,1.0,5.0,245.0,0.0,32.02315484804631,1.0,0.0,2,2,341.0,normal
60.0,40.0,82.0,64.0,1.0,1.0,1.0,1.0,0.0,245.0,1.0,32.10043041606887,1.0,0.0,0,2,342.0,normal
62.0,41.0,83.0,66.0,1.0,1.0,1.0,1.0,0.0,246.0,6.0,32.184921763869134,1.0,0.0,0,2,349.5,normal
63.0,42.0,84.0,67.0,1.0,1.0,1.0,1.0,0.0,252.0,4.0,32.364922206506364,1.0,0.0,2,2,354.5,normal
63.0,42.0,86.0,67.0,1.0,1.0,1.0,1.0,0.0,256.0,2.0,32.637517630465446,1.0,1.0,0,2,286.5,normal
64.0,42.0,85.0,68.0,1.0,1.0,1.0,1.0,1.0,258.0,1.0,32.77170868347339,1.0,1.0,0,2,289.3,normal
64.0,42.0,85.0,66.0,1.0,1.0,1.0,1.0,2.0,259.0,-2.0,32.99302649930265,1.0,1.0,0,2,289.1,normal
66.0,44.0,86.0,66.0,1.0,1.0,1.0,1.0,3.0,257.0,5.0,33.03591160220994,1.0,1.0,0,2,298.4,normal
67.0,44.0,85.0,65.0,1.0,1.0,1.0,1.0,4.0,262.0,-1.0,33.30440771349862,1.0,1.0,0,2,300.2,normal
69.0,46.0,84.0,65.0,1.0,1.0,1.0,1.0,5.0,261.0,3.0,33.437756497948016,1.0,1.0,1,2,308.5,normal
71.0,47.0,83.0,63.0,1.0,1.0,1.0,1.0,0.0,264.0,0.0,33.56929347826087,1.0,1.0,0,2,309.0,normal
71.0,47.0,85.0,64.0,1.0,1.0,1.0,1.0,0.0,264.0,3.0,33.794316644113664,1.0,1.0,0,2,310.5,normal
72.0,48.0,86.0,65.0,1.0,1.0,1.0,1.0,0.0,267.0,4.0,33.9771197846568,1.0,1.0,1,2,315.5,normal
72.0,48.0,87.0,66.0,1.0,1.0,1.0,1.0,0.0,271.0,2.0,34.25234899328859,1.0,0.0,0,2,366.0,normal
71.0,45.0,88.0,67.0,1.0,1.0,1.0,1.0,1.0,273.0,-2.0,34.52342704149933,1.0,0.0,0,2,368.8,normal
72.0,44.0,88.0,67.0,1.0,1.0,1.0,1.0,2.0,271.0,0.0,34.70039946737683,1.0,0.0,0,2,369.6,normal
70.0,42.0,88.0,67.0,1.0,1.0,1.0,1.0,3.0,271.0,-4.0,35.0093085106383,1.0,0.0,0,2,368.4,normal
69.0,42.0,90.0,67.0,1.0,1.0,1.0,1.0,4.0,267.0,1.0,35.08575197889182,1.0,0.0,0,2,372.7,normal
68.0,41.0,91.0,69.0,1.0,1.0,1.0,1.0,5.0,268.0,1.0,35.2083879423329,1.0,0.0,2,2,378.5,normal
67.0,42.0,91.0,71.0,1.0,1.0,1.0,1.0,0.0,269.0,2.0,35.286085825747726,1.0,0.0,0,2,378.5,normal
67.0,44.0,91.0,72.0,1.0,1.0,1.0,1.0,0.0,271.0,3.0,35.50388601036269,1.0,0.0,0,2,381.5,normal
69.0,44.0,91.0,72.0,1.0,1.0,1.0,1.0,0.0,274.0,2.0,35.7687338501292,1.0,0.0,2,2,382.5,normal
69.0,46.0,91.0,72.0,1.0,1.0,1.0,1.0,0.0,276.0,2.0,36.03479381443299,1.0,1.0,0,2,311.5,normal
69.0,47.0,89.0,72.0,1.0,1.0,1.0,1.0,1.0,278.0,-1.0,36.205128205128204,1.0,1.0,0,2,313.3,normal
70.0,47.0,86.0,71.0,1.0,1.0,1.0,1.0,2.0,277.0,-3.0,36.46291560102302,1.0,1.0,0,2,314.1,normal
72.0,48.0,85.0,71.0,1.0,1.0,1.0,1.0,3.0,274.0,2.0,36.58195679796696,1.0,1.0,0,2,320.4,normal
74.0,50.0,85.0,70.0,1.0,1.0,1.0,1.0,4.0,276.0,3.0,36.65699873896595,1.0,1.0,0,2,328.7,normal
76.0,50.0,85.0,69.0,1.0,1.0,1.0,1.0,5.0,279.0,1.0,36.82434127979925,1.0,1.0,1,2,333.0,normal
76.0,50.0,82.0,67.0,1.0,1.0,1.0,1.0,0.0,280.0,-5.0,37.12280701754386,1.0,1.0,0,2,326.5,normal
78.0,51.0,83.0,67.0,1.0,1.0,1.0,1.0,0.0,275.0,4.0,37.285536159600994,1.0,1.0,0,2,333.0,normal
79.0,53.0,84.0,69.0,1.0,1.0,1.0,1.0,0.0,279.0,6.0,37.36138613861386,1.0,1.0,1,2,340.5,normal
80.0,54.0,86.0,71.0,1.0,1.0,1.0,1.0,0.0,285.0,6.0,37.443488943488944,1.0,0.0,0,2,381.0,normal
80.0,53.0,86.0,73.0,1.0,1.0,1.0,1.0,1.0,291.0,1.0,37.617359413202934,1.0,0.0,0,2,385.3,normal
81.0,53.0,88.0,74.0,1.0,1.0,1.0,1.0,2.0,292.0,4.0,37.702669902912625,1.0,0.0,0,2,392.6,normal
80.0,52.0,90.0,76.0,1.0,1.0,1.0,1.0,3.0,296.0,2.0,37.78915662650602,1.0,0.0,0,2,400.4,normal
79.0,51.0,90.0,76.0,1.0,1.0,1.0,1.0,4.0,298.0,-2.0,38.00840336134454,1.0,0.0,0,2,400.2,normal
78.0,50.0,91.0,76.0,1.0,1.0,1.0,1.0,5.0,296.0,-1.0,38.17921146953405,1.0,0.0,2,2,402.0,normal
78.0,49.0,91.0,77.0,1.0,1.0,1.0,1.0,0.0,295.0,0.0,38.348394768133176,1.0,0.0,0,2,399.5,normal
79.0,50.0,93.0,77.0,1.0,1.0,1.0,1.0,0.0,295.0,4.0,38.5207100591716,1.0,0.0,0,2,404.5,normal
79.0,51.0,94.0,79.0,1.0,1.0,1.0,1.0,0.0,299.0,4.0,38.696113074204945,1.0,0.0,2,2,411.0,normal
80.0,52.0,96.0,80.0,1.0,1.0,1.0,1.0,0.0,303.0,5.0,38.83021077283372,1.0,1.0,0,2,352.0,normal
82.0,52.0,95.0,78.0,1.0,1.0,1.0,1.0,1.0,308.0,-1.0,39.052508751458575,1.0,1.0,0,2,355.3,normal
83.0,52.0,95.0,77.0,1.0,1.0,1.0,1.0,2.0,307.0,0.0,39.22764227642276,1.0,1.0,0,2,357.6,normal
85.0,53.0,95.0,74.0,1.0,1.0,1.0,1.0,3.0,307.0,0.0,39.40115606936416,1.0,1.0,0,2,362.9,normal
86.0,55.0,94.0,75.0,1.0,1.0,1.0,1.0,4.0,307.0,3.0,39.48564867967853,1.0,1.0,0,2,369.7,normal
86.0,56.0,94.0,73.0,1.0,1.0,1.0,1.0,5.0,310.0,-1.0,39.703661327231124,1.0,1.0,1,2,371.5,normal
88.0,57.0,91.0,70.0,1.0,1.0,1.0,1.0,0.0,309.0,-3.0,39.91676168757127,1.0,1.0,0,2,370.5,normal
88.0,59.0,91.0,71.0,1.0,1.0,1.0,1.0,0.0,306.0,3.0,40.13181818181818,1.0,1.0,0,2,375.0,normal
90.0,59.0,93.0,72.0,1.0,1.0,1.0,1.0,0.0,309.0,5.0,40.259887005649716,1.0,1.0,1,2,380.5,normal
90.0,59.0,93.0,73.0,1.0,1.0,1.0,1.0,0.0,314.0,1.0,40.56997742663657,1.0,0.0,0,2,406.5,normal
87.0,59.0,93.0,74.0,1.0,1.0,1.0,1.0,1.0,315.0,-2.0,40.785151856018,1.0,0.0,0,2,407.8,normal
87.0,59.0,94.0,75.0,1.0,1.0,1.0,1.0,2.0,313.0,2.0,40.86368715083799,1.0,0.0,0,2,412.6,normal
85.0,59.0,96.0,75.0,1.0,1.0,1.0,1.0,3.0,315.0,0.0,41.077951002227174,1.0,0.0,0,2,416.4,normal
86.0,59.0,98.0,75.0,1.0,1.0,1.0,1.0,4.0,315.0,3.0,41.1570796460177,1.0,0.0,0,2,421.7,normal
86.0,58.0,100.0,76.0,1.0,1.0,1.0,1.0,5.0,318.0,2.0,41.282728272827285,1.0,0.0,2,2,428.0,normal
85.0,57.0,102.0,78.0,1.0,1.0,1.0,1.0,0.0,320.0,2.0,41.31877729257642,1.0,0.0,0,2,431.0,normal
85.0,58.0,104.0,79.0,1.0,1.0,1.0,1.0,0.0,322.0,4.0,41.493478260869566,1.0,0.0,0,2,437.5,normal
86.0,59.0,106.0,81.0,1.0,1.0,1.0,1.0,0.0,326.0,6.0,41.58315334773218,1.0,0.0,2,2,446.5,normal
87.0,60.0,107.0,81.0,1.0,1.0,1.0,1.0,0.0,332.0,3.0,41.80947255113025,1.0,1.0,0,2,388.0,normal
89.0,60.0,108.0,80.0,1.0,1.0,1.0,1.0,1.0,335.0,2.0,41.94646680942184,1.0,1.0,0,2,392.8,normal
89.0,61.0,107.0,79.0,1.0,1.0,1.0,1.0,2.0,337.0,-1.0,42.12579957356077,1.0,1.0,0,2,394.6,normal
90.0,63.0,107.0,78.0,1.0,1.0,1.0,1.0,3.0,336.0,2.0,42.26086956521739,1.0,1.0,0,2,400.9,normal
90.0,65.0,108.0,77.0,1.0,1.0,1.0,1.0,4.0,338.0,2.0,42.39662447257384,1.0,1.0,0,2,405.7,normal
90.0,67.0,106.0,76.0,1.0,1.0,1.0,1.0,5.0,340.0,-1.0,42.619348054679286,1.0,1.0,1,2,409.0,normal
91.0,69.0,104.0,74.0,1.0,1.0,1.0,1.0,0.0,339.0,-1.0,42.839622641509436,1.0,1.0,0,2,409.0,normal
92.0,71.0,106.0,75.0,1.0,1.0,1.0,1.0,0.0,338.0,6.0,42.93020833333333,1.0,1.0,0,2,416.5,normal
94.0,71.0,107.0,77.0,1.0,1.0,1.0,1.0,0.0,344.0,5.0,43.06943005181347,1.0,1.0,1,2,422.0,normal
96.0,72.0,108.0,79.0,1.0,1.0,1.0,1.0,0.0,349.0,6.0,43.16889804325438,1.0,0.0,0,2,458.0,normal
95.0,72.0,110.0,79.0,1.0,1.0,1.0,1.0,1.0,355.0,1.0,43.3125,1.0,0.0,0,2,462.3,normal
94.0,71.0,112.0,80.0,1.0,1.0,1.0,1.0,2.0,356.0,1.0,43.45565749235474,1.0,0.0,0,2,468.1,normal
91.0,71.0,112.0,82.0,1.0,1.0,1.0,1.0,3.0,357.0,-1.0,43.6849593495935,1.0,0.0,0,2,471.4,normal
91.0,70.0,114.0,83.0,1.0,1.0,1.0,1.0,4.0,356.0,2.0,43.87044534412956,1.0,0.0,0,2,477.7,normal
90.0,68.0,115.0,84.0,1.0,1.0,1.0,1.0,5.0,358.0,-1.0,44.097880928355195,1.0,0.0,2,2,481.0,normal
87.0,65.0,117.0,85.0,1.0,1.0,1.0,1.0,0.0,357.0,-3.0,44.32092555331992,1.0,0.0,0,2,480.0,normal
87.0,65.0,117.0,85.0,1.0,1.0,1.0,1.0,0.0,354.0,0.0,44.67706237424547,1.0,0.0,0,2,480.0,normal
89.0,66.0,119.0,87.0,1.0,1.0,1.0,1.0,0.0,354.0,7.0,44.72527472527472,1.0,0.0,2,2,489.5,normal
89.0,67.0,121.0,87.0,1.0,1.0,1.0,1.0,0.0,361.0,3.0,44.95418326693227,1.0,1.0,0,2,416.0,normal
89.0,68.0,121.0,86.0,1.0,1.0,1.0,1.0,1.0,364.0,0.0,45.13690476190476,1.0,1.0,0,2,418.3,normal
91.0,68.0,119.0,84.0,1.0,1.0,1.0,1.0,2.0,364.0,-2.0,45.316205533596836,1.0,1.0,0,2,421.1,normal
91.0,68.0,117.0,83.0,1.0,1.0,1.0,1.0,3.0,362.0,-3.0,45.58086785009862,1.0,1.0,0,2,420.4,normal
93.0,69.0,117.0,82.0,1.0,1.0,1.0,1.0,4.0,359.0,2.0,45.666666666666664,1.0,1.0,0,2,426.7,normal
93.0,70.0,117.0,80.0,1.0,1.0,1.0,1.0,5.0,361.0,-1.0,45.929549902152644,1.0,1.0,1,2,428.5,normal
95.0,71.0,116.0,79.0,1.0,1.0,1.0,1.0,0.0,360.0,1.0,46.012645914396884,1.0,1.0,0,2,429.5,normal
95.0,73.0,117.0,80.0,1.0,1.0,1.0,1.0,0.0,361.0,4.0,46.18798449612403,1.0,1.0,0,2,434.5,normal
95.0,75.0,119.0,82.0,1.0,1.0,1.0,1.0,0.0,365.0,6.0,46.27842003853564,1.0,1.0,1,2,440.5,normal
95.0,77.0,121.0,83.0,1.0,1.0,1.0,1.0,0.0,371.0,5.0,46.41706615532119,1.0,0.0,0,2,494.0,normal
95.0,74.0,123.0,84.0,1.0,1.0,1.0,1.0,1.0,376.0,0.0,46.598853868194844,1.0,0.0,0,2,499.3,normal
92.0,73.0,124.0,86.0,1.0,1.0,1.0,1.0,2.0,376.0,-1.0,46.73384030418251,1.0,0.0,0,2,504.1,normal
91.0,70.0,126.0,86.0,1.0,1.0,1.0,1.0,3.0,375.0,-2.0,46.910037878787875,1.0,0.0,0,2,506.9,normal
88.0,69.0,127.0,86.0,1.0,1.0,1.0,1.0,4.0,373.0,-3.0,47.1710775047259,1.0,0.0,0,2,507.7,normal
88.0,66.0,127.0,87.0,1.0,1.0,1.0,1.0,5.0,370.0,-2.0,47.38454288407163,1.0,0.0,2,2,509.0,normal
86.0,64.0,127.0,87.0,1.0,1.0,1.0,1.0,0.0,368.0,-4.0,47.68267419962335,1.0,0.0,0,2,503.0,normal
88.0,66.0,128.0,87.0,1.0,1.0,1.0,1.0,0.0,364.0,5.0,47.80506091846298,1.0,0.0,0,2,507.0,normal
89.0,67.0,129.0,89.0,1.0,1.0,1.0,1.0,0.0,369.0,5.0,47.93097014925373,1.0,0.0,2,2,514.0,normal
90.0,67.0,130.0,89.0,1.0,1.0,1.0,1.0,0.0,374.0,2.0,48.191806331471135,1.0,1.0,0,2,423.5,normal
90.0,67.0,129.0,89.0,1.0,1.0,1.0,1.0,1.0,376.0,-1.0,48.360853432282006,1.0,1.0,0,2,423.8,normal
92.0,68.0,128.0,88.0,1.0,1.0,1.0,1.0,2.0,375.0,1.0,48.529574861367834,1.0,1.0,0,2,429.6,normal
94.0,68.0,126.0,86.0,1.0,1.0,1.0,1.0,3.0,376.0,-2.0,48.695211786372006,1.0,1.0,0,2,432.4,normal
96.0,69.0,125.0,85.0,1.0,1.0,1.0,1.0,4.0,374.0,1.0,48.77106227106227,1.0,1.0,0,2,438.2,normal
96.0,71.0,124.0,83.0,1.0,1.0,1.0,1.0,5.0,375.0,-1.0,48.978995433789954,1.0,1.0,1,2,441.5,normal
98.0,72.0,123.0,82.0,1.0,1.0,1.0,1.0,0.0,374.0,1.0,49.097272727272724,1.0,1.0,0,2,442.5,normal
100.0,73.0,125.0,83.0,1.0,1.0,1.0,1.0,0.0,375.0,6.0,49.175406871609404,1.0,1.0,0,2,450.0,normal
102.0,74.0,125.0,83.0,1.0,1.0,1.0,1.0,0.0,381.0,3.0,49.38863841298467,1.0,1.0,1,2,456.0,normal
102.0,74.0,126.0,84.0,1.0,1.0,1.0,1.0,0.0,384.0,2.0,49.64716471647165,1.0,0.0,0,2,508.0,normal
101.0,72.0,126.0,86.0,1.0,1.0,1.0,1.0,1.0,386.0,-1.0,49.903863432165316,1.0,0.0,0,2,511.3,normal
99.0,70.0,128.0,88.0,1.0,1.0,1.0,1.0,2.0,385.0,0.0,49.980339588918675,1.0,0.0,0,2,518.1,normal
99.0,70.0,130.0,90.0,1.0,1.0,1.0,1.0,3.0,385.0,4.0,50.01509769094139,1.0,0.0,0,2,526.9,normal
99.0,68.0,131.0,92.0,1.0,1.0,1.0,1.0,4.0,389.0,1.0,50.13881520778072,1.0,0.0,0,2,532.7,normal
97.0,68.0,132.0,92.0,1.0,1.0,1.0,1.0,5.0,390.0,-1.0,50.34920634920635,1.0,0.0,2,2,534.5,normal
95.0,66.0,132.0,94.0,1.0,1.0,1.0,1.0,0.0,389.0,-2.0,50.556728232189975,1.0,0.0,0,2,532.5,normal
97.0,67.0,132.0,95.0,1.0,1.0,1.0,1.0,0.0,387.0,4.0,50.72217353198948,1.0,0.0,0,2,536.0,normal
98.0,67.0,132.0,96.0,1.0,1.0,1.0,1.0,0.0,391.0,2.0,50.977252843394574,1.0,0.0,2,2,538.5,normal
98.0,69.0,132.0,98.0,1.0,1.0,1.0,1.0,0.0,393.0,4.0,51.14559721011334,1.0,1.0,0,2,449.0,normal
100.0,71.0,130.0,97.0,1.0,1.0,1.0,1.0,1.0,397.0,1.0,51.313640312771504,1.0,1.0,0,2,456.3,normal
100.0,73.0,127.0,96.0,1.0,1.0,1.0,1.0,2.0,398.0,-2.0,51.568083261058106,1.0,1.0,0,2,459.1,normal
102.0,73.0,126.0,94.0,1.0,1.0,1.0,1.0,3.0,396.0,-1.0,51.77595155709343,1.0,1.0,0,2,462.4,normal
102.0,74.0,123.0,92.0,1.0,1.0,1.0,1.0,4.0,395.0,-4.0,52.06914433880726,1.0,1.0,0,2,462.7,normal
102.0,74.0,124.0,91.0,1.0,1.0,1.0,1.0,5.0,391.0,0.0,52.31665228645384,1.0,1.0,0,2,463.5,normal
103.0,74.0,125.0,91.0,1.0,1.0,1.0,1.0,6.0,391.0,2.0,52.47463456577816,1.0,1.0,0,2,466.8,normal
104.0,74.0,123.0,90.0,1.0,1.0,1.0,1.0,7.0,393.0,-2.0,52.67495711835335,1.0,1.0,0,2,468.1,normal
104.0,76.0,121.0,89.0,1.0,1.0,1.0,1.0,8.0,391.0,-1.0,52.873396065012834,1.0,1.0,0,2,471.4,normal
106.0,78.0,118.0,89.0,1.0,1.0,1.0,1.0,9.0,390.0,1.0,52.981260647359456,1.0,1.0,1,2,478.7,normal
108.0,78.0,117.0,89.0,1.0,1.0,1.0,1.0,0.0,391.0,1.0,53.04406779661017,1.0,1.0,0,2,475.0,normal
109.0,80.0,117.0,89.0,1.0,1.0,1.0,1.0,0.0,392.0,3.0,53.243448858833474,1.0,1.0,0,2,481.0,normal
110.0,81.0,118.0,91.0,1.0,1.0,1.0,1.0,0.0,395.0,5.0,53.35606060606061,1.0,1.0,1,2,486.5,normal
110.0,82.0,120.0,92.0,1.0,1.0,1.0,1.0,0.0,400.0,4.0,53.51593959731544,1.0,0.0,0,2,520.0,normal
109.0,81.0,121.0,94.0,1.0,1.0,1.0,1.0,1.0,404.0,1.0,53.72050209205021,1.0,0.0,0,2,525.8,normal
106.0,79.0,123.0,96.0,1.0,1.0,1.0,1.0,2.0,405.0,-1.0,53.833333333333336,1.0,0.0,0,2,532.1,normal
105.0,78.0,124.0,98.0,1.0,1.0,1.0,1.0,3.0,404.0,1.0,53.901326699834165,1.0,0.0,0,2,537.9,normal
105.0,77.0,126.0,99.0,1.0,1.0,1.0,1.0,4.0,405.0,2.0,53.97029702970297,1.0,0.0,0,2,544.2,normal
102.0,78.0,128.0,101.0,1.0,1.0,1.0,1.0,5.0,407.0,2.0,54.04022988505747,1.0,0.0,2,2,552.0,normal
101.0,77.0,128.0,102.0,1.0,1.0,1.0,1.0,0.0,409.0,-1.0,54.24160524160524,1.0,0.0,0,2,549.0,normal
102.0,78.0,130.0,102.0,1.0,1.0,1.0,1.0,0.0,408.0,4.0,54.40081632653061,1.0,0.0,0,2,554.0,normal
103.0,79.0,131.0,104.0,1.0,1.0,1.0,1.0,0.0,412.0,5.0,54.51869918699187,1.0,0.0,2,2,561.0,normal
104.0,80.0,131.0,106.0,1.0,1.0,1.0,1.0,0.0,417.0,4.0,54.68314424635332,1.0,1.0,0,2,486.5,normal
105.0,80.0,130.0,104.0,1.0,1.0,1.0,1.0,1.0,421.0,-2.0,54.97813765182186,1.0,1.0,0,2,487.8,normal
105.0,82.0,131.0,102.0,1.0,1.0,1.0,1.0,2.0,419.0,1.0,55.09516129032258,1.0,1.0,0,2,492.1,normal
105.0,84.0,131.0,101.0,1.0,1.0,1.0,1.0,3.0,420.0,1.0,55.1677367576244,1.0,1.0,0,2,496.4,normal
105.0,85.0,130.0,100.0,1.0,1.0,1.0,1.0,4.0,421.0,-1.0,55.3272,1.0,1.0,0,2,498.2,normal
105.0,86.0,130.0,100.0,1.0,1.0,1.0,1.0,5.0,420.0,1.0,55.48644338118022,1.0,1.0,1,2,501.0,normal
107.0,88.0,127.0,98.0,1.0,1.0,1.0,1.0,0.0,421.0,-1.0,55.64387917329094,1.0,1.0,0,2,502.5,normal
107.0,88.0,128.0,100.0,1.0,1.0,1.0,1.0,0.0,420.0,3.0,55.84694686756542,1.0,1.0,0,2,504.0,normal
108.0,88.0,129.0,102.0,1.0,1.0,1.0,1.0,0.0,423.0,4.0,56.00790513833992,1.0,1.0,1,2,507.5,normal
108.0,89.0,131.0,104.0,1.0,1.0,1.0,1.0,0.0,427.0,5.0,56.12755905511811,1.0,0.0,0,2,568.5,normal
109.0,88.0,133.0,106.0,1.0,1.0,1.0,1.0,1.0,432.0,4.0,56.117370892018776,1.0,0.0,0,2,577.3,normal
110.0,88.0,134.0,106.0,1.0,1.0,1.0,1.0,2.0,436.0,2.0,56.24006235385814,1.0,0.0,0,2,580.6,normal
111.0,88.0,135.0,107.0,1.0,1.0,1.0,1.0,3.0,438.0,3.0,56.36413043478261,1.0,0.0,0,2,585.9,normal
110.0,89.0,137.0,108.0,1.0,1.0,1.0,1.0,4.0,441.0,3.0,56.48955916473318,1.0,0.0,0,2,592.7,normal
109.0,88.0,137.0,108.0,1.0,1.0,1.0,1.0,5.0,444.0,-2.0,56.65612952968389,1.0,0.0,2,2,592.5,normal
107.0,88.0,138.0,109.0,1.0,1.0,1.0,1.0,0.0,442.0,0.0,56.86538461538461,1.0,0.0,0,2,591.5,normal
108.0,89.0,140.0,110.0,1.0,1.0,1.0,1.0,0.0,442.0,5.0,56.990038314176246,1.0,0.0,0,2,598.5,normal
110.0,91.0,140.0,110.0,1.0,1.0,1.0,1.0,0.0,447.0,4.0,57.160427807486634,1.0,0.0,2,2,600.5,normal
110.0,91.0,142.0,110.0,1.0,1.0,1.0,1.0,0.0,451.0,2.0,57.41876430205949,1.0,1.0,0,2,528.0,normal
112.0,91.0,140.0,109.0,1.0,1.0,1.0,1.0,1.0,453.0,-1.0,57.587832699619774,1.0,1.0,0,2,531.3,normal
113.0,93.0,139.0,109.0,1.0,1.0,1.0,1.0,2.0,452.0,2.0,57.71363636363636,1.0,1.0,0,2,537.6,normal
115.0,93.0,139.0,108.0,1.0,1.0,1.0,1.0,3.0,454.0,1.0,57.88293051359516,1.0,1.0,0,2,541.9,normal
117.0,95.0,138.0,106.0,1.0,1.0,1.0,1.0,4.0,455.0,1.0,57.92111194590534,1.0,1.0,0,2,549.2,normal
118.0,95.0,135.0,106.0,1.0,1.0,1.0,1.0,5.0,456.0,-2.0,58.17479369842461,1.0,1.0,1,2,550.5,normal
118.0,95.0,135.0,104.0,1.0,1.0,1.0,1.0,0.0,454.0,-2.0,58.47001499250375,1.0,1.0,0,2,545.5,normal
119.0,96.0,135.0,104.0,1.0,1.0,1.0,1.0,0.0,452.0,2.0,58.72230538922156,1.0,1.0,0,2,549.5,normal
120.0,98.0,136.0,104.0,1.0,1.0,1.0,1.0,0.0,454.0,4.0,58.88880597014926,1.0,1.0,1,2,556.0,normal
120.0,99.0,138.0,106.0,1.0,1.0,1.0,1.0,0.0,458.0,5.0,59.01412639405204,1.0,0.0,0,2,597.5,normal
118.0,100.0,140.0,108.0,1.0,1.0,1.0,1.0,1.0,463.0,3.0,59.09696521095485,1.0,0.0,0,2,605.8,normal
118.0,100.0,140.0,109.0,1.0,1.0,1.0,1.0,2.0,466.0,1.0,59.267158671586714,1.0,0.0,0,2,608.6,normal
115.0,99.0,142.0,110.0,1.0,1.0,1.0,1.0,3.0,467.0,-1.0,59.43561442236939,1.0,0.0,0,2,613.4,normal
116.0,99.0,143.0,111.0,1.0,1.0,1.0,1.0,4.0,466.0,3.0,59.51794871794872,1.0,0.0,0,2,618.7,normal
114.0,97.0,143.0,113.0,1.0,1.0,1.0,1.0,5.0,469.0,-2.0,59.728801169590646,1.0,0.0,2,2,621.5,normal
114.0,95.0,144.0,113.0,1.0,1.0,1.0,1.0,0.0,467.0,-1.0,59.981751824817515,1.0,0.0,0,2,618.5,normal
116.0,96.0,146.0,113.0,1.0,1.0,1.0,1.0,0.0,466.0,5.0,60.10618181818182,1.0,0.0,0,2,624.0,normal
117.0,97.0,148.0,114.0,1.0,1.0,1.0,1.0,0.0,471.0,5.0,60.233333333333334,1.0,0.0,2,2,631.0,normal
117.0,98.0,148.0,114.0,1.0,1.0,1.0,1.0,0.0,476.0,1.0,60.53511947863867,1.0,1.0,0,2,561.0,normal
119.0,100.0,145.0,115.0,1.0,1.0,1.0,1.0,1.0,477.0,2.0,60.61860129776496,1.0,1.0,0,2,568.8,normal
120.0,101.0,146.0,116.0,1.0,1.0,1.0,1.0,2.0,479.0,4.0,60.704235463029434,1.0,1.0,0,2,574.6,normal
120.0,101.0,146.0,113.0,1.0,1.0,1.0,1.0,3.0,483.0,-3.0,61.005021520803446,1.0,1.0,0,2,573.9,normal
120.0,103.0,143.0,111.0,1.0,1.0,1.0,1.0,4.0,480.0,-3.0,61.259312320916905,1.0,1.0,0,2,576.2,normal
121.0,105.0,142.0,109.0,1.0,1.0,1.0,1.0,5.0,477.0,0.0,61.33737517831669,1.0,1.0,1,2,581.5,normal
123.0,107.0,141.0,108.0,1.0,1.0,1.0,1.0,0.0,477.0,2.0,61.372604684173176,1.0,1.0,0,2,584.5,normal
123.0,108.0,141.0,109.0,1.0,1.0,1.0,1.0,0.0,479.0,2.0,61.626506024096386,1.0,1.0,0,2,587.0,normal
124.0,110.0,142.0,110.0,1.0,1.0,1.0,1.0,0.0,481.0,5.0,61.7521186440678,1.0,1.0,1,2,594.0,normal
126.0,110.0,143.0,112.0,1.0,1.0,1.0,1.0,0.0,486.0,5.0,61.88036593947924,1.0,0.0,0,2,628.0,normal
125.0,110.0,144.0,113.0,1.0,1.0,1.0,1.0,1.0,491.0,1.0,62.09550561797753,1.0,0.0,0,2,632.3,normal
125.0,108.0,144.0,115.0,1.0,1.0,1.0,1.0,2.0,492.0,0.0,62.26610644257703,1.0,0.0,0,2,636.1,normal
124.0,107.0,145.0,116.0,1.0,1.0,1.0,1.0,3.0,492.0,0.0,62.348675034867505,1.0,0.0,0,2,639.9,normal
123.0,106.0,146.0,118.0,1.0,1.0,1.0,1.0,4.0,492.0,1.0,62.47463516330785,1.0,0.0,0,2,645.7,normal
123.0,107.0,147.0,120.0,1.0,1.0,1.0,1.0,5.0,493.0,4.0,62.55916955017301,1.0,0.0,2,2,653.0,normal
123.0,104.0,148.0,122.0,1.0,1.0,1.0,1.0,0.0,497.0,0.0,62.729468599033815,1.0,0.0,0,2,653.5,normal
125.0,104.0,148.0,122.0,1.0,1.0,1.0,1.0,0.0,497.0,2.0,62.986905582357,1.0,0.0,0,2,654.5,normal
127.0,105.0,149.0,124.0,1.0,1.0,1.0,1.0,0.0,499.0,6.0,63.074124914207275,1.0,0.0,2,2,662.0,normal
129.0,107.0,149.0,125.0,1.0,1.0,1.0,1.0,0.0,505.0,5.0,63.207250341997266,1.0,1.0,0,2,609.0,normal
130.0,108.0,148.0,123.0,1.0,1.0,1.0,1.0,1.0,510.0,-1.0,63.38199181446112,1.0,1.0,0,2,612.3,normal
132.0,108.0,148.0,124.0,1.0,1.0,1.0,1.0,2.0,509.0,3.0,63.47146739130435,1.0,1.0,0,2,617.6,normal
133.0,108.0,148.0,124.0,1.0,1.0,1.0,1.0,3.0,512.0,1.0,63.603926878808394,1.0,1.0,0,2,620.4,normal
134.0,110.0,149.0,124.0,1.0,1.0,1.0,1.0,4.0,513.0,4.0,63.65229110512129,1.0,1.0,0,2,627.7,normal
134.0,112.0,149.0,122.0,1.0,1.0,1.0,1.0,5.0,517.0,0.0,63.828629032258064,1.0,1.0,1,2,631.5,normal
136.0,114.0,150.0,120.0,1.0,1.0,1.0,1.0,0.0,517.0,3.0,63.877591973244144,1.0,1.0,0,2,635.0,normal
138.0,114.0,151.0,122.0,1.0,1.0,1.0,1.0,0.0,520.0,5.0,64.01466666666667,1.0,1.0,0,2,640.5,normal
139.0,116.0,152.0,122.0,1.0,1.0,1.0,1.0,0.0,525.0,4.0,64.19614361702128,1.0,1.0,1,2,647.0,normal
141.0,118.0,154.0,124.0,1.0,1.0,1.0,1.0,0.0,529.0,8.0,64.21164021164022,1.0,0.0,0,2,685.5,normal
141.0,115.0,156.0,126.0,1.0,1.0,1.0,1.0,1.0,537.0,1.0,64.31225296442688,1.0,0.0,0,2,692.8,normal
141.0,114.0,157.0,127.0,1.0,1.0,1.0,1.0,2.0,538.0,1.0,64.53977646285338,1.0,0.0,0,2,697.1,normal
141.0,114.0,157.0,127.0,1.0,1.0,1.0,1.0,3.0,539.0,0.0,64.80892974392646,1.0,0.0,0,2,697.9,normal
138.0,112.0,157.0,129.0,1.0,1.0,1.0,1.0,4.0,539.0,-3.0,65.03276539973788,1.0,0.0,0,2,700.2,normal
137.0,111.0,159.0,130.0,1.0,1.0,1.0,1.0,5.0,536.0,1.0,65.17112998040497,1.0,0.0,2,2,706.0,normal
138.0,109.0,159.0,130.0,1.0,1.0,1.0,1.0,0.0,537.0,-1.0,65.39308996088657,1.0,0.0,0,2,701.5,normal
140.0,109.0,161.0,131.0,1.0,1.0,1.0,1.0,0.0,536.0,5.0,65.53216374269006,1.0,0.0,0,2,708.5,normal
140.0,110.0,162.0,133.0,1.0,1.0,1.0,1.0,0.0,541.0,4.0,65.71548930654569,1.0,0.0,2,2,715.0,normal
142.0,110.0,163.0,135.0,1.0,1.0,1.0,1.0,0.0,545.0,5.0,65.85852713178295,1.0,1.0,0,2,653.0,normal
143.0,112.0,161.0,134.0,1.0,1.0,1.0,1.0,1.0,550.0,0.0,66.04317010309278,1.0,1.0,0,2,658.3,normal
144.0,113.0,158.0,132.0,1.0,1.0,1.0,1.0,2.0,550.0,-3.0,66.26752411575562,1.0,1.0,0,2,660.6,normal
145.0,114.0,156.0,130.0,1.0,1.0,1.0,1.0,3.0,547.0,-2.0,66.44708146247595,1.0,1.0,0,2,663.4,normal
146.0,114.0,155.0,130.0,1.0,1.0,1.0,1.0,4.0,545.0,0.0,66.66837387964148,1.0,1.0,0,2,665.7,normal
146.0,116.0,153.0,130.0,1.0,1.0,1.0,1.0,5.0,545.0,0.0,66.84610472541507,1.0,1.0,1,2,669.5,normal
148.0,118.0,152.0,130.0,1.0,1.0,1.0,1.0,0.0,545.0,3.0,66.98217695735201,1.0,1.0,0,2,673.0,normal
149.0,119.0,154.0,130.0,1.0,1.0,1.0,1.0,0.0,548.0,4.0,67.16253968253969,1.0,1.0,0,2,678.0,normal
150.0,119.0,154.0,131.0,1.0,1.0,1.0,1.0,0.0,552.0,2.0,67.428662016487,1.0,1.0,1,2,680.5,normal
151.0,119.0,155.0,131.0,1.0,1.0,1.0,1.0,0.0,554.0,2.0,67.69537682077264,1.0,0.0,0,2,707.0,normal
150.0,120.0,156.0,131.0,1.0,1.0,1.0,1.0,1.0,556.0,1.0,67.87618445988629,1.0,0.0,0,2,709.8,normal
150.0,117.0,156.0,132.0,1.0,1.0,1.0,1.0,2.0,557.0,-2.0,68.14069400630915,1.0,0.0,0,2,711.1,normal
151.0,116.0,156.0,132.0,1.0,1.0,1.0,1.0,3.0,555.0,0.0,68.36146095717883,1.0,0.0,0,2,711.9,normal
150.0,116.0,156.0,134.0,1.0,1.0,1.0,1.0,4.0,555.0,1.0,68.49591964846202,1.0,0.0,0,2,716.2,normal
150.0,115.0,156.0,134.0,1.0,1.0,1.0,1.0,5.0,556.0,-1.0,68.75799373040752,1.0,0.0,2,2,716.5,normal
147.0,115.0,158.0,136.0,1.0,1.0,1.0,1.0,0.0,555.0,1.0,68.8475952529669,1.0,0.0,0,2,719.0,normal
147.0,116.0,158.0,137.0,1.0,1.0,1.0,1.0,0.0,556.0,2.0,69.109794135995,1.0,0.0,0,2,721.5,normal
147.0,116.0,158.0,138.0,1.0,1.0,1.0,1.0,0.0,558.0,1.0,69.41521197007481,1.0,0.0,2,2,723.5,normal
149.0,118.0,159.0,138.0,1.0,1.0,1.0,1.0,0.0,559.0,5.0,69.55003107520199,1.0,1.0,0,2,682.5,normal
149.0,119.0,160.0,137.0,1.0,1.0,1.0,1.0,1.0,564.0,1.0,69.68463444857497,1.0,1.0,0,2,685.3,normal
151.0,121.0,159.0,137.0,1.0,1.0,1.0,1.0,2.0,565.0,3.0,69.77716049382715,1.0,1.0,0,2,693.6,normal
152.0,121.0,160.0,135.0,1.0,1.0,1.0,1.0,3.0,568.0,0.0,69.95504926108374,1.0,1.0,0,2,695.9,normal
153.0,121.0,161.0,134.0,1.0,1.0,1.0,1.0,4.0,568.0,1.0,70.08962553713936,1.0,1.0,0,2,698.7,normal
154.0,121.0,160.0,133.0,1.0,1.0,1.0,1.0,5.0,569.0,-1.0,70.22276621787026,1.0,1.0,1,2,700.5,normal
156.0,121.0,160.0,131.0,1.0,1.0,1.0,1.0,0.0,568.0,0.0,70.3980463980464,1.0,1.0,0,2,699.5,normal
157.0,122.0,161.0,133.0,1.0,1.0,1.0,1.0,0.0,568.0,5.0,70.53256238587949,1.0,1.0,0,2,705.0,normal
157.0,123.0,161.0,134.0,1.0,1.0,1.0,1.0,0.0,573.0,2.0,70.79635258358662,1.0,1.0,1,2,707.5,normal
157.0,125.0,163.0,136.0,1.0,1.0,1.0,1.0,0.0,575.0,6.0,70.89097516656572,1.0,0.0,0,2,739.0,normal
156.0,126.0,165.0,137.0,1.0,1.0,1.0,1.0,1.0,581.0,3.0,71.02958937198068,1.0,0.0,0,2,745.8,normal
156.0,125.0,166.0,139.0,1.0,1.0,1.0,1.0,2.0,584.0,2.0,71.12575210589651,1.0,0.0,0,2,752.1,normal
156.0,126.0,167.0,141.0,1.0,1.0,1.0,1.0,3.0,586.0,4.0,71.22362110311751,1.0,0.0,0,2,759.4,normal
154.0,127.0,168.0,141.0,1.0,1.0,1.0,1.0,4.0,590.0,0.0,71.44883303411132,1.0,0.0,0,2,761.7,normal
152.0,124.0,168.0,142.0,1.0,1.0,1.0,1.0,5.0,590.0,-4.0,71.75657894736842,1.0,0.0,2,2,762.0,normal
152.0,123.0,169.0,143.0,1.0,1.0,1.0,1.0,0.0,586.0,1.0,71.89266547406082,1.0,0.0,0,2,761.5,normal
152.0,124.0,170.0,143.0,1.0,1.0,1.0,1.0,0.0,587.0,2.0,72.15783204288267,1.0,0.0,0,2,764.0,normal
154.0,125.0,171.0,143.0,1.0,1.0,1.0,1.0,0.0,589.0,4.0,72.33868092691623,1.0,0.0,2,2,767.5,normal
155.0,126.0,172.0,145.0,1.0,1.0,1.0,1.0,0.0,593.0,5.0,72.47867298578198,1.0,1.0,0,2,720.5,normal
156.0,127.0,171.0,142.0,1.0,1.0,1.0,1.0,1.0,598.0,-2.0,72.70254287403903,1.0,1.0,0,2,723.3,normal
157.0,128.0,172.0,140.0,1.0,1.0,1.0,1.0,2.0,596.0,1.0,72.84021226415095,1.0,1.0,0,2,727.6,normal
158.0,128.0,172.0,139.0,1.0,1.0,1.0,1.0,3.0,597.0,0.0,73.02,1.0,1.0,0,2,729.9,normal
159.0,129.0,170.0,136.0,1.0,1.0,1.0,1.0,4.0,597.0,-3.0,73.28319623971798,1.0,1.0,0,2,732.2,normal
160.0,130.0,168.0,136.0,1.0,1.0,1.0,1.0,5.0,594.0,0.0,73.41652021089631,1.0,1.0,1,2,736.0,normal
160.0,132.0,167.0,136.0,1.0,1.0,1.0,1.0,0.0,594.0,1.0,73.59263588544711,1.0,1.0,0,2,735.5,normal
162.0,133.0,169.0,137.0,1.0,1.0,1.0,1.0,0.0,595.0,6.0,73.68549796156086,1.0,1.0,0,2,743.0,normal
163.0,135.0,169.0,137.0,1.0,1.0,1.0,1.0,0.0,601.0,3.0,73.90813953488372,1.0,1.0,1,2,749.0,normal
165.0,137.0,170.0,138.0,1.0,1.0,1.0,1.0,0.0,604.0,6.0,74.00463499420626,1.0,0.0,0,2,767.0,normal
166.0,138.0,172.0,138.0,1.0,1.0,1.0,1.0,1.0,610.0,4.0,74.10277136258661,1.0,0.0,0,2,772.8,normal
167.0,139.0,173.0,138.0,1.0,1.0,1.0,1.0,2.0,614.0,3.0,74.24467472654001,1.0,0.0,0,2,776.6,normal
165.0,138.0,174.0,139.0,1.0,1.0,1.0,1.0,3.0,617.0,-1.0,74.42791499138426,1.0,0.0,0,2,779.9,normal
163.0,138.0,174.0,141.0,1.0,1.0,1.0,1.0,4.0,616.0,0.0,74.61031518624642,1.0,0.0,0,2,783.7,normal
163.0,136.0,174.0,143.0,1.0,1.0,1.0,1.0,5.0,616.0,0.0,74.79188107489995,1.0,0.0,2,2,787.5,normal
162.0,136.0,175.0,145.0,1.0,1.0,1.0,1.0,0.0,616.0,2.0,74.93101482326112,1.0,0.0,0,2,789.0,normal
162.0,136.0,177.0,145.0,1.0,1.0,1.0,1.0,0.0,618.0,2.0,75.19874715261959,1.0,0.0,0,2,793.0,normal
163.0,138.0,178.0,147.0,1.0,1.0,1.0,1.0,0.0,620.0,6.0,75.29795686719636,1.0,0.0,2,2,800.5,normal
163.0,139.0,179.0,149.0,1.0,1.0,1.0,1.0,0.0,626.0,4.0,75.4841449603624,1.0,1.0,0,2,768.0,normal
164.0,139.0,178.0,148.0,1.0,1.0,1.0,1.0,1.0,630.0,-1.0,75.66892655367232,1.0,1.0,0,2,769.8,normal
164.0,139.0,176.0,147.0,1.0,1.0,1.0,1.0,2.0,629.0,-3.0,76.0225988700565,1.0,1.0,0,2,769.1,normal
166.0,140.0,174.0,146.0,1.0,1.0,1.0,1.0,3.0,626.0,0.0,76.16112676056338,1.0,1.0,0,2,774.4,normal
167.0,142.0,171.0,146.0,1.0,1.0,1.0,1.0,4.0,626.0,0.0,76.29887640449438,1.0,1.0,0,2,779.7,normal
168.0,142.0,170.0,145.0,1.0,1.0,1.0,1.0,5.0,626.0,-1.0,76.43529411764706,1.0,1.0,1,2,781.5,normal
168.0,143.0,171.0,144.0,1.0,1.0,1.0,1.0,0.0,625.0,1.0,76.65715883668904,1.0,1.0,0,2,779.5,normal
168.0,143.0,172.0,144.0,1.0,1.0,1.0,1.0,0.0,626.0,1.0,76.9647847959754,1.0,1.0,0,2,780.0,normal
169.0,145.0,174.0,145.0,1.0,1.0,1.0,1.0,0.0,627.0,6.0,77.06016713091923,1.0,1.0,1,2,787.5,normal
170.0,147.0,174.0,147.0,1.0,1.0,1.0,1.0,0.0,633.0,5.0,77.20055555555555,1.0,0.0,0,2,800.5,normal
167.0,144.0,175.0,148.0,1.0,1.0,1.0,1.0,1.0,638.0,-4.0,77.46670366259711,1.0,0.0,0,2,802.3,normal
165.0,145.0,176.0,149.0,1.0,1.0,1.0,1.0,2.0,634.0,1.0,77.60376314333149,1.0,0.0,0,2,806.6,normal
163.0,144.0,178.0,149.0,1.0,1.0,1.0,1.0,3.0,635.0,-1.0,77.82541436464088,1.0,0.0,0,2,809.9,normal
162.0,143.0,179.0,149.0,1.0,1.0,1.0,1.0,4.0,634.0,-1.0,77.95977961432507,1.0,0.0,0,2,811.7,normal
161.0,142.0,179.0,150.0,1.0,1.0,1.0,1.0,5.0,633.0,-1.0,78.17876787678767,1.0,0.0,2,2,813.5,normal
160.0,143.0,179.0,151.0,1.0,1.0,1.0,1.0,0.0,632.0,1.0,78.39758374519495,1.0,0.0,0,2,811.5,normal
161.0,145.0,179.0,152.0,1.0,1.0,1.0,1.0,0.0,633.0,4.0,78.57479452054794,1.0,0.0,0,2,815.0,normal
163.0,146.0,179.0,153.0,1.0,1.0,1.0,1.0,0.0,637.0,4.0,78.75341716785128,1.0,0.0,2,2,818.5,normal
163.0,148.0,181.0,154.0,1.0,1.0,1.0,1.0,0.0,641.0,5.0,78.89094874591058,1.0,1.0,0,2,789.5,normal
163.0,150.0,179.0,155.0,1.0,1.0,1.0,1.0,1.0,646.0,1.0,79.02827623708538,1.0,1.0,0,2,793.8,normal
165.0,152.0,176.0,156.0,1.0,1.0,1.0,1.0,2.0,647.0,2.0,79.1230352303523,1.0,1.0,0,2,801.6,normal
165.0,154.0,175.0,156.0,1.0,1.0,1.0,1.0,3.0,649.0,1.0,79.21772015126959,1.0,1.0,0,2,805.9,normal
167.0,154.0,174.0,153.0,1.0,1.0,1.0,1.0,4.0,650.0,-2.0,79.48192120885051,1.0,1.0,0,2,808.7,normal
169.0,155.0,173.0,151.0,1.0,1.0,1.0,1.0,5.0,648.0,0.0,79.61679224973089,1.0,1.0,1,2,814.0,normal
171.0,157.0,170.0,149.0,1.0,1.0,1.0,1.0,0.0,648.0,-1.0,79.75040257648953,1.0,1.0,0,2,815.5,normal
172.0,159.0,171.0,150.0,1.0,1.0,1.0,1.0,0.0,647.0,5.0,79.88597430406853,1.0,1.0,0,2,822.5,normal
172.0,161.0,172.0,151.0,1.0,1.0,1.0,1.0,0.0,652.0,4.0,80.06570512820512,1.0,1.0,1,2,827.5,normal
173.0,161.0,174.0,151.0,1.0,1.0,1.0,1.0,0.0,656.0,3.0,80.28906666666667,1.0,0.0,0,2,817.0,normal
171.0,161.0,175.0,152.0,1.0,1.0,1.0,1.0,1.0,659.0,0.0,80.51171458998935,1.0,0.0,0,2,820.8,normal
169.0,161.0,175.0,153.0,1.0,1.0,1.0,1.0,2.0,659.0,-1.0,80.69022316684378,1.0,0.0,0,2,822.6,normal
169.0,159.0,176.0,153.0,1.0,1.0,1.0,1.0,3.0,658.0,-1.0,80.86744432661717,1.0,0.0,0,2,824.4,normal
169.0,158.0,177.0,153.0,1.0,1.0,1.0,1.0,4.0,657.0,0.0,81.08681842244575,1.0,0.0,0,2,826.7,normal
169.0,158.0,177.0,153.0,1.0,1.0,1.0,1.0,5.0,657.0,0.0,81.34849286092015,1.0,0.0,0,2,827.5,normal
169.0,158.0,179.0,154.0,1.0,1.0,1.0,1.0,6.0,657.0,3.0,81.48206751054852,1.0,0.0,2,2,834.3,normal
169.0,159.0,181.0,155.0,1.0,1.0,1.0,1.0,0.0,660.0,4.0,81.57413249211356,1.0,0.0,0,2,836.0,normal
170.0,161.0,182.0,156.0,1.0,1.0,1.0,1.0,0.0,664.0,5.0,81.71106449921342,1.0,0.0,0,2,841.5,normal
171.0,162.0,182.0,156.0,1.0,1.0,1.0,1.0,0.0,669.0,2.0,81.97695128339444,1.0,0.0,2,2,842.5,normal
172.0,164.0,183.0,156.0,1.0,1.0,1.0,1.0,0.0,671.0,4.0,82.15838996340825,1.0,1.0,0,2,841.5,normal
172.0,166.0,183.0,154.0,1.0,1.0,1.0,1.0,1.0,675.0,0.0,82.38204592901879,1.0,1.0,0,2,845.3,normal
173.0,168.0,183.0,154.0,1.0,1.0,1.0,1.0,2.0,675.0,3.0,82.43473738949558,1.0,1.0,0,2,852.1,normal
175.0,168.0,182.0,153.0,1.0,1.0,1.0,1.0,3.0,678.0,0.0,82.65835929387332,1.0,1.0,0,2,855.9,normal
177.0,169.0,182.0,152.0,1.0,1.0,1.0,1.0,4.0,678.0,2.0,82.7964785085448,1.0,1.0,0,2,862.2,normal
177.0,171.0,182.0,149.0,1.0,1.0,1.0,1.0,5.0,680.0,-1.0,82.97622739018088,1.0,1.0,1,2,865.5,normal
178.0,171.0,181.0,148.0,1.0,1.0,1.0,1.0,0.0,679.0,-1.0,83.1547189272821,1.0,1.0,0,2,862.5,normal
179.0,173.0,183.0,150.0,1.0,1.0,1.0,1.0,0.0,678.0,7.0,83.207605344296,1.0,1.0,0,2,870.5,normal
179.0,173.0,183.0,151.0,1.0,1.0,1.0,1.0,0.0,685.0,1.0,83.51720595788393,1.0,1.0,1,2,871.0,normal
180.0,174.0,185.0,152.0,1.0,1.0,1.0,1.0,0.0,686.0,5.0,83.65727459016394,1.0,0.0,0,2,851.0,normal
178.0,171.0,187.0,154.0,1.0,1.0,1.0,1.0,1.0,691.0,-1.0,83.83895705521472,1.0,0.0,0,2,857.3,normal
175.0,169.0,187.0,154.0,1.0,1.0,1.0,1.0,2.0,690.0,-5.0,84.18916155419222,1.0,0.0,0,2,855.6,normal
173.0,168.0,188.0,154.0,1.0,1.0,1.0,1.0,3.0,685.0,-2.0,84.3658163265306,1.0,0.0,0,2,856.9,normal
172.0,167.0,190.0,155.0,1.0,1.0,1.0,1.0,4.0,683.0,1.0,84.54226069246435,1.0,0.0,0,2,862.7,normal
172.0,166.0,191.0,157.0,1.0,1.0,1.0,1.0,5.0,684.0,2.0,84.59005580923389,1.0,0.0,2,2,869.0,normal
171.0,166.0,192.0,159.0,1.0,1.0,1.0,1.0,0.0,686.0,2.0,84.63852376137513,1.0,0.0,0,2,870.5,normal
172.0,166.0,193.0,160.0,1.0,1.0,1.0,1.0,0.0,688.0,3.0,84.85916203937406,1.0,0.0,0,2,875.0,normal
174.0,166.0,194.0,162.0,1.0,1.0,1.0,1.0,0.0,691.0,5.0,84.99597180261833,1.0,0.0,2,2,882.0,normal
175.0,168.0,196.0,164.0,1.0,1.0,1.0,1.0,0.0,696.0,7.0,85.05017561465128,1.0,1.0,0,2,866.0,normal
175.0,170.0,194.0,162.0,1.0,1.0,1.0,1.0,1.0,703.0,-2.0,85.23084626940411,1.0,1.0,0,2,868.8,normal
177.0,170.0,193.0,160.0,1.0,1.0,1.0,1.0,2.0,701.0,-1.0,85.41029485257371,1.0,1.0,0,2,872.1,normal
177.0,172.0,192.0,160.0,1.0,1.0,1.0,1.0,3.0,700.0,1.0,85.50423517688091,1.0,1.0,0,2,876.4,normal
177.0,174.0,189.0,157.0,1.0,1.0,1.0,1.0,4.0,701.0,-4.0,85.76605276256844,1.0,1.0,0,2,878.2,normal
177.0,174.0,187.0,156.0,1.0,1.0,1.0,1.0,5.0,697.0,-3.0,86.0686567164179,1.0,1.0,1,2,877.5,normal
177.0,175.0,187.0,153.0,1.0,1.0,1.0,1.0,0.0,694.0,-2.0,86.28415300546447,1.0,1.0,0,2,874.0,normal
179.0,176.0,189.0,155.0,1.0,1.0,1.0,1.0,0.0,692.0,7.0,86.33118811881188,1.0,1.0,0,2,882.0,normal
179.0,178.0,189.0,157.0,1.0,1.0,1.0,1.0,0.0,699.0,4.0,86.50790513833992,1.0,1.0,1,2,887.0,normal
179.0,180.0,190.0,159.0,1.0,1.0,1.0,1.0,0.0,703.0,5.0,86.6436668309512,1.0,0.0,0,2,877.5,normal
179.0,180.0,191.0,160.0,1.0,1.0,1.0,1.0,1.0,708.0,2.0,86.77974434611603,1.0,0.0,0,2,882.3,normal
178.0,178.0,193.0,161.0,1.0,1.0,1.0,1.0,2.0,710.0,0.0,86.87254901960785,1.0,0.0,0,2,887.6,normal
177.0,178.0,195.0,162.0,1.0,1.0,1.0,1.0,3.0,710.0,2.0,86.92330239374695,1.0,0.0,0,2,893.9,normal
175.0,177.0,196.0,164.0,1.0,1.0,1.0,1.0,4.0,712.0,0.0,87.14341463414634,1.0,0.0,0,2,899.2,normal
173.0,175.0,198.0,164.0,1.0,1.0,1.0,1.0,5.0,712.0,-2.0,87.31937682570594,1.0,0.0,2,2,902.0,normal
171.0,173.0,199.0,165.0,1.0,1.0,1.0,1.0,0.0,710.0,-2.0,87.49368318756073,1.0,0.0,0,2,900.0,normal
172.0,174.0,199.0,167.0,1.0,1.0,1.0,1.0,0.0,708.0,4.0,87.66925315227934,1.0,0.0,0,2,905.0,normal
174.0,176.0,200.0,168.0,1.0,1.0,1.0,1.0,0.0,712.0,6.0,87.76208897485493,1.0,0.0,2,2,911.0,normal
175.0,176.0,201.0,168.0,1.0,1.0,1.0,1.0,0.0,718.0,2.0,88.02512077294686,1.0,1.0,0,2,886.5,normal
176.0,178.0,199.0,166.0,1.0,1.0,1.0,1.0,1.0,720.0,-1.0,88.202025072324,1.0,1.0,0,2,891.3,normal
177.0,180.0,199.0,163.0,1.0,1.0,1.0,1.0,2.0,719.0,0.0,88.37824831568817,1.0,1.0,0,2,896.6,normal
178.0,182.0,200.0,163.0,1.0,1.0,1.0,1.0,3.0,719.0,4.0,88.47072936660268,1.0,1.0,0,2,903.9,normal
180.0,184.0,201.0,162.0,1.0,1.0,1.0,1.0,4.0,723.0,4.0,88.56459330143541,1.0,1.0,0,2,912.7,normal
182.0,186.0,200.0,163.0,1.0,1.0,1.0,1.0,5.0,727.0,4.0,88.6598282442748,1.0,1.0,1,2,921.5,normal
182.0,187.0,199.0,164.0,1.0,1.0,1.0,1.0,0.0,731.0,1.0,88.83952380952381,1.0,1.0,0,2,919.5,normal
184.0,187.0,199.0,166.0,1.0,1.0,1.0,1.0,0.0,732.0,4.0,89.02043726235742,1.0,1.0,0,2,924.5,normal
184.0,188.0,201.0,167.0,1.0,1.0,1.0,1.0,0.0,736.0,4.0,89.20256166982922,1.0,1.0,1,2,928.0,normal
185.0,190.0,201.0,168.0,1.0,1.0,1.0,1.0,0.0,740.0,4.0,89.38589015151516,1.0,0.0,0,2,925.5,normal
185.0,188.0,203.0,168.0,1.0,1.0,1.0,1.0,1.0,744.0,0.0,89.56852551984878,1.0,0.0,0,2,929.3,normal
184.0,187.0,205.0,170.0,1.0,1.0,1.0,1.0,2.0,744.0,2.0,89.66682375117813,1.0,0.0,0,2,937.1,normal
182.0,186.0,205.0,170.0,1.0,1.0,1.0,1.0,3.0,746.0,-3.0,89.97456429580782,1.0,0.0,0,2,936.4,normal
181.0,186.0,206.0,170.0,1.0,1.0,1.0,1.0,4.0,743.0,0.0,90.19708372530575,1.0,0.0,0,2,938.7,normal
181.0,186.0,206.0,171.0,1.0,1.0,1.0,1.0,5.0,743.0,1.0,90.33458470201784,1.0,0.0,2,2,941.5,normal
182.0,185.0,208.0,172.0,1.0,1.0,1.0,1.0,0.0,744.0,3.0,90.38821328344247,1.0,0.0,0,2,943.5,normal
183.0,186.0,208.0,172.0,1.0,1.0,1.0,1.0,0.0,747.0,2.0,90.653738317757,1.0,0.0,0,2,944.5,normal
184.0,186.0,210.0,173.0,1.0,1.0,1.0,1.0,0.0,749.0,4.0,90.83582089552239,1.0,0.0,2,2,951.0,normal
186.0,187.0,212.0,173.0,1.0,1.0,1.0,1.0,0.0,753.0,5.0,90.9771986970684,1.0,1.0,0,2,938.5,normal
186.0,189.0,210.0,171.0,1.0,1.0,1.0,1.0,1.0,758.0,-2.0,91.15931258708778,1.0,1.0,0,2,941.3,normal
186.0,189.0,210.0,171.0,1.0,1.0,1.0,1.0,2.0,756.0,0.0,91.34075104311543,1.0,1.0,0,2,942.1,normal
188.0,190.0,207.0,171.0,1.0,1.0,1.0,1.0,3.0,756.0,0.0,91.521517815826,1.0,1.0,0,2,947.4,normal
188.0,190.0,207.0,171.0,1.0,1.0,1.0,1.0,4.0,756.0,0.0,91.7864077669903,1.0,1.0,0,2,948.2,normal
189.0,191.0,205.0,170.0,1.0,1.0,1.0,1.0,5.0,756.0,-1.0,92.0078485687904,1.0,1.0,1,2,951.5,normal
190.0,193.0,206.0,170.0,1.0,1.0,1.0,1.0,0.0,755.0,4.0,92.0607455131155,1.0,1.0,0,2,954.0,normal
192.0,194.0,208.0,170.0,1.0,1.0,1.0,1.0,0.0,759.0,5.0,92.20018365472912,1.0,1.0,0,2,961.0,normal
192.0,196.0,208.0,171.0,1.0,1.0,1.0,1.0,0.0,764.0,3.0,92.42503438789547,1.0,1.0,1,2,965.5,normal
193.0,196.0,209.0,173.0,1.0,1.0,1.0,1.0,0.0,767.0,4.0,92.6086956521739,1.0,0.0,0,2,958.5,normal
194.0,195.0,210.0,175.0,1.0,1.0,1.0,1.0,1.0,771.0,3.0,92.66605839416059,1.0,0.0,0,2,965.3,normal
194.0,195.0,212.0,175.0,1.0,1.0,1.0,1.0,2.0,774.0,2.0,92.85063752276866,1.0,0.0,0,2,970.1,normal
192.0,193.0,213.0,177.0,1.0,1.0,1.0,1.0,3.0,776.0,-1.0,93.0340909090909,1.0,0.0,0,2,974.9,normal
190.0,192.0,215.0,178.0,1.0,1.0,1.0,1.0,4.0,775.0,0.0,93.13236627379874,1.0,0.0,0,2,980.2,normal
189.0,189.0,217.0,180.0,1.0,1.0,1.0,1.0,5.0,775.0,0.0,93.31447963800905,1.0,0.0,2,2,987.0,normal
189.0,188.0,219.0,181.0,1.0,1.0,1.0,1.0,0.0,775.0,2.0,93.41245487364621,1.0,0.0,0,2,988.5,normal
189.0,188.0,221.0,183.0,1.0,1.0,1.0,1.0,0.0,777.0,4.0,93.59594594594594,1.0,0.0,0,2,996.5,normal
189.0,190.0,223.0,183.0,1.0,1.0,1.0,1.0,0.0,781.0,4.0,93.78057553956835,1.0,0.0,2,2,1001.5,normal
189.0,191.0,225.0,184.0,1.0,1.0,1.0,1.0,0.0,785.0,4.0,93.96633752244165,1.0,1.0,0,2,964.5,normal
189.0,193.0,222.0,184.0,1.0,1.0,1.0,1.0,1.0,789.0,-1.0,94.15098566308244,1.0,1.0,0,2,967.8,normal
189.0,195.0,221.0,183.0,1.0,1.0,1.0,1.0,2.0,788.0,0.0,94.37718120805368,1.0,1.0,0,2,971.6,normal
191.0,196.0,221.0,182.0,1.0,1.0,1.0,1.0,3.0,788.0,2.0,94.47701918786257,1.0,1.0,0,2,977.9,normal
192.0,198.0,221.0,182.0,1.0,1.0,1.0,1.0,4.0,790.0,3.0,94.57765910102358,1.0,1.0,0,2,984.7,normal
193.0,198.0,220.0,181.0,1.0,1.0,1.0,1.0,5.0,793.0,-1.0,94.80355555555556,1.0,1.0,1,2,986.5,normal
193.0,199.0,220.0,180.0,1.0,1.0,1.0,1.0,0.0,792.0,0.0,94.98669032830523,1.0,1.0,0,2,984.0,normal
193.0,199.0,221.0,180.0,1.0,1.0,1.0,1.0,0.0,792.0,1.0,95.29623059866962,1.0,1.0,0,2,984.5,normal
194.0,200.0,221.0,180.0,1.0,1.0,1.0,1.0,0.0,793.0,2.0,95.56402303943288,1.0,1.0,1,2,988.5,normal
196.0,202.0,223.0,181.0,1.0,1.0,1.0,1.0,0.0,795.0,7.0,95.62279151943463,1.0,0.0,0,2,1007.0,normal
195.0,202.0,224.0,182.0,1.0,1.0,1.0,1.0,1.0,802.0,1.0,95.80820105820106,1.0,0.0,0,2,1011.3,normal
194.0,202.0,226.0,182.0,1.0,1.0,1.0,1.0,2.0,803.0,1.0,95.9089709762533,1.0,0.0,0,2,1015.6,normal
191.0,201.0,228.0,183.0,1.0,1.0,1.0,1.0,3.0,804.0,-1.0,96.13526570048309,1.0,0.0,0,2,1020.4,normal
191.0,199.0,228.0,183.0,1.0,1.0,1.0,1.0,4.0,803.0,-2.0,96.4023694602896,1.0,0.0,0,2,1020.2,normal
190.0,199.0,230.0,184.0,1.0,1.0,1.0,1.0,5.0,801.0,2.0,96.45844269466316,1.0,0.0,2,2,1026.5,normal
189.0,197.0,231.0,185.0,1.0,1.0,1.0,1.0,0.0,803.0,-1.0,96.72465034965035,1.0,0.0,0,2,1025.0,normal
189.0,199.0,231.0,185.0,1.0,1.0,1.0,1.0,0.0,802.0,2.0,96.99126637554585,1.0,0.0,0,2,1026.0,normal
191.0,200.0,233.0,185.0,1.0,1.0,1.0,1.0,0.0,804.0,5.0,97.13246187363835,1.0,0.0,2,2,1031.5,normal
191.0,200.0,233.0,185.0,1.0,1.0,1.0,1.0,0.0,809.0,0.0,97.48496732026143,1.0,1.0,0,2,991.0,normal
193.0,200.0,231.0,184.0,1.0,1.0,1.0,1.0,1.0,809.0,-1.0,97.62434782608696,1.0,1.0,0,2,994.3,normal
193.0,200.0,231.0,182.0,1.0,1.0,1.0,1.0,2.0,808.0,-2.0,97.88966116420504,1.0,1.0,0,2,994.1,normal
193.0,202.0,230.0,179.0,1.0,1.0,1.0,1.0,3.0,806.0,-2.0,98.15364583333333,1.0,1.0,0,2,996.9,normal
194.0,202.0,230.0,178.0,1.0,1.0,1.0,1.0,4.0,804.0,0.0,98.28930272845388,1.0,1.0,0,2,999.2,normal
196.0,204.0,229.0,177.0,1.0,1.0,1.0,1.0,5.0,804.0,2.0,98.42523768366465,1.0,1.0,1,2,1007.0,normal
198.0,206.0,227.0,176.0,1.0,1.0,1.0,1.0,0.0,806.0,1.0,98.5610176800345,1.0,1.0,0,2,1009.5,normal
198.0,208.0,229.0,178.0,1.0,1.0,1.0,1.0,0.0,807.0,6.0,98.6563440860215,1.0,1.0,0,2,1015.5,normal
198.0,210.0,231.0,179.0,1.0,1.0,1.0,1.0,0.0,813.0,5.0,98.79570815450644,1.0,1.0,1,2,1021.0,normal
200.0,211.0,231.0,180.0,1.0,1.0,1.0,1.0,0.0,818.0,4.0,98.97857754927163,1.0,0.0,0,2,1027.5,normal
200.0,210.0,232.0,182.0,1.0,1.0,1.0,1.0,1.0,822.0,2.0,99.03460059803503,1.0,0.0,0,2,1033.8,normal
199.0,210.0,232.0,183.0,1.0,1.0,1.0,1.0,2.0,824.0,0.0,99.25938566552901,1.0,0.0,0,2,1036.1,normal
199.0,208.0,232.0,183.0,1.0,1.0,1.0,1.0,3.0,824.0,-2.0,99.48274392841925,1.0,0.0,0,2,1035.9,normal
197.0,207.0,232.0,185.0,1.0,1.0,1.0,1.0,4.0,822.0,-1.0,99.70510638297873,1.0,0.0,0,2,1039.2,normal
198.0,207.0,232.0,186.0,1.0,1.0,1.0,1.0,5.0,821.0,2.0,99.84288747346072,1.0,0.0,2,2,1042.5,normal
196.0,206.0,234.0,186.0,1.0,1.0,1.0,1.0,0.0,823.0,-1.0,100.06446140797286,1.0,0.0,0,2,1041.0,normal
196.0,208.0,236.0,186.0,1.0,1.0,1.0,1.0,0.0,822.0,4.0,100.24470787468248,1.0,0.0,0,2,1046.0,normal
196.0,209.0,237.0,188.0,1.0,1.0,1.0,1.0,0.0,826.0,4.0,100.42603550295858,1.0,0.0,2,2,1052.5,normal
198.0,211.0,237.0,188.0,1.0,1.0,1.0,1.0,0.0,830.0,4.0,100.6084388185654,1.0,1.0,0,2,1030.5,normal
198.0,213.0,236.0,189.0,1.0,1.0,1.0,1.0,1.0,834.0,2.0,100.70622895622895,1.0,1.0,0,2,1035.3,normal
199.0,213.0,236.0,189.0,1.0,1.0,1.0,1.0,2.0,836.0,1.0,100.93106347204707,1.0,1.0,0,2,1038.1,normal
199.0,215.0,234.0,190.0,1.0,1.0,1.0,1.0,3.0,837.0,1.0,101.11330255979857,1.0,1.0,0,2,1042.4,normal
201.0,217.0,234.0,189.0,1.0,1.0,1.0,1.0,4.0,838.0,3.0,101.2113855169527,1.0,1.0,0,2,1050.7,normal
203.0,218.0,233.0,187.0,1.0,1.0,1.0,1.0,5.0,841.0,0.0,101.35129490392649,1.0,1.0,1,2,1056.0,normal
205.0,219.0,232.0,185.0,1.0,1.0,1.0,1.0,0.0,841.0,0.0,101.49062109212171,1.0,1.0,0,2,1056.5,normal
206.0,220.0,232.0,187.0,1.0,1.0,1.0,1.0,0.0,841.0,4.0,101.67332501040366,1.0,1.0,0,2,1061.5,normal
207.0,221.0,232.0,188.0,1.0,1.0,1.0,1.0,0.0,845.0,3.0,101.89900249376558,1.0,1.0,1,2,1066.0,normal
208.0,222.0,232.0,190.0,1.0,1.0,1.0,1.0,0.0,848.0,4.0,102.08340248962655,1.0,0.0,0,2,1059.0,normal
206.0,221.0,232.0,190.0,1.0,1.0,1.0,1.0,1.0,852.0,-3.0,102.35074626865672,1.0,0.0,0,2,1058.3,normal
206.0,222.0,234.0,191.0,1.0,1.0,1.0,1.0,2.0,849.0,4.0,102.40719305498139,1.0,0.0,0,2,1065.6,normal
203.0,222.0,234.0,192.0,1.0,1.0,1.0,1.0,3.0,853.0,-2.0,102.67410161090459,1.0,0.0,0,2,1066.9,normal
202.0,222.0,236.0,194.0,1.0,1.0,1.0,1.0,4.0,851.0,3.0,102.72981878088962,1.0,0.0,0,2,1075.2,normal
201.0,222.0,238.0,196.0,1.0,1.0,1.0,1.0,5.0,854.0,3.0,102.78644763860369,1.0,0.0,2,2,1083.5,normal
200.0,221.0,239.0,196.0,1.0,1.0,1.0,1.0,0.0,857.0,-1.0,103.01107465135357,1.0,0.0,0,2,1080.5,normal
202.0,222.0,239.0,198.0,1.0,1.0,1.0,1.0,0.0,856.0,5.0,103.15268112975849,1.0,0.0,0,2,1086.0,normal
204.0,222.0,241.0,198.0,1.0,1.0,1.0,1.0,0.0,861.0,4.0,103.33755619125459,1.0,0.0,2,2,1091.0,normal
204.0,224.0,241.0,198.0,1.0,1.0,1.0,1.0,0.0,865.0,2.0,103.60718660677827,1.0,1.0,0,2,1075.5,normal
205.0,224.0,242.0,195.0,1.0,1.0,1.0,1.0,1.0,867.0,-1.0,103.83360522022838,1.0,1.0,0,2,1077.3,normal
205.0,224.0,240.0,195.0,1.0,1.0,1.0,1.0,2.0,866.0,-2.0,104.10105949470253,1.0,1.0,0,2,1077.1,normal
205.0,226.0,239.0,195.0,1.0,1.0,1.0,1.0,3.0,864.0,1.0,104.19878048780488,1.0,1.0,0,2,1081.4,normal
207.0,227.0,236.0,192.0,1.0,1.0,1.0,1.0,4.0,865.0,-3.0,104.42184328055217,1.0,1.0,0,2,1085.2,normal
208.0,227.0,233.0,192.0,1.0,1.0,1.0,1.0,5.0,862.0,-2.0,104.64355231143553,1.0,1.0,1,2,1086.5,normal
210.0,228.0,230.0,191.0,1.0,1.0,1.0,1.0,0.0,860.0,-1.0,104.77944152165115,1.0,1.0,0,2,1086.5,normal
211.0,228.0,230.0,191.0,1.0,1.0,1.0,1.0,0.0,859.0,1.0,105.08495145631068,1.0,1.0,0,2,1088.5,normal
213.0,228.0,230.0,191.0,1.0,1.0,1.0,1.0,0.0,860.0,2.0,105.34842360549717,1.0,1.0,1,2,1092.5,normal
215.0,230.0,231.0,192.0,1.0,1.0,1.0,1.0,0.0,862.0,6.0,105.44354838709677,1.0,0.0,0,2,1068.5,normal
214.0,229.0,231.0,193.0,1.0,1.0,1.0,1.0,1.0,868.0,-1.0,105.66532420459122,1.0,0.0,0,2,1070.3,normal
214.0,226.0,233.0,193.0,1.0,1.0,1.0,1.0,2.0,867.0,-1.0,105.84358665058303,1.0,0.0,0,2,1073.6,normal
213.0,226.0,235.0,193.0,1.0,1.0,1.0,1.0,3.0,866.0,1.0,106.0216780409474,1.0,0.0,0,2,1077.9,normal
213.0,224.0,237.0,194.0,1.0,1.0,1.0,1.0,4.0,867.0,1.0,106.15705128205128,1.0,0.0,0,2,1083.7,normal
211.0,224.0,237.0,194.0,1.0,1.0,1.0,1.0,5.0,868.0,-2.0,106.41873498799039,1.0,0.0,2,2,1083.5,normal
210.0,224.0,239.0,194.0,1.0,1.0,1.0,1.0,0.0,866.0,1.0,106.55253695565321,1.0,0.0,0,2,1083.0,normal
210.0,224.0,241.0,196.0,1.0,1.0,1.0,1.0,0.0,867.0,4.0,106.72995612285601,1.0,0.0,0,2,1091.0,normal
211.0,225.0,241.0,196.0,1.0,1.0,1.0,1.0,0.0,871.0,2.0,106.99282582702271,1.0,0.0,2,2,1092.0,normal
213.0,226.0,243.0,198.0,1.0,1.0,1.0,1.0,0.0,873.0,7.0,107.04491255961844,1.0,1.0,0,2,1098.5,normal
215.0,226.0,242.0,198.0,1.0,1.0,1.0,1.0,1.0,880.0,1.0,107.267169511711,1.0,1.0,0,2,1102.8,normal
217.0,226.0,243.0,197.0,1.0,1.0,1.0,1.0,2.0,881.0,2.0,107.40451664025356,1.0,1.0,0,2,1107.6,normal
217.0,228.0,241.0,196.0,1.0,1.0,1.0,1.0,3.0,883.0,-1.0,107.58346518987342,1.0,1.0,0,2,1110.9,normal
219.0,229.0,241.0,195.0,1.0,1.0,1.0,1.0,4.0,882.0,2.0,107.67758484609314,1.0,1.0,0,2,1117.2,normal
221.0,229.0,241.0,196.0,1.0,1.0,1.0,1.0,5.0,884.0,3.0,107.7724409448819,1.0,1.0,1,2,1122.5,normal
221.0,230.0,239.0,193.0,1.0,1.0,1.0,1.0,0.0,887.0,-4.0,108.07752853207398,1.0,1.0,0,2,1118.0,normal
223.0,232.0,240.0,194.0,1.0,1.0,1.0,1.0,0.0,883.0,6.0,108.17196702002356,1.0,1.0,0,2,1127.0,normal
223.0,234.0,241.0,195.0,1.0,1.0,1.0,1.0,0.0,889.0,4.0,108.35241081928656,1.0,1.0,1,2,1132.0,normal
224.0,234.0,242.0,197.0,1.0,1.0,1.0,1.0,0.0,893.0,4.0,108.53385518590999,1.0,0.0,0,2,1107.0,normal
222.0,232.0,242.0,199.0,1.0,1.0,1.0,1.0,1.0,897.0,-2.0,108.71395076201641,1.0,0.0,0,2,1109.8,normal
222.0,229.0,244.0,200.0,1.0,1.0,1.0,1.0,2.0,895.0,0.0,108.89348419820523,1.0,0.0,0,2,1115.1,normal
220.0,226.0,245.0,200.0,1.0,1.0,1.0,1.0,3.0,895.0,-4.0,109.19851794071762,1.0,0.0,0,2,1115.4,normal
220.0,224.0,247.0,201.0,1.0,1.0,1.0,1.0,4.0,891.0,1.0,109.33320358115998,1.0,0.0,0,2,1121.2,normal
218.0,222.0,247.0,202.0,1.0,1.0,1.0,1.0,5.0,892.0,-3.0,109.63657587548639,1.0,0.0,2,2,1122.0,normal
218.0,220.0,247.0,202.0,1.0,1.0,1.0,1.0,0.0,889.0,-2.0,109.93893426682224,1.0,0.0,0,2,1117.0,normal
219.0,222.0,249.0,204.0,1.0,1.0,1.0,1.0,0.0,887.0,7.0,109.98719937936384,1.0,0.0,0,2,1126.5,normal
220.0,222.0,249.0,204.0,1.0,1.0,1.0,1.0,0.0,894.0,1.0,110.29158588600232,1.0,0.0,2,2,1127.0,normal
221.0,224.0,249.0,206.0,1.0,1.0,1.0,1.0,0.0,895.0,5.0,110.42647058823529,1.0,1.0,0,2,1117.5,normal
223.0,225.0,248.0,204.0,1.0,1.0,1.0,1.0,1.0,900.0,0.0,110.60355486862441,1.0,1.0,0,2,1122.8,normal
224.0,225.0,249.0,203.0,1.0,1.0,1.0,1.0,2.0,900.0,1.0,110.73775549556498,1.0,1.0,0,2,1125.6,normal
226.0,225.0,250.0,203.0,1.0,1.0,1.0,1.0,3.0,901.0,3.0,110.87259430331024,1.0,1.0,0,2,1130.9,normal
227.0,226.0,250.0,203.0,1.0,1.0,1.0,1.0,4.0,904.0,2.0,111.05034588777863,1.0,1.0,0,2,1135.7,normal
227.0,227.0,249.0,202.0,1.0,1.0,1.0,1.0,5.0,906.0,-1.0,111.26986564299425,1.0,1.0,1,2,1137.5,normal
227.0,228.0,247.0,199.0,1.0,1.0,1.0,1.0,0.0,905.0,-4.0,111.530111238972,1.0,1.0,0,2,1133.0,normal
228.0,230.0,249.0,199.0,1.0,1.0,1.0,1.0,0.0,901.0,5.0,111.66347626339969,1.0,1.0,0,2,1140.0,normal
229.0,230.0,249.0,200.0,1.0,1.0,1.0,1.0,0.0,906.0,2.0,111.92540168324408,1.0,1.0,1,2,1142.5,normal
229.0,231.0,250.0,202.0,1.0,1.0,1.0,1.0,0.0,908.0,4.0,112.10275019098549,1.0,0.0,0,2,1134.0,normal
228.0,229.0,251.0,203.0,1.0,1.0,1.0,1.0,1.0,912.0,-1.0,112.27917620137299,1.0,0.0,0,2,1137.3,normal
227.0,226.0,252.0,204.0,1.0,1.0,1.0,1.0,2.0,911.0,-2.0,112.45430312261995,1.0,0.0,0,2,1140.1,normal
225.0,225.0,253.0,204.0,1.0,1.0,1.0,1.0,3.0,909.0,-2.0,112.71385083713851,1.0,0.0,0,2,1141.4,normal
224.0,224.0,255.0,206.0,1.0,1.0,1.0,1.0,4.0,907.0,2.0,112.75939278937382,1.0,0.0,0,2,1149.2,normal
222.0,223.0,256.0,207.0,1.0,1.0,1.0,1.0,5.0,909.0,-1.0,112.97536012130402,1.0,0.0,2,2,1152.5,normal
219.0,224.0,256.0,209.0,1.0,1.0,1.0,1.0,0.0,908.0,0.0,113.14799394398183,1.0,0.0,0,2,1151.5,normal
221.0,226.0,256.0,211.0,1.0,1.0,1.0,1.0,0.0,908.0,6.0,113.2367824773414,1.0,0.0,0,2,1157.5,normal
222.0,228.0,256.0,212.0,1.0,1.0,1.0,1.0,0.0,914.0,4.0,113.41214177978884,1.0,0.0,2,2,1161.0,normal
223.0,230.0,256.0,213.0,1.0,1.0,1.0,1.0,0.0,918.0,4.0,113.58847891566265,1.0,1.0,0,2,1140.5,normal
225.0,231.0,254.0,214.0,1.0,1.0,1.0,1.0,1.0,922.0,2.0,113.72228485531755,1.0,1.0,0,2,1146.8,normal
226.0,233.0,252.0,214.0,1.0,1.0,1.0,1.0,2.0,924.0,1.0,113.85596399099775,1.0,1.0,0,2,1152.6,normal
226.0,234.0,251.0,213.0,1.0,1.0,1.0,1.0,3.0,925.0,-1.0,114.0314606741573,1.0,1.0,0,2,1154.4,normal
228.0,236.0,250.0,213.0,1.0,1.0,1.0,1.0,4.0,924.0,3.0,114.07956667911841,1.0,1.0,0,2,1162.7,normal
229.0,238.0,249.0,214.0,1.0,1.0,1.0,1.0,5.0,927.0,3.0,114.12853949329359,1.0,1.0,1,2,1169.5,normal
229.0,238.0,249.0,215.0,1.0,1.0,1.0,1.0,0.0,930.0,1.0,114.30505952380952,1.0,1.0,0,2,1166.0,normal
231.0,240.0,249.0,217.0,1.0,1.0,1.0,1.0,0.0,931.0,6.0,114.39829250185598,1.0,1.0,0,2,1175.0,normal
233.0,242.0,251.0,218.0,1.0,1.0,1.0,1.0,0.0,937.0,7.0,114.45131432802665,1.0,1.0,1,2,1184.5,normal
234.0,243.0,251.0,218.0,1.0,1.0,1.0,1.0,0.0,944.0,2.0,114.716611172771,1.0,0.0,0,2,1176.5,normal
231.0,241.0,251.0,220.0,1.0,1.0,1.0,1.0,1.0,946.0,-3.0,114.93791574279379,1.0,0.0,0,2,1178.8,normal
232.0,241.0,253.0,222.0,1.0,1.0,1.0,1.0,2.0,943.0,5.0,114.94841562269713,1.0,0.0,0,2,1188.1,normal
230.0,239.0,254.0,224.0,1.0,1.0,1.0,1.0,3.0,948.0,-1.0,115.08532548731151,1.0,0.0,0,2,1192.9,normal
230.0,238.0,255.0,224.0,1.0,1.0,1.0,1.0,4.0,947.0,0.0,115.30639235855988,1.0,0.0,0,2,1195.2,normal
228.0,238.0,255.0,224.0,1.0,1.0,1.0,1.0,5.0,947.0,-2.0,115.5686490455213,1.0,0.0,2,2,1195.0,normal
228.0,236.0,256.0,225.0,1.0,1.0,1.0,1.0,0.0,945.0,0.0,115.74560117302053,1.0,0.0,0,2,1194.0,normal
229.0,237.0,257.0,225.0,1.0,1.0,1.0,1.0,0.0,945.0,3.0,115.96558037348956,1.0,0.0,0,2,1197.0,normal
230.0,239.0,259.0,226.0,1.0,1.0,1.0,1.0,0.0,948.0,6.0,116.05991962002192,1.0,0.0,2,2,1204.5,normal
231.0,239.0,260.0,226.0,1.0,1.0,1.0,1.0,0.0,954.0,2.0,116.32420591456736,1.0,1.0,0,2,1183.0,normal
233.0,239.0,257.0,226.0,1.0,1.0,1.0,1.0,1.0,956.0,-1.0,116.54522246535376,1.0,1.0,0,2,1186.3,normal
235.0,239.0,256.0,225.0,1.0,1.0,1.0,1.0,2.0,955.0,0.0,116.72323379461034,1.0,1.0,0,2,1190.1,normal
237.0,239.0,255.0,225.0,1.0,1.0,1.0,1.0,3.0,955.0,1.0,116.85859687386404,1.0,1.0,0,2,1194.4,normal
237.0,240.0,256.0,222.0,1.0,1.0,1.0,1.0,4.0,956.0,-1.0,117.07806826434278,1.0,1.0,0,2,1196.2,normal
239.0,241.0,254.0,219.0,1.0,1.0,1.0,1.0,5.0,955.0,-2.0,117.25380710659898,1.0,1.0,1,2,1200.5,normal
239.0,242.0,254.0,219.0,1.0,1.0,1.0,1.0,0.0,953.0,1.0,117.42939898624185,1.0,1.0,0,2,1198.5,normal
241.0,242.0,254.0,220.0,1.0,1.0,1.0,1.0,0.0,954.0,3.0,117.64810126582279,1.0,1.0,0,2,1203.0,normal
243.0,242.0,256.0,220.0,1.0,1.0,1.0,1.0,0.0,957.0,4.0,117.82520765619357,1.0,1.0,1,2,1208.0,normal
245.0,242.0,257.0,221.0,1.0,1.0,1.0,1.0,0.0,961.0,4.0,118.00324558240173,1.0,0.0,0,2,1199.5,normal
242.0,241.0,257.0,222.0,1.0,1.0,1.0,1.0,1.0,965.0,-3.0,118.26486486486486,1.0,0.0,0,2,1200.3,normal
242.0,240.0,258.0,224.0,1.0,1.0,1.0,1.0,2.0,962.0,2.0,118.3138030194105,1.0,0.0,0,2,1206.6,normal
241.0,240.0,258.0,225.0,1.0,1.0,1.0,1.0,3.0,964.0,0.0,118.48994974874371,1.0,0.0,0,2,1208.9,normal
241.0,237.0,260.0,227.0,1.0,1.0,1.0,1.0,4.0,964.0,1.0,118.58094555873926,1.0,0.0,0,2,1216.2,normal
241.0,236.0,262.0,227.0,1.0,1.0,1.0,1.0,5.0,965.0,1.0,118.75679542203147,1.0,0.0,2,2,1220.5,normal
239.0,234.0,262.0,227.0,1.0,1.0,1.0,1.0,0.0,966.0,-4.0,119.05827672506257,1.0,0.0,0,2,1214.5,normal
239.0,236.0,263.0,228.0,1.0,1.0,1.0,1.0,0.0,962.0,4.0,119.23313102463406,1.0,0.0,0,2,1219.5,normal
241.0,236.0,265.0,229.0,1.0,1.0,1.0,1.0,0.0,966.0,5.0,119.36671418389166,1.0,0.0,2,2,1226.5,normal
242.0,236.0,266.0,231.0,1.0,1.0,1.0,1.0,0.0,971.0,4.0,119.54377224199288,1.0,1.0,0,2,1204.5,normal
244.0,238.0,265.0,230.0,1.0,1.0,1.0,1.0,1.0,975.0,2.0,119.63600852272727,1.0,1.0,0,2,1212.3,normal
245.0,239.0,263.0,228.0,1.0,1.0,1.0,1.0,2.0,977.0,-2.0,119.8970901348474,1.0,1.0,0,2,1215.1,normal
247.0,239.0,262.0,227.0,1.0,1.0,1.0,1.0,3.0,975.0,0.0,120.11520737327189,1.0,1.0,0,2,1218.9,normal
247.0,240.0,261.0,227.0,1.0,1.0,1.0,1.0,4.0,975.0,0.0,120.24769992922859,1.0,1.0,0,2,1221.2,normal
248.0,242.0,259.0,226.0,1.0,1.0,1.0,1.0,5.0,975.0,0.0,120.3797244789827,1.0,1.0,1,2,1226.5,normal
249.0,242.0,258.0,227.0,1.0,1.0,1.0,1.0,0.0,975.0,1.0,120.59668313338038,1.0,1.0,0,2,1224.5,normal
250.0,242.0,259.0,227.0,1.0,1.0,1.0,1.0,0.0,976.0,2.0,120.8564880112835,1.0,1.0,0,2,1227.0,normal
252.0,243.0,259.0,228.0,1.0,1.0,1.0,1.0,0.0,978.0,4.0,121.03204225352113,1.0,1.0,1,2,1233.5,normal
254.0,245.0,260.0,230.0,1.0,1.0,1.0,1.0,0.0,982.0,7.0,121.08184053389533,1.0,0.0,0,2,1229.5,normal
254.0,242.0,262.0,230.0,1.0,1.0,1.0,1.0,1.0,989.0,-1.0,121.258505787443,1.0,0.0,0,2,1232.8,normal
253.0,241.0,262.0,232.0,1.0,1.0,1.0,1.0,2.0,988.0,0.0,121.3921568627451,1.0,0.0,0,2,1236.6,normal
250.0,241.0,262.0,234.0,1.0,1.0,1.0,1.0,3.0,988.0,-1.0,121.61000349772648,1.0,0.0,0,2,1239.9,normal
249.0,240.0,263.0,235.0,1.0,1.0,1.0,1.0,4.0,987.0,0.0,121.82739343116701,1.0,0.0,0,2,1243.7,normal
247.0,237.0,263.0,235.0,1.0,1.0,1.0,1.0,5.0,987.0,-5.0,122.1278379322389,1.0,0.0,2,2,1242.0,normal
246.0,236.0,265.0,237.0,1.0,1.0,1.0,1.0,0.0,982.0,2.0,122.17282229965157,1.0,0.0,0,2,1245.0,normal
246.0,238.0,265.0,237.0,1.0,1.0,1.0,1.0,0.0,984.0,2.0,122.43105849582173,1.0,0.0,0,2,1246.0,normal
246.0,238.0,267.0,238.0,1.0,1.0,1.0,1.0,0.0,986.0,3.0,122.6473043478261,1.0,0.0,2,2,1252.0,normal
248.0,239.0,269.0,240.0,1.0,1.0,1.0,1.0,0.0,989.0,7.0,122.69500346981263,1.0,1.0,0,2,1228.5,normal
248.0,240.0,269.0,238.0,1.0,1.0,1.0,1.0,1.0,996.0,-1.0,122.86971586971588,1.0,1.0,0,2,1230.3,normal
249.0,242.0,270.0,236.0,1.0,1.0,1.0,1.0,2.0,995.0,2.0,123.00207540643376,1.0,1.0,0,2,1236.6,normal
249.0,243.0,269.0,235.0,1.0,1.0,1.0,1.0,3.0,997.0,-1.0,123.21872840359364,1.0,1.0,0,2,1238.4,normal
249.0,243.0,270.0,233.0,1.0,1.0,1.0,1.0,4.0,996.0,-1.0,123.4345875043148,1.0,1.0,0,2,1238.7,normal
250.0,244.0,267.0,233.0,1.0,1.0,1.0,1.0,5.0,995.0,-1.0,123.60703205791107,1.0,1.0,1,2,1242.0,normal
252.0,245.0,267.0,231.0,1.0,1.0,1.0,1.0,0.0,994.0,1.0,123.7367515485203,1.0,1.0,0,2,1243.0,normal
252.0,246.0,269.0,233.0,1.0,1.0,1.0,1.0,0.0,995.0,5.0,123.86774304362761,1.0,1.0,0,2,1247.0,normal
253.0,248.0,270.0,234.0,1.0,1.0,1.0,1.0,0.0,1000.0,5.0,124.0,1.0,1.0,1,2,1254.0,normal
254.0,249.0,272.0,234.0,1.0,1.0,1.0,1.0,0.0,1005.0,4.0,124.17568493150685,1.0,0.0,0,2,1263.5,normal
253.0,246.0,274.0,235.0,1.0,1.0,1.0,1.0,1.0,1009.0,-1.0,124.30803418803418,1.0,0.0,0,2,1268.3,normal
253.0,246.0,274.0,237.0,1.0,1.0,1.0,1.0,2.0,1008.0,2.0,124.440614334471,1.0,0.0,0,2,1273.1,normal
252.0,244.0,275.0,238.0,1.0,1.0,1.0,1.0,3.0,1010.0,-1.0,124.65734742584385,1.0,0.0,0,2,1276.4,normal
250.0,244.0,277.0,238.0,1.0,1.0,1.0,1.0,4.0,1009.0,0.0,124.78863172226004,1.0,0.0,0,2,1280.2,normal
250.0,243.0,277.0,238.0,1.0,1.0,1.0,1.0,5.0,1009.0,-1.0,125.00408024481469,1.0,0.0,2,2,1280.5,normal
249.0,241.0,277.0,238.0,1.0,1.0,1.0,1.0,0.0,1008.0,-3.0,125.30319510537049,1.0,0.0,0,2,1275.0,normal
249.0,242.0,277.0,240.0,1.0,1.0,1.0,1.0,0.0,1005.0,3.0,125.51782682512733,1.0,0.0,0,2,1279.5,normal
249.0,244.0,278.0,240.0,1.0,1.0,1.0,1.0,0.0,1008.0,3.0,125.73303934871099,1.0,0.0,2,2,1282.5,normal
250.0,244.0,280.0,241.0,1.0,1.0,1.0,1.0,0.0,1011.0,4.0,125.90650406504065,1.0,1.0,0,2,1248.5,normal
251.0,244.0,278.0,242.0,1.0,1.0,1.0,1.0,1.0,1015.0,0.0,126.07949932341002,1.0,1.0,0,2,1250.8,normal
251.0,245.0,277.0,240.0,1.0,1.0,1.0,1.0,2.0,1015.0,-2.0,126.25135135135135,1.0,1.0,0,2,1252.1,normal
251.0,246.0,276.0,239.0,1.0,1.0,1.0,1.0,3.0,1013.0,-1.0,126.46506918663516,1.0,1.0,0,2,1253.9,normal
251.0,246.0,276.0,236.0,1.0,1.0,1.0,1.0,4.0,1012.0,-3.0,126.76282051282051,1.0,1.0,0,2,1253.2,normal
251.0,248.0,277.0,236.0,1.0,1.0,1.0,1.0,5.0,1009.0,3.0,126.89019872010778,1.0,1.0,0,2,1258.5,normal
253.0,249.0,274.0,236.0,1.0,1.0,1.0,1.0,6.0,1012.0,0.0,127.05987218298016,1.0,1.0,1,2,1263.8,normal
254.0,249.0,273.0,234.0,1.0,1.0,1.0,1.0,0.0,1012.0,-2.0,127.31394957983193,1.0,1.0,0,2,1259.5,normal
254.0,249.0,274.0,235.0,1.0,1.0,1.0,1.0,0.0,1010.0,2.0,127.56835740678535,1.0,1.0,0,2,1260.5,normal
255.0,249.0,275.0,235.0,1.0,1.0,1.0,1.0,0.0,1012.0,2.0,127.82309499832158,1.0,1.0,1,2,1263.0,normal
257.0,251.0,275.0,235.0,1.0,1.0,1.0,1.0,0.0,1014.0,4.0,127.99296010727456,1.0,0.0,0,2,1274.0,normal
256.0,252.0,275.0,237.0,1.0,1.0,1.0,1.0,1.0,1018.0,2.0,128.07728337236534,1.0,0.0,0,2,1278.8,normal
254.0,250.0,277.0,237.0,1.0,1.0,1.0,1.0,2.0,1020.0,-2.0,128.24624122953557,1.0,0.0,0,2,1281.6,normal
252.0,250.0,279.0,239.0,1.0,1.0,1.0,1.0,3.0,1018.0,2.0,128.37258172114744,1.0,0.0,0,2,1289.4,normal
249.0,247.0,279.0,239.0,1.0,1.0,1.0,1.0,4.0,1020.0,-6.0,128.7108072048032,1.0,0.0,0,2,1287.2,normal
249.0,247.0,280.0,240.0,1.0,1.0,1.0,1.0,5.0,1014.0,2.0,128.8777481678881,1.0,0.0,2,2,1292.0,normal
247.0,246.0,280.0,240.0,1.0,1.0,1.0,1.0,0.0,1016.0,-3.0,129.08618968386023,1.0,0.0,0,2,1286.5,normal
249.0,248.0,282.0,241.0,1.0,1.0,1.0,1.0,0.0,1013.0,7.0,129.12483399734396,1.0,0.0,0,2,1294.5,normal
251.0,248.0,284.0,242.0,1.0,1.0,1.0,1.0,0.0,1020.0,5.0,129.2505800464037,1.0,0.0,2,2,1301.5,normal
251.0,250.0,286.0,244.0,1.0,1.0,1.0,1.0,0.0,1025.0,6.0,129.33509758518028,1.0,1.0,0,2,1267.0,normal
251.0,252.0,284.0,244.0,1.0,1.0,1.0,1.0,1.0,1031.0,0.0,129.50479022134127,1.0,1.0,0,2,1270.8,normal
251.0,253.0,284.0,242.0,1.0,1.0,1.0,1.0,2.0,1031.0,-1.0,129.75932651039946,1.0,1.0,0,2,1272.6,normal
253.0,255.0,283.0,242.0,1.0,1.0,1.0,1.0,3.0,1030.0,3.0,129.84316309719935,1.0,1.0,0,2,1280.9,normal
254.0,255.0,282.0,242.0,1.0,1.0,1.0,1.0,4.0,1033.0,0.0,130.01217505758473,1.0,1.0,0,2,1283.2,normal
256.0,257.0,281.0,242.0,1.0,1.0,1.0,1.0,5.0,1033.0,3.0,130.13896189224704,1.0,1.0,1,2,1291.5,normal
258.0,257.0,280.0,242.0,1.0,1.0,1.0,1.0,0.0,1036.0,1.0,130.35116508040696,1.0,1.0,0,2,1291.0,normal
258.0,258.0,282.0,243.0,1.0,1.0,1.0,1.0,0.0,1037.0,4.0,130.5214683710259,1.0,1.0,0,2,1294.5,normal
260.0,260.0,284.0,244.0,1.0,1.0,1.0,1.0,0.0,1041.0,7.0,130.56540222367562,1.0,1.0,1,2,1304.0,normal
261.0,262.0,285.0,244.0,1.0,1.0,1.0,1.0,0.0,1048.0,4.0,130.7384062704115,1.0,0.0,0,2,1319.5,normal
262.0,262.0,287.0,246.0,1.0,1.0,1.0,1.0,1.0,1052.0,5.0,130.74201954397395,1.0,0.0,0,2,1328.8,normal
261.0,262.0,287.0,248.0,1.0,1.0,1.0,1.0,2.0,1057.0,1.0,130.95867230719168,1.0,0.0,0,2,1333.1,normal
260.0,260.0,288.0,250.0,1.0,1.0,1.0,1.0,3.0,1058.0,0.0,131.04709321208185,1.0,0.0,0,2,1338.4,normal
259.0,260.0,288.0,251.0,1.0,1.0,1.0,1.0,4.0,1058.0,0.0,131.17769130998704,1.0,0.0,0,2,1340.7,normal
260.0,258.0,288.0,251.0,1.0,1.0,1.0,1.0,5.0,1058.0,-1.0,131.4351911860013,1.0,0.0,2,2,1341.0,normal
259.0,257.0,290.0,253.0,1.0,1.0,1.0,1.0,0.0,1057.0,2.0,131.56518925913943,1.0,0.0,0,2,1344.0,normal
261.0,259.0,292.0,255.0,1.0,1.0,1.0,1.0,0.0,1059.0,8.0,131.5698612455631,1.0,0.0,0,2,1354.0,normal
261.0,259.0,292.0,257.0,1.0,1.0,1.0,1.0,0.0,1067.0,2.0,131.82973234440504,1.0,0.0,2,2,1358.0,normal
261.0,261.0,292.0,257.0,1.0,1.0,1.0,1.0,0.0,1069.0,2.0,132.08991298743152,1.0,1.0,0,2,1318.5,normal
262.0,262.0,291.0,257.0,1.0,1.0,1.0,1.0,1.0,1071.0,1.0,132.1798005789643,1.0,1.0,0,2,1322.8,normal
262.0,263.0,289.0,256.0,1.0,1.0,1.0,1.0,2.0,1072.0,-2.0,132.3962082262211,1.0,1.0,0,2,1324.1,normal
262.0,263.0,288.0,254.0,1.0,1.0,1.0,1.0,3.0,1070.0,-3.0,132.65382145150932,1.0,1.0,0,2,1323.4,normal
262.0,264.0,287.0,255.0,1.0,1.0,1.0,1.0,4.0,1067.0,1.0,132.78358448220584,1.0,1.0,0,2,1326.2,normal
263.0,265.0,288.0,254.0,1.0,1.0,1.0,1.0,5.0,1068.0,2.0,132.9135723431498,1.0,1.0,0,2,1331.0,normal
265.0,265.0,287.0,253.0,1.0,1.0,1.0,1.0,6.0,1070.0,0.0,133.12823792772625,1.0,1.0,0,2,1334.8,normal
267.0,267.0,288.0,250.0,1.0,1.0,1.0,1.0,7.0,1070.0,2.0,133.21544845196297,1.0,1.0,1,2,1342.6,normal
269.0,267.0,287.0,249.0,1.0,1.0,1.0,1.0,0.0,1072.0,0.0,133.47240829346092,1.0,1.0,0,2,1340.0,normal
270.0,268.0,288.0,249.0,1.0,1.0,1.0,1.0,0.0,1072.0,3.0,133.68738049713193,1.0,1.0,0,2,1344.5,normal
270.0,268.0,290.0,251.0,1.0,1.0,1.0,1.0,0.0,1075.0,4.0,133.86059834500318,1.0,1.0,1,2,1346.5,normal
272.0,270.0,291.0,251.0,1.0,1.0,1.0,1.0,0.0,1079.0,5.0,133.99237368922783,1.0,0.0,0,2,1355.0,normal
271.0,268.0,292.0,253.0,1.0,1.0,1.0,1.0,1.0,1084.0,0.0,134.16629641383687,1.0,0.0,0,2,1360.3,normal
268.0,267.0,293.0,253.0,1.0,1.0,1.0,1.0,2.0,1084.0,-3.0,134.38142041851617,1.0,0.0,0,2,1361.1,normal
267.0,265.0,293.0,255.0,1.0,1.0,1.0,1.0,3.0,1081.0,-1.0,134.63846641318125,1.0,0.0,0,2,1364.4,normal
265.0,265.0,294.0,256.0,1.0,1.0,1.0,1.0,4.0,1080.0,0.0,134.85248496359608,1.0,0.0,0,2,1368.2,normal
266.0,264.0,294.0,257.0,1.0,1.0,1.0,1.0,5.0,1080.0,1.0,135.02371166613975,1.0,0.0,2,2,1371.0,normal
267.0,263.0,296.0,259.0,1.0,1.0,1.0,1.0,0.0,1081.0,4.0,135.06782334384857,1.0,0.0,0,2,1375.0,normal
268.0,265.0,297.0,259.0,1.0,1.0,1.0,1.0,0.0,1085.0,4.0,135.2407057340895,1.0,0.0,0,2,1378.5,normal
270.0,267.0,297.0,259.0,1.0,1.0,1.0,1.0,0.0,1089.0,4.0,135.4144115796098,1.0,0.0,2,2,1380.5,normal
270.0,268.0,297.0,259.0,1.0,1.0,1.0,1.0,0.0,1093.0,1.0,135.71594841145014,1.0,1.0,0,2,1354.0,normal
272.0,269.0,298.0,259.0,1.0,1.0,1.0,1.0,1.0,1094.0,4.0,135.76239799121154,1.0,1.0,0,2,1361.3,normal
272.0,271.0,296.0,259.0,1.0,1.0,1.0,1.0,2.0,1098.0,0.0,135.8937637104356,1.0,1.0,0,2,1365.1,normal
272.0,271.0,296.0,257.0,1.0,1.0,1.0,1.0,3.0,1098.0,-2.0,136.15189476980896,1.0,1.0,0,2,1364.9,normal
272.0,271.0,297.0,257.0,1.0,1.0,1.0,1.0,4.0,1096.0,1.0,136.36733416770963,1.0,1.0,0,2,1366.2,normal
272.0,273.0,296.0,257.0,1.0,1.0,1.0,1.0,5.0,1097.0,1.0,136.49734457981882,1.0,1.0,0,2,1370.5,normal
274.0,273.0,295.0,256.0,1.0,1.0,1.0,1.0,6.0,1098.0,0.0,136.66957878315134,1.0,1.0,0,2,1374.3,normal
276.0,274.0,292.0,257.0,1.0,1.0,1.0,1.0,7.0,1098.0,1.0,136.79906542056074,1.0,1.0,1,2,1380.1,normal
277.0,276.0,290.0,255.0,1.0,1.0,1.0,1.0,0.0,1099.0,-1.0,137.01307189542484,1.0,1.0,0,2,1378.5,normal
278.0,277.0,292.0,257.0,1.0,1.0,1.0,1.0,0.0,1098.0,6.0,137.10065237651443,1.0,1.0,0,2,1384.5,normal
279.0,278.0,293.0,258.0,1.0,1.0,1.0,1.0,0.0,1104.0,4.0,137.27427862240148,1.0,1.0,1,2,1389.5,normal
279.0,278.0,293.0,258.0,1.0,1.0,1.0,1.0,0.0,1108.0,0.0,137.6180577102079,1.0,0.0,0,2,1380.5,normal
280.0,276.0,293.0,258.0,1.0,1.0,1.0,1.0,1.0,1108.0,-1.0,137.87596899224806,1.0,0.0,0,2,1380.8,normal
278.0,275.0,294.0,258.0,1.0,1.0,1.0,1.0,2.0,1107.0,-2.0,138.09014869888475,1.0,0.0,0,2,1382.1,normal
276.0,275.0,295.0,259.0,1.0,1.0,1.0,1.0,3.0,1105.0,0.0,138.3039306716187,1.0,0.0,0,2,1385.9,normal
273.0,272.0,297.0,260.0,1.0,1.0,1.0,1.0,4.0,1105.0,-3.0,138.51638837353124,1.0,0.0,0,2,1389.7,normal
274.0,271.0,297.0,261.0,1.0,1.0,1.0,1.0,5.0,1102.0,1.0,138.7287611986407,1.0,0.0,2,2,1392.5,normal
273.0,270.0,298.0,262.0,1.0,1.0,1.0,1.0,0.0,1103.0,0.0,138.89787102746067,1.0,0.0,0,2,1391.5,normal
275.0,271.0,299.0,262.0,1.0,1.0,1.0,1.0,0.0,1103.0,4.0,139.0677966101695,1.0,0.0,0,2,1395.0,normal
275.0,272.0,300.0,264.0,1.0,1.0,1.0,1.0,0.0,1107.0,4.0,139.2385349338258,1.0,0.0,2,2,1401.5,normal
277.0,274.0,300.0,264.0,1.0,1.0,1.0,1.0,0.0,1111.0,4.0,139.4100830003074,1.0,1.0,0,2,1384.0,normal
278.0,274.0,299.0,263.0,1.0,1.0,1.0,1.0,1.0,1115.0,-1.0,139.70958819913952,1.0,1.0,0,2,1385.8,normal
278.0,274.0,297.0,261.0,1.0,1.0,1.0,1.0,2.0,1114.0,-4.0,140.00768049155147,1.0,1.0,0,2,1384.6,normal
280.0,276.0,294.0,261.0,1.0,1.0,1.0,1.0,3.0,1110.0,1.0,140.09076970254523,1.0,1.0,0,2,1391.9,normal
280.0,276.0,291.0,259.0,1.0,1.0,1.0,1.0,4.0,1111.0,-5.0,140.4299294694879,1.0,1.0,0,2,1390.2,normal
280.0,276.0,291.0,257.0,1.0,1.0,1.0,1.0,5.0,1106.0,-2.0,140.72532188841203,1.0,1.0,1,2,1390.0,normal
280.0,276.0,290.0,256.0,1.0,1.0,1.0,1.0,0.0,1104.0,-2.0,140.93353751914242,1.0,1.0,0,2,1385.0,normal
281.0,276.0,291.0,258.0,1.0,1.0,1.0,1.0,0.0,1102.0,4.0,141.09941878250228,1.0,1.0,0,2,1388.5,normal
282.0,276.0,292.0,258.0,1.0,1.0,1.0,1.0,0.0,1106.0,2.0,141.3518801589728,1.0,1.0,1,2,1391.0,normal
282.0,277.0,293.0,259.0,1.0,1.0,1.0,1.0,0.0,1108.0,3.0,141.5616982284667,1.0,0.0,0,2,1383.5,normal
279.0,276.0,295.0,261.0,1.0,1.0,1.0,1.0,1.0,1111.0,0.0,141.72788285539963,1.0,0.0,0,2,1390.3,normal
278.0,275.0,296.0,262.0,1.0,1.0,1.0,1.0,2.0,1111.0,0.0,141.850441669205,1.0,0.0,0,2,1394.1,normal
277.0,273.0,297.0,263.0,1.0,1.0,1.0,1.0,3.0,1111.0,-1.0,142.10197869101978,1.0,0.0,0,2,1397.4,normal
274.0,272.0,299.0,263.0,1.0,1.0,1.0,1.0,4.0,1110.0,-2.0,142.26603830951657,1.0,0.0,0,2,1400.2,normal
272.0,270.0,301.0,264.0,1.0,1.0,1.0,1.0,5.0,1108.0,-1.0,142.42939568782265,1.0,0.0,2,2,1405.0,normal
271.0,269.0,303.0,266.0,1.0,1.0,1.0,1.0,0.0,1107.0,2.0,142.50651712640195,1.0,0.0,0,2,1408.0,normal
272.0,269.0,303.0,267.0,1.0,1.0,1.0,1.0,0.0,1109.0,2.0,142.7567403817025,1.0,0.0,0,2,1410.5,normal
274.0,269.0,303.0,268.0,1.0,1.0,1.0,1.0,0.0,1111.0,3.0,142.96428571428572,1.0,0.0,2,2,1413.5,normal
274.0,270.0,305.0,269.0,1.0,1.0,1.0,1.0,0.0,1114.0,4.0,143.12938331318017,1.0,1.0,0,2,1375.0,normal
276.0,270.0,304.0,266.0,1.0,1.0,1.0,1.0,1.0,1118.0,-2.0,143.38006042296072,1.0,1.0,0,2,1377.8,normal
276.0,271.0,305.0,267.0,1.0,1.0,1.0,1.0,2.0,1116.0,3.0,143.50135746606335,1.0,1.0,0,2,1381.6,normal
278.0,272.0,305.0,266.0,1.0,1.0,1.0,1.0,3.0,1119.0,2.0,143.66616450738175,1.0,1.0,0,2,1387.9,normal
280.0,273.0,305.0,265.0,1.0,1.0,1.0,1.0,4.0,1121.0,2.0,143.70144317498497,1.0,1.0,0,2,1394.2,normal
280.0,275.0,304.0,263.0,1.0,1.0,1.0,1.0,5.0,1123.0,-1.0,143.82257580306214,1.0,1.0,1,2,1397.5,normal
280.0,277.0,301.0,262.0,1.0,1.0,1.0,1.0,0.0,1122.0,-2.0,144.02909418116377,1.0,1.0,0,2,1395.5,normal
280.0,278.0,301.0,262.0,1.0,1.0,1.0,1.0,0.0,1120.0,1.0,144.32203898050975,1.0,1.0,0,2,1397.5,normal
280.0,278.0,303.0,262.0,1.0,1.0,1.0,1.0,0.0,1121.0,2.0,144.57207072220558,1.0,1.0,1,2,1398.5,normal
280.0,280.0,304.0,262.0,1.0,1.0,1.0,1.0,0.0,1123.0,3.0,144.77934131736527,1.0,0.0,0,2,1412.0,normal
279.0,279.0,304.0,262.0,1.0,1.0,1.0,1.0,1.0,1126.0,-2.0,144.98564163924618,1.0,0.0,0,2,1411.8,normal
278.0,277.0,304.0,262.0,1.0,1.0,1.0,1.0,2.0,1124.0,-3.0,145.2775119617225,1.0,0.0,0,2,1411.1,normal
278.0,276.0,304.0,264.0,1.0,1.0,1.0,1.0,3.0,1121.0,1.0,145.4390681003584,1.0,0.0,0,2,1415.4,normal
276.0,277.0,306.0,265.0,1.0,1.0,1.0,1.0,4.0,1122.0,2.0,145.51401311866428,1.0,0.0,0,2,1421.7,normal
276.0,275.0,307.0,265.0,1.0,1.0,1.0,1.0,5.0,1124.0,-1.0,145.71849865951742,1.0,0.0,2,2,1423.5,normal
275.0,276.0,308.0,267.0,1.0,1.0,1.0,1.0,0.0,1123.0,3.0,145.7933392804044,1.0,0.0,0,2,1425.5,normal
277.0,278.0,310.0,269.0,1.0,1.0,1.0,1.0,0.0,1126.0,8.0,145.78374369623256,1.0,0.0,0,2,1435.5,normal
278.0,278.0,312.0,271.0,1.0,1.0,1.0,1.0,0.0,1134.0,5.0,145.90521327014218,1.0,0.0,2,2,1444.0,normal
278.0,279.0,313.0,273.0,1.0,1.0,1.0,1.0,0.0,1139.0,4.0,146.0707100591716,1.0,1.0,0,2,1407.0,normal
280.0,280.0,310.0,272.0,1.0,1.0,1.0,1.0,1.0,1143.0,-1.0,146.2787466745492,1.0,1.0,0,2,1411.8,normal
282.0,282.0,310.0,273.0,1.0,1.0,1.0,1.0,2.0,1142.0,5.0,146.3150442477876,1.0,1.0,0,2,1421.1,normal
284.0,283.0,309.0,270.0,1.0,1.0,1.0,1.0,3.0,1147.0,-1.0,146.43711340206187,1.0,1.0,0,2,1425.9,normal
284.0,284.0,306.0,270.0,1.0,1.0,1.0,1.0,4.0,1146.0,-2.0,146.6876655872829,1.0,1.0,0,2,1427.2,normal
284.0,285.0,304.0,269.0,1.0,1.0,1.0,1.0,5.0,1144.0,-2.0,146.93733451015004,1.0,1.0,1,2,1428.5,normal
286.0,287.0,304.0,269.0,1.0,1.0,1.0,1.0,0.0,1142.0,4.0,146.92867625476958,1.0,1.0,0,2,1432.5,normal
286.0,288.0,304.0,269.0,1.0,1.0,1.0,1.0,0.0,1146.0,1.0,147.22212441314554,1.0,1.0,0,2,1434.5,normal
288.0,288.0,305.0,270.0,1.0,1.0,1.0,1.0,0.0,1147.0,4.0,147.3868698710434,1.0,1.0,1,2,1439.5,normal
288.0,290.0,305.0,270.0,1.0,1.0,1.0,1.0,0.0,1151.0,2.0,147.63825424721733,1.0,0.0,0,2,1439.0,normal
288.0,289.0,307.0,271.0,1.0,1.0,1.0,1.0,1.0,1153.0,2.0,147.76016379058206,1.0,0.0,0,2,1445.3,normal
287.0,289.0,308.0,273.0,1.0,1.0,1.0,1.0,2.0,1155.0,2.0,147.88230140186917,1.0,0.0,0,2,1451.6,normal
287.0,290.0,310.0,275.0,1.0,1.0,1.0,1.0,3.0,1157.0,5.0,147.9192655202565,1.0,0.0,0,2,1460.9,normal
287.0,288.0,310.0,276.0,1.0,1.0,1.0,1.0,4.0,1162.0,-1.0,148.17127876492864,1.0,0.0,0,2,1462.7,normal
287.0,286.0,310.0,277.0,1.0,1.0,1.0,1.0,5.0,1161.0,-1.0,148.4227074235808,1.0,0.0,2,2,1464.5,normal
286.0,286.0,310.0,279.0,1.0,1.0,1.0,1.0,0.0,1160.0,1.0,148.58767083454492,1.0,0.0,0,2,1464.0,normal
288.0,288.0,311.0,281.0,1.0,1.0,1.0,1.0,0.0,1161.0,7.0,148.62478235635518,1.0,0.0,0,2,1472.0,normal
288.0,289.0,313.0,281.0,1.0,1.0,1.0,1.0,0.0,1168.0,3.0,148.83502464482459,1.0,0.0,2,2,1476.5,normal
290.0,290.0,313.0,281.0,1.0,1.0,1.0,1.0,0.0,1171.0,3.0,149.0457705677868,1.0,1.0,0,2,1457.0,normal
290.0,291.0,311.0,278.0,1.0,1.0,1.0,1.0,1.0,1174.0,-4.0,149.3414422241529,1.0,1.0,0,2,1457.3,normal
292.0,293.0,311.0,277.0,1.0,1.0,1.0,1.0,2.0,1170.0,3.0,149.3351632476163,1.0,1.0,0,2,1465.6,normal
293.0,294.0,310.0,275.0,1.0,1.0,1.0,1.0,3.0,1173.0,-1.0,149.58735200693042,1.0,1.0,0,2,1468.9,normal
295.0,296.0,310.0,273.0,1.0,1.0,1.0,1.0,4.0,1172.0,2.0,149.71020761245674,1.0,1.0,0,2,1476.7,normal
295.0,297.0,307.0,271.0,1.0,1.0,1.0,1.0,5.0,1174.0,-4.0,149.96109510086455,1.0,1.0,1,2,1477.0,normal
297.0,298.0,306.0,270.0,1.0,1.0,1.0,1.0,0.0,1170.0,1.0,150.1687302044342,1.0,1.0,0,2,1478.0,normal
297.0,300.0,307.0,270.0,1.0,1.0,1.0,1.0,0.0,1171.0,3.0,150.37686996547757,1.0,1.0,0,2,1482.5,normal
298.0,300.0,308.0,271.0,1.0,1.0,1.0,1.0,0.0,1174.0,3.0,150.58551307847083,1.0,1.0,1,2,1485.5,normal
299.0,301.0,310.0,272.0,1.0,1.0,1.0,1.0,0.0,1177.0,5.0,150.70866819747417,1.0,0.0,0,2,1464.0,normal
298.0,301.0,312.0,273.0,1.0,1.0,1.0,1.0,1.0,1182.0,2.0,150.83204356549155,1.0,0.0,0,2,1470.3,normal
298.0,300.0,312.0,274.0,1.0,1.0,1.0,1.0,2.0,1184.0,0.0,151.04152348224514,1.0,0.0,0,2,1472.6,normal
297.0,298.0,313.0,274.0,1.0,1.0,1.0,1.0,3.0,1184.0,-2.0,151.25007153075822,1.0,0.0,0,2,1473.9,normal
296.0,297.0,315.0,276.0,1.0,1.0,1.0,1.0,4.0,1182.0,2.0,151.41554729922836,1.0,0.0,0,2,1481.7,normal
295.0,297.0,317.0,277.0,1.0,1.0,1.0,1.0,5.0,1184.0,2.0,151.4947218259629,1.0,0.0,2,2,1488.0,normal
295.0,294.0,318.0,279.0,1.0,1.0,1.0,1.0,0.0,1186.0,0.0,151.61680911680912,1.0,0.0,0,2,1488.5,normal
297.0,295.0,320.0,279.0,1.0,1.0,1.0,1.0,0.0,1186.0,5.0,151.73997155049787,1.0,0.0,0,2,1494.0,normal
298.0,296.0,320.0,280.0,1.0,1.0,1.0,1.0,0.0,1191.0,3.0,151.9499715747584,1.0,0.0,2,2,1497.0,normal
300.0,296.0,322.0,282.0,1.0,1.0,1.0,1.0,0.0,1194.0,6.0,152.03178206583428,1.0,1.0,0,2,1494.0,normal
302.0,298.0,323.0,283.0,1.0,1.0,1.0,1.0,1.0,1200.0,6.0,152.02887882219704,1.0,1.0,0,2,1503.8,normal
303.0,298.0,322.0,282.0,1.0,1.0,1.0,1.0,2.0,1206.0,-1.0,152.32691763373904,1.0,1.0,0,2,1505.6,normal
303.0,299.0,320.0,283.0,1.0,1.0,1.0,1.0,3.0,1205.0,0.0,152.53846153846155,1.0,1.0,0,2,1507.9,normal
305.0,299.0,320.0,281.0,1.0,1.0,1.0,1.0,4.0,1205.0,0.0,152.66337192883367,1.0,1.0,0,2,1511.7,normal
305.0,299.0,319.0,280.0,1.0,1.0,1.0,1.0,5.0,1205.0,-2.0,152.87358916478556,1.0,1.0,1,2,1511.5,normal
306.0,300.0,320.0,278.0,1.0,1.0,1.0,1.0,0.0,1203.0,1.0,152.99746407438715,1.0,1.0,0,2,1511.0,normal
308.0,302.0,322.0,279.0,1.0,1.0,1.0,1.0,0.0,1204.0,7.0,153.03683914510685,1.0,1.0,0,2,1520.5,normal
308.0,303.0,322.0,279.0,1.0,1.0,1.0,1.0,0.0,1211.0,1.0,153.3345515884172,1.0,1.0,1,2,1522.5,normal
310.0,305.0,324.0,279.0,1.0,1.0,1.0,1.0,0.0,1212.0,6.0,153.41818692113387,1.0,0.0,0,2,1513.5,normal
307.0,305.0,324.0,280.0,1.0,1.0,1.0,1.0,1.0,1218.0,-2.0,153.63011777902412,1.0,0.0,0,2,1514.8,normal
306.0,303.0,325.0,282.0,1.0,1.0,1.0,1.0,2.0,1216.0,0.0,153.75553066367965,1.0,0.0,0,2,1520.1,normal
306.0,302.0,325.0,282.0,1.0,1.0,1.0,1.0,3.0,1216.0,-1.0,153.9664241745943,1.0,0.0,0,2,1520.4,normal
303.0,302.0,327.0,284.0,1.0,1.0,1.0,1.0,4.0,1215.0,1.0,154.04804469273742,1.0,0.0,0,2,1527.7,normal
302.0,302.0,328.0,286.0,1.0,1.0,1.0,1.0,5.0,1216.0,2.0,154.21595982142858,1.0,0.0,2,2,1534.0,normal
303.0,301.0,329.0,287.0,1.0,1.0,1.0,1.0,0.0,1218.0,2.0,154.34104207300084,1.0,0.0,0,2,1534.0,normal
304.0,302.0,330.0,288.0,1.0,1.0,1.0,1.0,0.0,1220.0,4.0,154.50988032285,1.0,0.0,0,2,1539.0,normal
306.0,304.0,330.0,288.0,1.0,1.0,1.0,1.0,0.0,1224.0,4.0,154.67945510147345,1.0,0.0,2,2,1541.0,normal
306.0,305.0,332.0,289.0,1.0,1.0,1.0,1.0,0.0,1228.0,4.0,154.8497639544571,1.0,1.0,0,2,1532.5,normal
307.0,306.0,331.0,287.0,1.0,1.0,1.0,1.0,1.0,1232.0,-1.0,154.97642817526344,1.0,1.0,0,2,1535.8,normal
307.0,306.0,330.0,284.0,1.0,1.0,1.0,1.0,2.0,1231.0,-4.0,155.27363459939008,1.0,1.0,0,2,1534.6,normal
308.0,308.0,328.0,283.0,1.0,1.0,1.0,1.0,3.0,1227.0,0.0,155.44142896704514,1.0,1.0,0,2,1539.9,normal
308.0,309.0,328.0,284.0,1.0,1.0,1.0,1.0,4.0,1227.0,2.0,155.56637168141592,1.0,1.0,0,2,1543.2,normal
310.0,311.0,327.0,283.0,1.0,1.0,1.0,1.0,5.0,1229.0,2.0,155.73453038674032,1.0,1.0,1,2,1551.0,normal
310.0,311.0,326.0,282.0,1.0,1.0,1.0,1.0,0.0,1231.0,-2.0,156.030930682132,1.0,1.0,0,2,1546.0,normal
312.0,311.0,327.0,283.0,1.0,1.0,1.0,1.0,0.0,1229.0,4.0,156.19889655172415,1.0,1.0,0,2,1551.0,normal
313.0,313.0,328.0,285.0,1.0,1.0,1.0,1.0,0.0,1233.0,6.0,156.28201597356102,1.0,1.0,1,2,1558.5,normal
313.0,315.0,328.0,285.0,1.0,1.0,1.0,1.0,0.0,1239.0,2.0,156.53757225433526,1.0,0.0,0,2,1540.0,normal
313.0,314.0,330.0,286.0,1.0,1.0,1.0,1.0,1.0,1241.0,2.0,156.66410115448048,1.0,0.0,0,2,1546.3,normal
314.0,314.0,331.0,287.0,1.0,1.0,1.0,1.0,2.0,1243.0,3.0,156.74807903402854,1.0,0.0,0,2,1551.6,normal
315.0,314.0,331.0,288.0,1.0,1.0,1.0,1.0,3.0,1246.0,2.0,156.87530830364483,1.0,0.0,0,2,1554.9,normal
314.0,311.0,333.0,288.0,1.0,1.0,1.0,1.0,4.0,1248.0,-2.0,157.1306491372227,1.0,0.0,0,2,1557.7,normal
311.0,311.0,333.0,289.0,1.0,1.0,1.0,1.0,5.0,1246.0,-2.0,157.34209085933225,1.0,0.0,2,2,1559.0,normal
311.0,310.0,335.0,289.0,1.0,1.0,1.0,1.0,0.0,1244.0,1.0,157.51038819026792,1.0,0.0,0,2,1558.5,normal
313.0,310.0,337.0,289.0,1.0,1.0,1.0,1.0,0.0,1245.0,4.0,157.6794101583834,1.0,0.0,0,2,1563.5,normal
313.0,311.0,339.0,290.0,1.0,1.0,1.0,1.0,0.0,1249.0,4.0,157.84915439170757,1.0,0.0,2,2,1570.0,normal
315.0,313.0,341.0,291.0,1.0,1.0,1.0,1.0,0.0,1253.0,7.0,157.8913694527634,1.0,1.0,0,2,1572.0,normal
316.0,314.0,340.0,291.0,1.0,1.0,1.0,1.0,1.0,1260.0,1.0,158.06255099265707,1.0,1.0,0,2,1576.3,normal
317.0,315.0,339.0,291.0,1.0,1.0,1.0,1.0,2.0,1261.0,1.0,158.1477056747217,1.0,1.0,0,2,1580.6,normal
319.0,315.0,336.0,291.0,1.0,1.0,1.0,1.0,3.0,1262.0,-1.0,158.31814483319772,1.0,1.0,0,2,1583.9,normal
321.0,317.0,336.0,291.0,1.0,1.0,1.0,1.0,4.0,1261.0,4.0,158.31772665764547,1.0,1.0,0,2,1592.7,normal
323.0,317.0,335.0,289.0,1.0,1.0,1.0,1.0,5.0,1265.0,-1.0,158.53109789075177,1.0,1.0,1,2,1596.0,normal
325.0,318.0,333.0,287.0,1.0,1.0,1.0,1.0,0.0,1264.0,-1.0,158.65811504185794,1.0,1.0,0,2,1596.0,normal
327.0,319.0,333.0,287.0,1.0,1.0,1.0,1.0,0.0,1263.0,3.0,158.8712898003238,1.0,1.0,0,2,1602.0,normal
329.0,319.0,333.0,289.0,1.0,1.0,1.0,1.0,0.0,1266.0,4.0,159.0423180592992,1.0,1.0,1,2,1607.0,normal
330.0,321.0,334.0,291.0,1.0,1.0,1.0,1.0,0.0,1270.0,6.0,159.1289020452099,1.0,0.0,0,2,1575.5,normal
328.0,321.0,334.0,293.0,1.0,1.0,1.0,1.0,1.0,1276.0,0.0,159.3008064516129,1.0,0.0,0,2,1579.3,normal
326.0,321.0,335.0,294.0,1.0,1.0,1.0,1.0,2.0,1276.0,0.0,159.47234156820622,1.0,0.0,0,2,1583.1,normal
326.0,320.0,337.0,294.0,1.0,1.0,1.0,1.0,3.0,1276.0,1.0,159.55817694369972,1.0,0.0,0,2,1587.4,normal
325.0,318.0,339.0,296.0,1.0,1.0,1.0,1.0,4.0,1277.0,1.0,159.64400428265526,1.0,0.0,0,2,1594.7,normal
326.0,316.0,341.0,297.0,1.0,1.0,1.0,1.0,5.0,1278.0,2.0,159.7300908605024,1.0,0.0,2,2,1601.0,normal
326.0,315.0,342.0,297.0,1.0,1.0,1.0,1.0,0.0,1280.0,0.0,159.94392523364485,1.0,0.0,0,2,1598.5,normal
328.0,316.0,344.0,299.0,1.0,1.0,1.0,1.0,0.0,1280.0,7.0,159.988539445629,1.0,0.0,0,2,1608.0,normal
328.0,318.0,345.0,301.0,1.0,1.0,1.0,1.0,0.0,1287.0,5.0,160.11951024753793,1.0,0.0,2,2,1615.0,normal
328.0,318.0,346.0,301.0,1.0,1.0,1.0,1.0,0.0,1292.0,1.0,160.42096860031933,1.0,1.0,0,2,1615.5,normal
330.0,319.0,345.0,300.0,1.0,1.0,1.0,1.0,1.0,1293.0,1.0,160.5516874833909,1.0,1.0,0,2,1621.3,normal
332.0,320.0,344.0,299.0,1.0,1.0,1.0,1.0,2.0,1294.0,1.0,160.7249800902575,1.0,1.0,0,2,1627.1,normal
334.0,322.0,345.0,299.0,1.0,1.0,1.0,1.0,3.0,1295.0,5.0,160.7287417218543,1.0,1.0,0,2,1636.4,normal
334.0,324.0,343.0,298.0,1.0,1.0,1.0,1.0,4.0,1300.0,-1.0,160.90235512040223,1.0,1.0,0,2,1639.7,normal
335.0,325.0,342.0,297.0,1.0,1.0,1.0,1.0,5.0,1299.0,0.0,161.1608040201005,1.0,1.0,1,2,1643.5,normal
336.0,326.0,343.0,296.0,1.0,1.0,1.0,1.0,0.0,1299.0,2.0,161.2916006339144,1.0,1.0,0,2,1643.5,normal
338.0,326.0,343.0,297.0,1.0,1.0,1.0,1.0,0.0,1301.0,3.0,161.50804961731328,1.0,1.0,0,2,1648.0,normal
339.0,328.0,343.0,298.0,1.0,1.0,1.0,1.0,0.0,1304.0,4.0,161.68257316108622,1.0,1.0,1,2,1654.5,normal
341.0,328.0,343.0,299.0,1.0,1.0,1.0,1.0,0.0,1308.0,3.0,161.90015806111697,1.0,0.0,0,2,1618.5,normal
341.0,326.0,343.0,301.0,1.0,1.0,1.0,1.0,1.0,1311.0,0.0,162.11739931560936,1.0,0.0,0,2,1622.3,normal
338.0,324.0,345.0,302.0,1.0,1.0,1.0,1.0,2.0,1311.0,-2.0,162.33377169910574,1.0,0.0,0,2,1626.6,normal
338.0,324.0,346.0,303.0,1.0,1.0,1.0,1.0,3.0,1309.0,2.0,162.50761954808198,1.0,0.0,0,2,1631.4,normal
339.0,322.0,348.0,304.0,1.0,1.0,1.0,1.0,4.0,1311.0,2.0,162.63893991078456,1.0,0.0,0,2,1637.7,normal
340.0,319.0,348.0,306.0,1.0,1.0,1.0,1.0,5.0,1313.0,0.0,162.81258191349934,1.0,0.0,2,2,1641.5,normal
340.0,317.0,348.0,308.0,1.0,1.0,1.0,1.0,0.0,1313.0,0.0,162.9858601728201,1.0,0.0,0,2,1640.5,normal
340.0,317.0,349.0,310.0,1.0,1.0,1.0,1.0,0.0,1313.0,3.0,163.20225013082157,1.0,0.0,0,2,1646.5,normal
342.0,318.0,349.0,310.0,1.0,1.0,1.0,1.0,0.0,1316.0,3.0,163.41908496732026,1.0,0.0,2,2,1648.0,normal
342.0,319.0,350.0,311.0,1.0,1.0,1.0,1.0,0.0,1319.0,3.0,163.63636363636363,1.0,1.0,0,2,1652.5,normal
344.0,321.0,350.0,311.0,1.0,1.0,1.0,1.0,1.0,1322.0,4.0,163.64077163712201,1.0,1.0,0,2,1661.3,normal
346.0,321.0,349.0,311.0,1.0,1.0,1.0,1.0,2.0,1326.0,1.0,163.81588541666667,1.0,1.0,0,2,1665.6,normal
346.0,322.0,348.0,308.0,1.0,1.0,1.0,1.0,3.0,1327.0,-3.0,164.11793803696955,1.0,1.0,0,2,1666.4,normal
346.0,322.0,347.0,305.0,1.0,1.0,1.0,1.0,4.0,1324.0,-4.0,164.37600832682799,1.0,1.0,0,2,1665.2,normal
346.0,322.0,345.0,306.0,1.0,1.0,1.0,1.0,5.0,1320.0,-1.0,164.5907436297452,1.0,1.0,1,2,1665.5,normal
347.0,324.0,343.0,307.0,1.0,1.0,1.0,1.0,0.0,1319.0,2.0,164.67731048805814,1.0,1.0,0,2,1667.0,normal
349.0,324.0,345.0,307.0,1.0,1.0,1.0,1.0,0.0,1321.0,4.0,164.85010373443984,1.0,1.0,0,2,1672.0,normal
351.0,324.0,345.0,309.0,1.0,1.0,1.0,1.0,0.0,1325.0,4.0,165.02357512953367,1.0,1.0,1,2,1677.0,normal
351.0,325.0,346.0,310.0,1.0,1.0,1.0,1.0,0.0,1329.0,3.0,165.24022780222626,1.0,0.0,0,2,1650.0,normal
348.0,326.0,347.0,311.0,1.0,1.0,1.0,1.0,1.0,1332.0,0.0,165.4137574347039,1.0,0.0,0,2,1653.8,normal
347.0,326.0,349.0,313.0,1.0,1.0,1.0,1.0,2.0,1332.0,3.0,165.50219468112573,1.0,0.0,0,2,1662.1,normal
345.0,326.0,349.0,315.0,1.0,1.0,1.0,1.0,3.0,1335.0,0.0,165.63305827746262,1.0,0.0,0,2,1665.9,normal
345.0,327.0,351.0,315.0,1.0,1.0,1.0,1.0,4.0,1335.0,3.0,165.72167868177138,1.0,0.0,0,2,1671.2,normal
345.0,328.0,353.0,315.0,1.0,1.0,1.0,1.0,5.0,1338.0,3.0,165.8107969151671,1.0,0.0,2,2,1676.5,normal
344.0,327.0,353.0,317.0,1.0,1.0,1.0,1.0,0.0,1341.0,0.0,166.0274852298998,1.0,0.0,0,2,1675.5,normal
346.0,327.0,354.0,319.0,1.0,1.0,1.0,1.0,0.0,1341.0,5.0,166.1598255515649,1.0,0.0,0,2,1682.5,normal
347.0,328.0,354.0,319.0,1.0,1.0,1.0,1.0,0.0,1346.0,2.0,166.4202564102564,1.0,0.0,2,2,1683.5,normal
349.0,329.0,354.0,321.0,1.0,1.0,1.0,1.0,0.0,1348.0,5.0,166.55364916773368,1.0,1.0,0,2,1693.5,normal
350.0,330.0,353.0,318.0,1.0,1.0,1.0,1.0,1.0,1353.0,-2.0,166.81417967750193,1.0,1.0,0,2,1696.3,normal
350.0,330.0,353.0,319.0,1.0,1.0,1.0,1.0,2.0,1351.0,1.0,166.9892610585528,1.0,1.0,0,2,1697.6,normal
350.0,332.0,350.0,320.0,1.0,1.0,1.0,1.0,3.0,1352.0,0.0,167.1639846743295,1.0,1.0,0,2,1701.4,normal
351.0,334.0,348.0,319.0,1.0,1.0,1.0,1.0,4.0,1352.0,0.0,167.3383516203113,1.0,1.0,0,2,1706.7,normal
352.0,334.0,347.0,317.0,1.0,1.0,1.0,1.0,5.0,1352.0,-2.0,167.64005102040815,1.0,1.0,1,2,1708.0,normal
353.0,336.0,345.0,317.0,1.0,1.0,1.0,1.0,0.0,1350.0,1.0,167.77070063694268,1.0,1.0,0,2,1709.0,normal
353.0,336.0,345.0,317.0,1.0,1.0,1.0,1.0,0.0,1351.0,0.0,168.11490445859872,1.0,1.0,0,2,1709.0,normal
355.0,338.0,345.0,318.0,1.0,1.0,1.0,1.0,0.0,1351.0,5.0,168.24605597964376,1.0,1.0,1,2,1717.5,normal
356.0,339.0,347.0,319.0,1.0,1.0,1.0,1.0,0.0,1356.0,5.0,168.37814485387548,1.0,0.0,0,2,1679.5,normal
357.0,338.0,348.0,320.0,1.0,1.0,1.0,1.0,1.0,1361.0,2.0,168.55318608783955,1.0,0.0,0,2,1684.3,normal
356.0,336.0,349.0,321.0,1.0,1.0,1.0,1.0,2.0,1363.0,-1.0,168.72761856454477,1.0,0.0,0,2,1687.6,normal
356.0,336.0,351.0,321.0,1.0,1.0,1.0,1.0,3.0,1362.0,2.0,168.90220420572587,1.0,0.0,0,2,1692.4,normal
357.0,336.0,351.0,321.0,1.0,1.0,1.0,1.0,4.0,1364.0,1.0,169.07668944570995,1.0,0.0,0,2,1693.7,normal
357.0,336.0,353.0,323.0,1.0,1.0,1.0,1.0,5.0,1365.0,4.0,169.1235472460839,1.0,0.0,2,2,1702.5,normal
358.0,334.0,354.0,325.0,1.0,1.0,1.0,1.0,0.0,1369.0,2.0,169.21342078708375,1.0,0.0,0,2,1704.0,normal
360.0,334.0,355.0,326.0,1.0,1.0,1.0,1.0,0.0,1371.0,4.0,169.38936491935485,1.0,0.0,0,2,1709.0,normal
360.0,335.0,356.0,326.0,1.0,1.0,1.0,1.0,0.0,1375.0,2.0,169.65088161209067,1.0,0.0,2,2,1711.5,normal
360.0,336.0,358.0,327.0,1.0,1.0,1.0,1.0,0.0,1377.0,4.0,169.82762959235026,1.0,1.0,0,2,1734.5,normal
360.0,338.0,357.0,326.0,1.0,1.0,1.0,1.0,1.0,1381.0,0.0,169.91859296482411,1.0,1.0,0,2,1738.3,normal
362.0,340.0,355.0,325.0,1.0,1.0,1.0,1.0,2.0,1381.0,1.0,170.00953336678376,1.0,1.0,0,2,1745.6,normal
364.0,342.0,356.0,325.0,1.0,1.0,1.0,1.0,3.0,1382.0,5.0,170.01627441161742,1.0,1.0,0,2,1754.9,normal
366.0,344.0,354.0,323.0,1.0,1.0,1.0,1.0,4.0,1387.0,0.0,170.1505376344086,1.0,1.0,0,2,1761.7,normal
368.0,346.0,352.0,320.0,1.0,1.0,1.0,1.0,5.0,1387.0,-1.0,170.28421578421577,1.0,1.0,1,2,1768.0,normal
368.0,346.0,351.0,318.0,1.0,1.0,1.0,1.0,0.0,1386.0,-3.0,170.54443334997504,1.0,1.0,0,2,1762.5,normal
369.0,346.0,351.0,319.0,1.0,1.0,1.0,1.0,0.0,1383.0,2.0,170.8048902195609,1.0,1.0,0,2,1765.0,normal
370.0,346.0,352.0,320.0,1.0,1.0,1.0,1.0,0.0,1385.0,3.0,171.02318623784592,1.0,1.0,1,2,1768.0,normal
370.0,348.0,352.0,322.0,1.0,1.0,1.0,1.0,0.0,1388.0,4.0,171.19950186799502,1.0,0.0,0,2,1707.0,normal
371.0,347.0,353.0,322.0,1.0,1.0,1.0,1.0,1.0,1392.0,1.0,171.37571535207763,1.0,0.0,0,2,1709.8,normal
370.0,347.0,354.0,322.0,1.0,1.0,1.0,1.0,2.0,1393.0,0.0,171.55157842406166,1.0,0.0,0,2,1712.1,normal
368.0,346.0,355.0,324.0,1.0,1.0,1.0,1.0,3.0,1393.0,0.0,171.7270921281351,1.0,0.0,0,2,1717.4,normal
365.0,344.0,356.0,324.0,1.0,1.0,1.0,1.0,4.0,1393.0,-4.0,171.98659717051376,1.0,0.0,0,2,1717.7,normal
362.0,342.0,358.0,326.0,1.0,1.0,1.0,1.0,5.0,1389.0,-1.0,172.160178527151,1.0,0.0,2,2,1724.0,normal
361.0,342.0,358.0,328.0,1.0,1.0,1.0,1.0,0.0,1388.0,1.0,172.248328794256,1.0,0.0,0,2,1723.5,normal
362.0,343.0,358.0,328.0,1.0,1.0,1.0,1.0,0.0,1389.0,2.0,172.50730017322445,1.0,0.0,0,2,1724.5,normal
363.0,344.0,360.0,330.0,1.0,1.0,1.0,1.0,0.0,1391.0,6.0,172.59673832468496,1.0,0.0,2,2,1733.5,normal
365.0,345.0,362.0,332.0,1.0,1.0,1.0,1.0,0.0,1397.0,7.0,172.64504193389246,1.0,1.0,0,2,1767.0,normal
366.0,347.0,362.0,329.0,1.0,1.0,1.0,1.0,1.0,1404.0,0.0,172.82084770823064,1.0,1.0,0,2,1772.3,normal
366.0,347.0,360.0,328.0,1.0,1.0,1.0,1.0,2.0,1404.0,-3.0,173.0807881773399,1.0,1.0,0,2,1771.6,normal
368.0,349.0,360.0,329.0,1.0,1.0,1.0,1.0,3.0,1401.0,5.0,173.12859601671994,1.0,1.0,0,2,1780.9,normal
368.0,350.0,357.0,328.0,1.0,1.0,1.0,1.0,4.0,1406.0,-3.0,173.34570024570024,1.0,1.0,0,2,1781.7,normal
0.0,0.0,0.0,0.0,3.5,3.5,3.5,3.5,0.0,0.0,0.0,0.0,0.0,0.0,0,0,0.0,heavy_traffic
1.0,2.0,3.0,5.0,3.5,3.5,3.5,3.5,1.0,11.0,0.0,0.7333333333333333,0.11,0.0,0,0,18.3,heavy_traffic
2.0,1.0,8.0,7.0,3.5,3.5,3.5,3.5,2.0,11.0,7.0,1.0357142857142858,0.18,0.0,0,1,33.1,heavy_traffic
2.0,5.0,13.0,10.0,3.5,3.5,3.5,3.5,3.0,18.0,12.0,1.372093023255814,0.3,0.0,0,2,51.9,heavy_traffic
1.0,7.0,18.0,13.0,3.5,3.5,3.5,3.5,4.0,30.0,9.0,1.6896551724137931,0.39,0.0,0,2,69.2,heavy_traffic
1.0,7.0,20.0,18.0,3.5,3.5,3.5,3.5,5.0,39.0,7.0,2.028169014084507,0.46,0.0,2,2,84.0,heavy_traffic
3.0,10.0,25.0,21.0,3.5,3.5,3.5,3.5,0.0,46.0,13.0,2.3068181818181817,0.59,0.0,0,2,98.5,heavy_traffic
7.0,14.0,30.0,24.0,3.5,3.5,3.5,3.5,0.0,59.0,16.0,2.673076923076923,0.75,0.0,0,2,118.5,heavy_traffic
10.0,19.0,34.0,28.0,3.5,3.5,3.5,3.5,0.0,75.0,16.0,3.075,0.91,0.0,2,2,138.5,heavy_traffic
13.0,22.0,37.0,32.0,3.5,3.5,3.5,3.5,0.0,91.0,13.0,3.556390977443609,1.0,1.0,0,2,104.5,heavy_traffic
17.0,25.0,37.0,35.0,3.5,3.5,3.5,3.5,1.0,104.0,10.0,3.993197278911565,1.0,1.0,0,2,120.8,heavy_traffic
21.0,30.0,40.0,38.0,3.5,3.5,3.5,3.5,2.0,114.0,15.0,4.33939393939394,1.0,1.0,0,2,142.6,heavy_traffic
23.0,32.0,44.0,38.0,3.5,3.5,3.5,3.5,3.0,129.0,8.0,4.8192090395480225,1.0,1.0,0,2,153.4,heavy_traffic
25.0,35.0,46.0,38.0,3.5,3.5,3.5,3.5,4.0,137.0,7.0,5.275132275132275,1.0,1.0,0,2,165.2,heavy_traffic
29.0,38.0,47.0,39.0,3.5,3.5,3.5,3.5,5.0,144.0,9.0,5.693069306930693,1.0,1.0,1,2,181.0,heavy_traffic
31.0,42.0,49.0,38.0,3.5,3.5,3.5,3.5,0.0,153.0,7.0,6.093023255813954,1.0,1.0,0,2,189.5,heavy_traffic
34.0,47.0,52.0,42.0,3.5,3.5,3.5,3.5,0.0,160.0,15.0,6.456521739130435,1.0,1.0,0,2,209.0,heavy_traffic
36.0,52.0,57.0,47.0,3.5,3.5,3.5,3.5,0.0,175.0,17.0,6.7894736842105265,1.0,1.0,1,2,228.0,heavy_traffic
40.0,54.0,59.0,51.0,3.5,3.5,3.5,3.5,0.0,192.0,12.0,7.262548262548263,1.0,0.0,0,2,267.0,heavy_traffic
40.0,56.0,62.0,55.0,3.5,3.5,3.5,3.5,1.0,204.0,9.0,7.642335766423358,1.0,0.0,0,2,282.8,heavy_traffic
42.0,56.0,66.0,60.0,3.5,3.5,3.5,3.5,2.0,213.0,11.0,8.020761245674741,1.0,0.0,0,2,302.6,heavy_traffic
42.0,58.0,69.0,62.0,3.5,3.5,3.5,3.5,3.0,224.0,7.0,8.525083612040135,1.0,0.0,0,2,314.4,heavy_traffic
46.0,59.0,73.0,65.0,3.5,3.5,3.5,3.5,4.0,231.0,12.0,8.863492063492064,1.0,0.0,0,2,331.7,heavy_traffic
47.0,60.0,77.0,70.0,3.5,3.5,3.5,3.5,5.0,243.0,11.0,9.23030303030303,1.0,0.0,2,2,351.5,heavy_traffic
46.0,60.0,81.0,72.0,3.5,3.5,3.5,3.5,0.0,254.0,5.0,9.69208211143695,1.0,0.0,0,2,359.0,heavy_traffic
50.0,65.0,85.0,74.0,3.5,3.5,3.5,3.5,0.0,259.0,15.0,10.053370786516854,1.0,0.0,0,2,375.5,heavy_traffic
54.0,68.0,88.0,76.0,3.5,3.5,3.5,3.5,0.0,274.0,12.0,10.502717391304348,1.0,0.0,2,2,389.0,heavy_traffic
57.0,73.0,93.0,78.0,3.5,3.5,3.5,3.5,0.0,286.0,15.0,10.877284595300262,1.0,1.0,0,2,345.5,heavy_traffic
61.0,76.0,94.0,80.0,3.5,3.5,3.5,3.5,1.0,301.0,10.0,11.277078085642318,1.0,1.0,0,2,361.8,heavy_traffic
65.0,79.0,98.0,79.0,3.5,3.5,3.5,3.5,2.0,311.0,10.0,11.673965936739659,1.0,1.0,0,2,378.1,heavy_traffic
69.0,84.0,100.0,79.0,3.5,3.5,3.5,3.5,3.0,321.0,11.0,12.04225352112676,1.0,1.0,0,2,397.9,heavy_traffic
73.0,89.0,100.0,81.0,3.5,3.5,3.5,3.5,4.0,332.0,11.0,12.382352941176471,1.0,1.0,0,2,417.7,heavy_traffic
77.0,91.0,102.0,85.0,3.5,3.5,3.5,3.5,5.0,343.0,12.0,12.752735229759299,1.0,1.0,1,2,433.5,heavy_traffic
81.0,94.0,105.0,86.0,3.5,3.5,3.5,3.5,0.0,355.0,11.0,13.178723404255319,1.0,1.0,0,2,445.5,heavy_traffic
83.0,96.0,108.0,89.0,3.5,3.5,3.5,3.5,0.0,366.0,10.0,13.6875,1.0,1.0,0,2,456.5,heavy_traffic
88.0,98.0,111.0,94.0,3.5,3.5,3.5,3.5,0.0,376.0,15.0,14.062626262626262,1.0,1.0,1,2,474.5,heavy_traffic
90.0,101.0,113.0,99.0,3.5,3.5,3.5,3.5,0.0,391.0,12.0,14.52465483234714,1.0,0.0,0,2,519.5,heavy_traffic
93.0,102.0,115.0,101.0,3.5,3.5,3.5,3.5,1.0,403.0,8.0,15.038684719535784,1.0,0.0,0,2,530.3,heavy_traffic
95.0,102.0,118.0,105.0,3.5,3.5,3.5,3.5,2.0,411.0,9.0,15.462264150943396,1.0,0.0,0,2,546.1,heavy_traffic
99.0,105.0,123.0,109.0,3.5,3.5,3.5,3.5,3.0,420.0,16.0,15.721311475409836,1.0,0.0,0,2,568.4,heavy_traffic
98.0,106.0,125.0,111.0,3.5,3.5,3.5,3.5,4.0,436.0,4.0,16.285457809694794,1.0,0.0,0,2,577.2,heavy_traffic
99.0,107.0,129.0,115.0,3.5,3.5,3.5,3.5,5.0,440.0,10.0,16.674255691768828,1.0,0.0,2,2,595.0,heavy_traffic
100.0,111.0,134.0,120.0,3.5,3.5,3.5,3.5,0.0,450.0,15.0,16.92542372881356,1.0,0.0,0,2,613.5,heavy_traffic
105.0,114.0,137.0,123.0,3.5,3.5,3.5,3.5,0.0,465.0,14.0,17.326158940397352,1.0,0.0,0,2,629.5,heavy_traffic
110.0,118.0,140.0,127.0,3.5,3.5,3.5,3.5,0.0,479.0,16.0,17.677419354838708,1.0,0.0,2,2,648.0,heavy_traffic
114.0,120.0,143.0,129.0,3.5,3.5,3.5,3.5,0.0,495.0,11.0,18.171156893819333,1.0,1.0,0,2,604.0,heavy_traffic
116.0,122.0,146.0,130.0,3.5,3.5,3.5,3.5,1.0,506.0,8.0,18.660436137071652,1.0,1.0,0,2,614.8,heavy_traffic
120.0,125.0,150.0,132.0,3.5,3.5,3.5,3.5,2.0,514.0,13.0,19.036529680365298,1.0,1.0,0,2,632.6,heavy_traffic
123.0,129.0,152.0,131.0,3.5,3.5,3.5,3.5,3.0,527.0,8.0,19.49476831091181,1.0,1.0,0,2,647.9,heavy_traffic
125.0,134.0,151.0,134.0,3.5,3.5,3.5,3.5,4.0,535.0,9.0,19.920821114369502,1.0,1.0,0,2,663.7,heavy_traffic
129.0,136.0,152.0,137.0,3.5,3.5,3.5,3.5,5.0,544.0,10.0,20.316091954022987,1.0,1.0,1,2,678.5,heavy_traffic
132.0,139.0,151.0,140.0,3.5,3.5,3.5,3.5,0.0,554.0,8.0,20.76553672316384,1.0,1.0,0,2,687.5,heavy_traffic
135.0,143.0,156.0,145.0,3.5,3.5,3.5,3.5,0.0,562.0,17.0,21.077241379310344,1.0,1.0,0,2,706.5,heavy_traffic
139.0,147.0,159.0,149.0,3.5,3.5,3.5,3.5,0.0,579.0,15.0,21.4527027027027,1.0,1.0,1,2,726.0,heavy_traffic
143.0,152.0,162.0,151.0,3.5,3.5,3.5,3.5,0.0,594.0,14.0,21.860742705570292,1.0,0.0,0,2,773.5,heavy_traffic
145.0,153.0,165.0,156.0,3.5,3.5,3.5,3.5,1.0,608.0,11.0,22.23927178153446,1.0,0.0,0,2,791.8,heavy_traffic
146.0,155.0,170.0,161.0,3.5,3.5,3.5,3.5,2.0,619.0,13.0,22.56234096692112,1.0,0.0,0,2,814.1,heavy_traffic
147.0,157.0,172.0,164.0,3.5,3.5,3.5,3.5,3.0,632.0,8.0,22.9675,1.0,0.0,0,2,826.4,heavy_traffic
147.0,158.0,175.0,167.0,3.5,3.5,3.5,3.5,4.0,640.0,7.0,23.42487684729064,1.0,0.0,0,2,839.7,heavy_traffic
146.0,157.0,177.0,169.0,3.5,3.5,3.5,3.5,5.0,647.0,2.0,23.98780487804878,1.0,0.0,2,2,847.5,heavy_traffic
148.0,157.0,179.0,173.0,3.5,3.5,3.5,3.5,0.0,649.0,8.0,24.372901678657076,1.0,0.0,0,2,856.5,heavy_traffic
153.0,160.0,183.0,178.0,3.5,3.5,3.5,3.5,0.0,657.0,17.0,24.678025851938894,1.0,0.0,0,2,878.5,heavy_traffic
156.0,164.0,186.0,183.0,3.5,3.5,3.5,3.5,0.0,674.0,15.0,25.04618937644342,1.0,0.0,2,2,898.0,heavy_traffic
158.0,169.0,190.0,185.0,3.5,3.5,3.5,3.5,0.0,689.0,13.0,25.474402730375427,1.0,1.0,0,2,841.5,heavy_traffic
161.0,172.0,192.0,189.0,3.5,3.5,3.5,3.5,1.0,702.0,12.0,25.87458006718925,1.0,1.0,0,2,857.3,heavy_traffic
164.0,177.0,195.0,189.0,3.5,3.5,3.5,3.5,2.0,714.0,11.0,26.274531422271224,1.0,1.0,0,2,875.6,heavy_traffic
167.0,179.0,198.0,192.0,3.5,3.5,3.5,3.5,3.0,725.0,11.0,26.703260869565216,1.0,1.0,0,2,889.4,heavy_traffic
170.0,183.0,201.0,196.0,3.5,3.5,3.5,3.5,4.0,736.0,14.0,27.019210245464247,1.0,1.0,0,2,907.7,heavy_traffic
172.0,187.0,200.0,198.0,3.5,3.5,3.5,3.5,5.0,750.0,7.0,27.47523709167545,1.0,1.0,1,2,921.0,heavy_traffic
175.0,192.0,202.0,199.0,3.5,3.5,3.5,3.5,0.0,757.0,11.0,27.786749482401657,1.0,1.0,0,2,934.5,heavy_traffic
177.0,196.0,207.0,202.0,3.5,3.5,3.5,3.5,0.0,768.0,14.0,28.187755102040818,1.0,1.0,0,2,950.5,heavy_traffic
182.0,200.0,211.0,207.0,3.5,3.5,3.5,3.5,0.0,782.0,18.0,28.480961923847694,1.0,1.0,1,2,973.0,heavy_traffic
187.0,202.0,214.0,212.0,3.5,3.5,3.5,3.5,0.0,800.0,15.0,28.863770977295164,1.0,0.0,0,2,1046.5,heavy_traffic
189.0,204.0,216.0,216.0,3.5,3.5,3.5,3.5,1.0,815.0,10.0,29.330731707317074,1.0,0.0,0,2,1061.3,heavy_traffic
189.0,206.0,220.0,218.0,3.5,3.5,3.5,3.5,2.0,825.0,8.0,29.79459980713597,1.0,0.0,0,2,1075.1,heavy_traffic
191.0,208.0,222.0,223.0,3.5,3.5,3.5,3.5,3.0,833.0,11.0,30.143399810066477,1.0,0.0,0,2,1091.9,heavy_traffic
195.0,210.0,225.0,228.0,3.5,3.5,3.5,3.5,4.0,844.0,14.0,30.49485500467727,1.0,0.0,0,2,1111.7,heavy_traffic
194.0,210.0,228.0,231.0,3.5,3.5,3.5,3.5,5.0,858.0,5.0,30.983333333333334,1.0,0.0,2,2,1124.0,heavy_traffic
194.0,212.0,230.0,234.0,3.5,3.5,3.5,3.5,0.0,863.0,7.0,31.49724770642202,1.0,0.0,0,2,1131.0,heavy_traffic
199.0,214.0,234.0,236.0,3.5,3.5,3.5,3.5,0.0,870.0,13.0,31.926563916591114,1.0,0.0,0,2,1146.5,heavy_traffic
202.0,219.0,239.0,241.0,3.5,3.5,3.5,3.5,0.0,883.0,18.0,32.217662801070475,1.0,0.0,2,2,1170.5,heavy_traffic
205.0,222.0,244.0,244.0,3.5,3.5,3.5,3.5,0.0,901.0,14.0,32.626431718061674,1.0,1.0,0,2,1098.0,heavy_traffic
208.0,226.0,245.0,245.0,3.5,3.5,3.5,3.5,1.0,915.0,9.0,33.03307223672759,1.0,1.0,0,2,1113.8,heavy_traffic
210.0,229.0,249.0,249.0,3.5,3.5,3.5,3.5,2.0,924.0,13.0,33.41237113402062,1.0,1.0,0,2,1128.6,heavy_traffic
212.0,232.0,251.0,251.0,3.5,3.5,3.5,3.5,3.0,937.0,9.0,33.847068819031435,1.0,1.0,0,2,1141.4,heavy_traffic
215.0,237.0,252.0,251.0,3.5,3.5,3.5,3.5,4.0,946.0,9.0,34.30866274179983,1.0,1.0,0,2,1158.7,heavy_traffic
218.0,239.0,255.0,255.0,3.5,3.5,3.5,3.5,5.0,955.0,12.0,34.6843853820598,1.0,1.0,1,2,1173.0,heavy_traffic
223.0,242.0,258.0,257.0,3.5,3.5,3.5,3.5,0.0,967.0,13.0,34.97545008183306,1.0,1.0,0,2,1187.5,heavy_traffic
225.0,247.0,261.0,261.0,3.5,3.5,3.5,3.5,0.0,980.0,14.0,35.383495145631066,1.0,1.0,0,2,1205.0,heavy_traffic
230.0,250.0,263.0,265.0,3.5,3.5,3.5,3.5,0.0,994.0,14.0,35.7936,1.0,1.0,1,2,1224.0,heavy_traffic
235.0,254.0,266.0,267.0,3.5,3.5,3.5,3.5,0.0,1008.0,14.0,36.20569620253165,1.0,0.0,0,2,1310.5,heavy_traffic
234.0,255.0,268.0,272.0,3.5,3.5,3.5,3.5,1.0,1022.0,7.0,36.70039215686275,1.0,0.0,0,2,1325.3,heavy_traffic
237.0,258.0,272.0,274.0,3.5,3.5,3.5,3.5,2.0,1029.0,12.0,37.08062015503876,1.0,0.0,0,2,1341.1,heavy_traffic
238.0,260.0,277.0,278.0,3.5,3.5,3.5,3.5,3.0,1041.0,12.0,37.40397857689365,1.0,0.0,0,2,1361.4,heavy_traffic
242.0,261.0,282.0,283.0,3.5,3.5,3.5,3.5,4.0,1053.0,15.0,37.70188679245283,1.0,0.0,0,2,1384.7,heavy_traffic
244.0,263.0,286.0,287.0,3.5,3.5,3.5,3.5,5.0,1068.0,12.0,38.0290611028316,1.0,0.0,2,2,1403.5,heavy_traffic
244.0,264.0,289.0,292.0,3.5,3.5,3.5,3.5,0.0,1080.0,9.0,38.46789667896679,1.0,0.0,0,2,1416.0,heavy_traffic
246.0,267.0,294.0,296.0,3.5,3.5,3.5,3.5,0.0,1089.0,14.0,38.88020452885318,1.0,0.0,0,2,1436.5,heavy_traffic
248.0,270.0,299.0,298.0,3.5,3.5,3.5,3.5,0.0,1103.0,12.0,39.34974656046343,1.0,0.0,2,2,1453.0,heavy_traffic
250.0,273.0,304.0,303.0,3.5,3.5,3.5,3.5,0.0,1115.0,15.0,39.73638968481375,1.0,1.0,0,2,1349.5,heavy_traffic
252.0,275.0,306.0,305.0,3.5,3.5,3.5,3.5,1.0,1130.0,8.0,40.23454157782516,1.0,1.0,0,2,1360.3,heavy_traffic
254.0,280.0,308.0,306.0,3.5,3.5,3.5,3.5,2.0,1138.0,10.0,40.58889669711876,1.0,1.0,0,2,1376.6,heavy_traffic
256.0,283.0,312.0,310.0,3.5,3.5,3.5,3.5,3.0,1148.0,13.0,40.97287899860918,1.0,1.0,0,2,1391.4,heavy_traffic
260.0,286.0,311.0,312.0,3.5,3.5,3.5,3.5,4.0,1161.0,8.0,41.44,1.0,1.0,0,2,1406.7,heavy_traffic
262.0,290.0,313.0,313.0,3.5,3.5,3.5,3.5,5.0,1169.0,9.0,41.93429158110883,1.0,1.0,1,2,1421.0,heavy_traffic
266.0,295.0,315.0,315.0,3.5,3.5,3.5,3.5,0.0,1178.0,13.0,42.22920892494929,1.0,1.0,0,2,1437.0,heavy_traffic
269.0,297.0,317.0,317.0,3.5,3.5,3.5,3.5,0.0,1191.0,9.0,42.78024193548387,1.0,1.0,0,2,1449.0,heavy_traffic
273.0,301.0,321.0,321.0,3.5,3.5,3.5,3.5,0.0,1200.0,16.0,43.13364361702128,1.0,1.0,1,2,1469.0,heavy_traffic
276.0,304.0,326.0,326.0,3.5,3.5,3.5,3.5,0.0,1216.0,16.0,43.49013157894737,1.0,0.0,0,2,1594.0,heavy_traffic
275.0,307.0,329.0,331.0,3.5,3.5,3.5,3.5,1.0,1232.0,10.0,43.90286831812256,1.0,0.0,0,2,1611.8,heavy_traffic
274.0,309.0,333.0,333.0,3.5,3.5,3.5,3.5,2.0,1242.0,7.0,44.369987063389395,1.0,0.0,0,2,1625.1,heavy_traffic
277.0,312.0,338.0,338.0,3.5,3.5,3.5,3.5,3.0,1249.0,16.0,44.63961661341853,1.0,0.0,0,2,1648.9,heavy_traffic
281.0,315.0,340.0,343.0,3.5,3.5,3.5,3.5,4.0,1265.0,14.0,44.96839443742098,1.0,0.0,0,2,1667.2,heavy_traffic
281.0,318.0,343.0,346.0,3.5,3.5,3.5,3.5,5.0,1279.0,9.0,45.409404388714734,1.0,0.0,2,2,1681.5,heavy_traffic
283.0,319.0,347.0,349.0,3.5,3.5,3.5,3.5,0.0,1288.0,10.0,45.84950248756219,1.0,0.0,0,2,1693.0,heavy_traffic
288.0,323.0,349.0,352.0,3.5,3.5,3.5,3.5,0.0,1298.0,14.0,46.262638717632555,1.0,0.0,0,2,1707.5,heavy_traffic
293.0,327.0,353.0,355.0,3.5,3.5,3.5,3.5,0.0,1312.0,16.0,46.62148962148962,1.0,0.0,2,2,1726.0,heavy_traffic
297.0,330.0,356.0,360.0,3.5,3.5,3.5,3.5,0.0,1328.0,15.0,47.010889292196005,1.0,1.0,0,2,1612.0,heavy_traffic
300.0,333.0,358.0,363.0,3.5,3.5,3.5,3.5,1.0,1343.0,11.0,47.45678271308523,1.0,1.0,0,2,1627.3,heavy_traffic
303.0,336.0,361.0,365.0,3.5,3.5,3.5,3.5,2.0,1354.0,11.0,47.90232281119714,1.0,1.0,0,2,1642.6,heavy_traffic
305.0,341.0,361.0,365.0,3.5,3.5,3.5,3.5,3.0,1365.0,7.0,48.40236686390533,1.0,1.0,0,2,1657.4,heavy_traffic
309.0,346.0,364.0,367.0,3.5,3.5,3.5,3.5,4.0,1372.0,14.0,48.70374707259953,1.0,1.0,0,2,1678.7,heavy_traffic
313.0,351.0,366.0,367.0,3.5,3.5,3.5,3.5,5.0,1386.0,11.0,49.09053975623912,1.0,1.0,1,2,1698.5,heavy_traffic
318.0,356.0,366.0,368.0,3.5,3.5,3.5,3.5,0.0,1397.0,11.0,49.448533640023,1.0,1.0,0,2,1715.0,heavy_traffic
321.0,361.0,368.0,373.0,3.5,3.5,3.5,3.5,0.0,1408.0,15.0,49.836944127708094,1.0,1.0,0,2,1734.5,heavy_traffic
325.0,363.0,370.0,376.0,3.5,3.5,3.5,3.5,0.0,1423.0,11.0,50.33881019830028,1.0,1.0,1,2,1749.0,heavy_traffic
330.0,365.0,374.0,380.0,3.5,3.5,3.5,3.5,0.0,1434.0,15.0,50.72865168539326,1.0,0.0,0,2,1855.5,heavy_traffic
332.0,366.0,378.0,383.0,3.5,3.5,3.5,3.5,1.0,1449.0,10.0,51.146042363433665,1.0,0.0,0,2,1871.8,heavy_traffic
334.0,369.0,381.0,388.0,3.5,3.5,3.5,3.5,2.0,1459.0,13.0,51.50718232044199,1.0,0.0,0,2,1891.1,heavy_traffic
337.0,371.0,385.0,393.0,3.5,3.5,3.5,3.5,3.0,1472.0,14.0,51.8129102844639,1.0,0.0,0,2,1912.4,heavy_traffic
337.0,372.0,388.0,395.0,3.5,3.5,3.5,3.5,4.0,1486.0,6.0,52.31430125067972,1.0,0.0,0,2,1923.7,heavy_traffic
339.0,374.0,393.0,398.0,3.5,3.5,3.5,3.5,5.0,1492.0,12.0,52.67385444743935,1.0,0.0,2,2,1942.5,heavy_traffic
340.0,377.0,395.0,401.0,3.5,3.5,3.5,3.5,0.0,1504.0,9.0,53.11723768736617,1.0,0.0,0,2,1950.5,heavy_traffic
343.0,381.0,400.0,405.0,3.5,3.5,3.5,3.5,0.0,1513.0,16.0,53.47770700636943,1.0,0.0,0,2,1972.0,heavy_traffic
347.0,383.0,405.0,407.0,3.5,3.5,3.5,3.5,0.0,1529.0,13.0,53.924090669478126,1.0,0.0,2,2,1989.0,heavy_traffic
350.0,385.0,408.0,411.0,3.5,3.5,3.5,3.5,0.0,1542.0,12.0,54.399161864850704,1.0,1.0,0,2,1879.5,heavy_traffic
355.0,387.0,411.0,413.0,3.5,3.5,3.5,3.5,1.0,1554.0,12.0,54.76051948051948,1.0,1.0,0,2,1896.8,heavy_traffic
359.0,391.0,413.0,414.0,3.5,3.5,3.5,3.5,2.0,1566.0,11.0,55.17844249613203,1.0,1.0,0,2,1915.1,heavy_traffic
363.0,394.0,414.0,416.0,3.5,3.5,3.5,3.5,3.0,1577.0,10.0,55.59549411162315,1.0,1.0,0,2,1931.4,heavy_traffic
368.0,399.0,413.0,419.0,3.5,3.5,3.5,3.5,4.0,1587.0,12.0,55.92741116751269,1.0,1.0,0,2,1953.2,heavy_traffic
373.0,402.0,414.0,420.0,3.5,3.5,3.5,3.5,5.0,1599.0,10.0,56.315365239294714,1.0,1.0,1,2,1971.0,heavy_traffic
378.0,404.0,414.0,422.0,3.5,3.5,3.5,3.5,0.0,1609.0,9.0,56.787180771156734,1.0,1.0,0,2,1982.0,heavy_traffic
382.0,408.0,418.0,426.0,3.5,3.5,3.5,3.5,0.0,1618.0,16.0,57.14754098360656,1.0,1.0,0,2,2002.0,heavy_traffic
387.0,412.0,423.0,430.0,3.5,3.5,3.5,3.5,0.0,1634.0,18.0,57.45445593303791,1.0,1.0,1,2,2024.5,heavy_traffic
392.0,417.0,426.0,433.0,3.5,3.5,3.5,3.5,0.0,1652.0,16.0,57.82022471910113,1.0,0.0,0,2,2122.5,heavy_traffic
391.0,417.0,429.0,437.0,3.5,3.5,3.5,3.5,1.0,1668.0,6.0,58.29626032054395,1.0,0.0,0,2,2136.8,heavy_traffic
392.0,419.0,432.0,442.0,3.5,3.5,3.5,3.5,2.0,1674.0,11.0,58.74372586872587,1.0,0.0,0,2,2155.1,heavy_traffic
392.0,421.0,434.0,444.0,3.5,3.5,3.5,3.5,3.0,1685.0,6.0,59.245319251080176,1.0,0.0,0,2,2164.9,heavy_traffic
393.0,420.0,438.0,447.0,3.5,3.5,3.5,3.5,4.0,1691.0,7.0,59.74498567335244,1.0,0.0,0,2,2179.7,heavy_traffic
395.0,422.0,441.0,450.0,3.5,3.5,3.5,3.5,5.0,1698.0,10.0,60.12991939307729,1.0,0.0,2,2,2194.5,heavy_traffic
399.0,424.0,444.0,453.0,3.5,3.5,3.5,3.5,0.0,1708.0,12.0,60.543570419218085,1.0,0.0,0,2,2205.5,heavy_traffic
403.0,428.0,449.0,458.0,3.5,3.5,3.5,3.5,0.0,1720.0,18.0,60.84633348902382,1.0,0.0,0,2,2229.5,heavy_traffic
407.0,433.0,452.0,461.0,3.5,3.5,3.5,3.5,0.0,1738.0,15.0,61.2360853432282,1.0,0.0,2,2,2246.0,heavy_traffic
412.0,438.0,456.0,465.0,3.5,3.5,3.5,3.5,0.0,1753.0,18.0,61.543698252069916,1.0,1.0,0,2,2160.5,heavy_traffic
417.0,441.0,456.0,468.0,3.5,3.5,3.5,3.5,1.0,1771.0,11.0,61.93604385564185,1.0,1.0,0,2,2178.8,heavy_traffic
422.0,445.0,458.0,471.0,3.5,3.5,3.5,3.5,2.0,1782.0,14.0,62.30113378684807,1.0,1.0,0,2,2200.1,heavy_traffic
425.0,449.0,459.0,475.0,3.5,3.5,3.5,3.5,3.0,1796.0,12.0,62.666366501575865,1.0,1.0,0,2,2217.4,heavy_traffic
430.0,454.0,461.0,475.0,3.5,3.5,3.5,3.5,4.0,1808.0,12.0,63.0317389360751,1.0,1.0,0,2,2239.2,heavy_traffic
433.0,456.0,463.0,475.0,3.5,3.5,3.5,3.5,5.0,1820.0,7.0,63.50778123610493,1.0,1.0,1,2,2251.0,heavy_traffic
438.0,461.0,463.0,475.0,3.5,3.5,3.5,3.5,0.0,1827.0,10.0,63.87019867549669,1.0,1.0,0,2,2267.0,heavy_traffic
443.0,466.0,466.0,479.0,3.5,3.5,3.5,3.5,0.0,1837.0,17.0,64.2068361086766,1.0,1.0,0,2,2290.5,heavy_traffic
445.0,471.0,469.0,483.0,3.5,3.5,3.5,3.5,0.0,1854.0,14.0,64.62891986062718,1.0,1.0,1,2,2308.0,heavy_traffic
449.0,475.0,474.0,486.0,3.5,3.5,3.5,3.5,0.0,1868.0,16.0,64.99653979238754,1.0,0.0,0,2,2382.0,heavy_traffic
450.0,475.0,477.0,490.0,3.5,3.5,3.5,3.5,1.0,1884.0,8.0,65.4750430292599,1.0,0.0,0,2,2397.3,heavy_traffic
454.0,478.0,481.0,495.0,3.5,3.5,3.5,3.5,2.0,1892.0,16.0,65.75842936406316,1.0,0.0,0,2,2419.6,heavy_traffic
455.0,480.0,483.0,497.0,3.5,3.5,3.5,3.5,3.0,1908.0,7.0,66.32100340136054,1.0,0.0,0,2,2429.9,heavy_traffic
456.0,483.0,486.0,502.0,3.5,3.5,3.5,3.5,4.0,1915.0,12.0,66.6866554054054,1.0,0.0,0,2,2448.7,heavy_traffic
457.0,484.0,489.0,504.0,3.5,3.5,3.5,3.5,5.0,1927.0,7.0,67.21951219512195,1.0,0.0,2,2,2460.5,heavy_traffic
459.0,487.0,493.0,509.0,3.5,3.5,3.5,3.5,0.0,1934.0,14.0,67.52754590984975,1.0,0.0,0,2,2477.0,heavy_traffic
461.0,491.0,495.0,512.0,3.5,3.5,3.5,3.5,0.0,1948.0,11.0,68.03282093892813,1.0,0.0,0,2,2490.0,heavy_traffic
463.0,495.0,500.0,514.0,3.5,3.5,3.5,3.5,0.0,1959.0,13.0,68.48223140495868,1.0,0.0,2,2,2507.0,heavy_traffic
468.0,498.0,503.0,518.0,3.5,3.5,3.5,3.5,0.0,1972.0,15.0,68.87638603696098,1.0,1.0,0,2,2442.5,heavy_traffic
473.0,500.0,503.0,519.0,3.5,3.5,3.5,3.5,1.0,1987.0,8.0,69.35390273804659,1.0,1.0,0,2,2457.8,heavy_traffic
476.0,502.0,503.0,523.0,3.5,3.5,3.5,3.5,2.0,1995.0,9.0,69.8020325203252,1.0,1.0,0,2,2470.6,heavy_traffic
479.0,507.0,506.0,526.0,3.5,3.5,3.5,3.5,3.0,2004.0,14.0,70.13766653209528,1.0,1.0,0,2,2490.4,heavy_traffic
481.0,509.0,507.0,529.0,3.5,3.5,3.5,3.5,4.0,2018.0,8.0,70.585140562249,1.0,1.0,0,2,2501.2,heavy_traffic
484.0,513.0,508.0,531.0,3.5,3.5,3.5,3.5,5.0,2026.0,10.0,71.0603517186251,1.0,1.0,1,2,2517.5,heavy_traffic
489.0,517.0,508.0,531.0,3.5,3.5,3.5,3.5,0.0,2036.0,9.0,71.47774244833069,1.0,1.0,0,2,2531.5,heavy_traffic
491.0,522.0,511.0,533.0,3.5,3.5,3.5,3.5,0.0,2045.0,12.0,71.95213607594937,1.0,1.0,0,2,2548.0,heavy_traffic
493.0,527.0,514.0,537.0,3.5,3.5,3.5,3.5,0.0,2057.0,14.0,72.3705743509048,1.0,1.0,1,2,2565.5,heavy_traffic
495.0,530.0,517.0,542.0,3.5,3.5,3.5,3.5,0.0,2071.0,13.0,72.81800391389433,1.0,0.0,0,2,2630.5,heavy_traffic
495.0,531.0,519.0,544.0,3.5,3.5,3.5,3.5,1.0,2084.0,5.0,73.34853801169591,1.0,0.0,0,2,2639.8,heavy_traffic
497.0,531.0,522.0,549.0,3.5,3.5,3.5,3.5,2.0,2089.0,10.0,73.79286268425136,1.0,0.0,0,2,2657.6,heavy_traffic
498.0,534.0,525.0,551.0,3.5,3.5,3.5,3.5,3.0,2099.0,9.0,74.20756172839506,1.0,0.0,0,2,2670.4,heavy_traffic
500.0,534.0,529.0,553.0,3.5,3.5,3.5,3.5,4.0,2108.0,8.0,74.64952015355087,1.0,0.0,0,2,2684.2,heavy_traffic
502.0,537.0,534.0,556.0,3.5,3.5,3.5,3.5,5.0,2116.0,13.0,74.97749809305873,1.0,0.0,2,2,2703.5,heavy_traffic
503.0,538.0,539.0,560.0,3.5,3.5,3.5,3.5,0.0,2129.0,11.0,75.30541871921183,1.0,0.0,0,2,2718.5,heavy_traffic
506.0,540.0,542.0,565.0,3.5,3.5,3.5,3.5,0.0,2140.0,13.0,75.74811463046757,1.0,0.0,0,2,2737.0,heavy_traffic
510.0,544.0,546.0,570.0,3.5,3.5,3.5,3.5,0.0,2153.0,17.0,76.07868115399026,1.0,0.0,2,2,2759.0,heavy_traffic
512.0,549.0,549.0,572.0,3.5,3.5,3.5,3.5,0.0,2170.0,12.0,76.5520328235733,1.0,1.0,0,2,2682.5,heavy_traffic
516.0,552.0,550.0,571.0,3.5,3.5,3.5,3.5,1.0,2182.0,7.0,76.9951744617669,1.0,1.0,0,2,2697.3,heavy_traffic
521.0,555.0,552.0,572.0,3.5,3.5,3.5,3.5,2.0,2189.0,11.0,77.35239852398524,1.0,1.0,0,2,2715.6,heavy_traffic
525.0,560.0,555.0,571.0,3.5,3.5,3.5,3.5,3.0,2200.0,11.0,77.73798165137615,1.0,1.0,0,2,2735.4,heavy_traffic
527.0,562.0,557.0,573.0,3.5,3.5,3.5,3.5,4.0,2211.0,8.0,78.26508226691043,1.0,1.0,0,2,2746.2,heavy_traffic
529.0,567.0,559.0,572.0,3.5,3.5,3.5,3.5,5.0,2219.0,8.0,78.73389151801966,1.0,1.0,1,2,2761.5,heavy_traffic
534.0,572.0,561.0,573.0,3.5,3.5,3.5,3.5,0.0,2227.0,13.0,79.08867173362287,1.0,1.0,0,2,2779.0,heavy_traffic
536.0,574.0,564.0,578.0,3.5,3.5,3.5,3.5,0.0,2240.0,12.0,79.5581981981982,1.0,1.0,0,2,2791.0,heavy_traffic
538.0,579.0,566.0,582.0,3.5,3.5,3.5,3.5,0.0,2252.0,13.0,79.99964131994261,1.0,1.0,1,2,2808.0,heavy_traffic
543.0,583.0,568.0,586.0,3.5,3.5,3.5,3.5,0.0,2265.0,15.0,80.38494470210489,1.0,0.0,0,2,2871.0,heavy_traffic
544.0,582.0,572.0,588.0,3.5,3.5,3.5,3.5,1.0,2280.0,6.0,80.91183789548525,1.0,0.0,0,2,2883.8,heavy_traffic
545.0,583.0,575.0,593.0,3.5,3.5,3.5,3.5,2.0,2286.0,10.0,81.38088495575221,1.0,0.0,0,2,2901.6,heavy_traffic
545.0,583.0,580.0,595.0,3.5,3.5,3.5,3.5,3.0,2296.0,7.0,81.81959126145172,1.0,0.0,0,2,2916.4,heavy_traffic
548.0,587.0,585.0,597.0,3.5,3.5,3.5,3.5,4.0,2303.0,14.0,82.17274001401542,1.0,0.0,0,2,2934.7,heavy_traffic
551.0,589.0,588.0,602.0,3.5,3.5,3.5,3.5,5.0,2317.0,13.0,82.4977359804946,1.0,0.0,2,2,2954.0,heavy_traffic
552.0,591.0,593.0,607.0,3.5,3.5,3.5,3.5,0.0,2330.0,13.0,82.79473866389755,1.0,0.0,0,2,2971.5,heavy_traffic
555.0,594.0,598.0,611.0,3.5,3.5,3.5,3.5,0.0,2343.0,15.0,83.17906336088154,1.0,0.0,0,2,2992.5,heavy_traffic
559.0,599.0,603.0,616.0,3.5,3.5,3.5,3.5,0.0,2358.0,19.0,83.45159083133767,1.0,0.0,2,2,3017.0,heavy_traffic
561.0,601.0,607.0,618.0,3.5,3.5,3.5,3.5,0.0,2377.0,10.0,83.98090692124104,1.0,1.0,0,2,2936.5,heavy_traffic
564.0,605.0,608.0,621.0,3.5,3.5,3.5,3.5,1.0,2387.0,11.0,84.42430414120842,1.0,1.0,0,2,2953.3,heavy_traffic
568.0,607.0,611.0,623.0,3.5,3.5,3.5,3.5,2.0,2398.0,11.0,84.86752281176074,1.0,1.0,0,2,2968.6,heavy_traffic
573.0,611.0,612.0,624.0,3.5,3.5,3.5,3.5,3.0,2409.0,11.0,85.25319435104237,1.0,1.0,0,2,2988.4,heavy_traffic
576.0,614.0,615.0,625.0,3.5,3.5,3.5,3.5,4.0,2420.0,10.0,85.66700133868808,1.0,1.0,0,2,3003.2,heavy_traffic
581.0,617.0,615.0,628.0,3.5,3.5,3.5,3.5,5.0,2430.0,11.0,86.08061292471686,1.0,1.0,1,2,3021.5,heavy_traffic
586.0,619.0,616.0,627.0,3.5,3.5,3.5,3.5,0.0,2441.0,7.0,86.52139303482588,1.0,1.0,0,2,3031.5,heavy_traffic
591.0,621.0,618.0,631.0,3.5,3.5,3.5,3.5,0.0,2448.0,13.0,86.96268163804491,1.0,1.0,0,2,3048.5,heavy_traffic
595.0,626.0,623.0,633.0,3.5,3.5,3.5,3.5,0.0,2461.0,16.0,87.31931668856767,1.0,1.0,1,2,3070.0,heavy_traffic
598.0,628.0,628.0,635.0,3.5,3.5,3.5,3.5,0.0,2477.0,12.0,87.79090314136126,1.0,0.0,0,2,3139.0,heavy_traffic
600.0,627.0,632.0,638.0,3.5,3.5,3.5,3.5,1.0,2489.0,8.0,88.23264907135875,1.0,0.0,0,2,3154.3,heavy_traffic
601.0,627.0,634.0,643.0,3.5,3.5,3.5,3.5,2.0,2497.0,8.0,88.67326411421155,1.0,0.0,0,2,3169.6,heavy_traffic
601.0,629.0,639.0,647.0,3.5,3.5,3.5,3.5,3.0,2505.0,11.0,89.08494832041343,1.0,0.0,0,2,3189.4,heavy_traffic
601.0,630.0,641.0,652.0,3.5,3.5,3.5,3.5,4.0,2516.0,8.0,89.49549839228295,1.0,0.0,0,2,3204.7,heavy_traffic
601.0,632.0,645.0,654.0,3.5,3.5,3.5,3.5,5.0,2524.0,8.0,89.93371757925073,1.0,0.0,2,2,3218.5,heavy_traffic
603.0,634.0,648.0,659.0,3.5,3.5,3.5,3.5,0.0,2532.0,12.0,90.28575979611341,1.0,0.0,0,2,3232.5,heavy_traffic
608.0,639.0,651.0,662.0,3.5,3.5,3.5,3.5,0.0,2544.0,16.0,90.63930269413629,1.0,0.0,0,2,3249.5,heavy_traffic
611.0,641.0,655.0,667.0,3.5,3.5,3.5,3.5,0.0,2560.0,14.0,91.05112022720101,1.0,0.0,2,2,3270.0,heavy_traffic
615.0,643.0,657.0,672.0,3.5,3.5,3.5,3.5,0.0,2574.0,13.0,91.49214330609679,1.0,1.0,0,2,3180.5,heavy_traffic
620.0,647.0,659.0,673.0,3.5,3.5,3.5,3.5,1.0,2587.0,12.0,91.84709193245779,1.0,1.0,0,2,3200.8,heavy_traffic
622.0,651.0,659.0,675.0,3.5,3.5,3.5,3.5,2.0,2599.0,8.0,92.28713796325133,1.0,1.0,0,2,3214.6,heavy_traffic
625.0,656.0,660.0,675.0,3.5,3.5,3.5,3.5,3.0,2607.0,9.0,92.72642679900744,1.0,1.0,0,2,3231.9,heavy_traffic
629.0,659.0,659.0,676.0,3.5,3.5,3.5,3.5,4.0,2616.0,7.0,93.22194744976817,1.0,1.0,0,2,3246.7,heavy_traffic
632.0,662.0,661.0,675.0,3.5,3.5,3.5,3.5,5.0,2623.0,7.0,93.68740375731444,1.0,1.0,1,2,3260.0,heavy_traffic
634.0,666.0,665.0,678.0,3.5,3.5,3.5,3.5,0.0,2630.0,13.0,94.03800183879865,1.0,1.0,0,2,3271.5,heavy_traffic
637.0,669.0,668.0,682.0,3.5,3.5,3.5,3.5,0.0,2643.0,13.0,94.47557997557998,1.0,1.0,0,2,3287.0,heavy_traffic
642.0,672.0,670.0,687.0,3.5,3.5,3.5,3.5,0.0,2656.0,15.0,94.85657854755394,1.0,1.0,1,2,3306.5,heavy_traffic
644.0,676.0,673.0,689.0,3.5,3.5,3.5,3.5,0.0,2671.0,11.0,95.35281647486372,1.0,0.0,0,2,3384.0,heavy_traffic
646.0,676.0,677.0,691.0,3.5,3.5,3.5,3.5,1.0,2682.0,8.0,95.79034690799396,1.0,0.0,0,2,3397.8,heavy_traffic
645.0,675.0,682.0,695.0,3.5,3.5,3.5,3.5,2.0,2690.0,7.0,96.2265625,1.0,0.0,0,2,3415.6,heavy_traffic
646.0,675.0,684.0,699.0,3.5,3.5,3.5,3.5,3.0,2697.0,7.0,96.69041916167664,1.0,0.0,0,2,3428.9,heavy_traffic
647.0,677.0,686.0,703.0,3.5,3.5,3.5,3.5,4.0,2704.0,9.0,97.09570661896244,1.0,0.0,0,2,3443.2,heavy_traffic
646.0,677.0,689.0,708.0,3.5,3.5,3.5,3.5,5.0,2713.0,7.0,97.52866052866052,1.0,0.0,2,2,3459.5,heavy_traffic
646.0,677.0,692.0,712.0,3.5,3.5,3.5,3.5,0.0,2720.0,7.0,98.01835405565423,1.0,0.0,0,2,3469.5,heavy_traffic
651.0,680.0,694.0,716.0,3.5,3.5,3.5,3.5,0.0,2727.0,14.0,98.421875,1.0,0.0,0,2,3485.5,heavy_traffic
655.0,684.0,698.0,719.0,3.5,3.5,3.5,3.5,0.0,2741.0,15.0,98.79747578514822,1.0,0.0,2,2,3503.5,heavy_traffic
659.0,686.0,702.0,724.0,3.5,3.5,3.5,3.5,0.0,2756.0,15.0,99.17416715371128,1.0,1.0,0,2,3403.0,heavy_traffic
661.0,690.0,703.0,725.0,3.5,3.5,3.5,3.5,1.0,2771.0,8.0,99.63686662783925,1.0,1.0,0,2,3416.8,heavy_traffic
664.0,692.0,706.0,727.0,3.5,3.5,3.5,3.5,2.0,2779.0,10.0,100.0702059762112,1.0,1.0,0,2,3430.1,heavy_traffic
667.0,697.0,708.0,728.0,3.5,3.5,3.5,3.5,3.0,2789.0,11.0,100.41640196361536,1.0,1.0,0,2,3448.4,heavy_traffic
670.0,700.0,710.0,729.0,3.5,3.5,3.5,3.5,4.0,2800.0,9.0,100.8779856115108,1.0,1.0,0,2,3462.7,heavy_traffic
673.0,705.0,711.0,731.0,3.5,3.5,3.5,3.5,5.0,2809.0,11.0,101.28145600458583,1.0,1.0,1,2,3481.0,heavy_traffic
675.0,708.0,712.0,733.0,3.5,3.5,3.5,3.5,0.0,2820.0,8.0,101.74207369323051,1.0,1.0,0,2,3488.5,heavy_traffic
679.0,713.0,717.0,737.0,3.5,3.5,3.5,3.5,0.0,2828.0,18.0,102.03040636544473,1.0,1.0,0,2,3511.0,heavy_traffic
684.0,717.0,720.0,740.0,3.5,3.5,3.5,3.5,0.0,2846.0,15.0,102.40690435766837,1.0,1.0,1,2,3532.0,heavy_traffic
686.0,720.0,723.0,742.0,3.5,3.5,3.5,3.5,0.0,2861.0,10.0,102.92804740406321,1.0,0.0,0,2,3633.0,heavy_traffic
687.0,722.0,726.0,745.0,3.5,3.5,3.5,3.5,1.0,2871.0,9.0,103.36154062412145,1.0,0.0,0,2,3647.3,heavy_traffic
688.0,721.0,731.0,748.0,3.5,3.5,3.5,3.5,2.0,2880.0,8.0,103.76505180621675,1.0,0.0,0,2,3664.1,heavy_traffic
691.0,723.0,734.0,753.0,3.5,3.5,3.5,3.5,3.0,2888.0,13.0,104.08193979933111,1.0,0.0,0,2,3683.4,heavy_traffic
693.0,724.0,737.0,756.0,3.5,3.5,3.5,3.5,4.0,2901.0,9.0,104.54333333333334,1.0,0.0,0,2,3697.7,heavy_traffic
692.0,725.0,742.0,759.0,3.5,3.5,3.5,3.5,5.0,2910.0,8.0,104.94576646375208,1.0,0.0,2,2,3714.5,heavy_traffic
693.0,725.0,744.0,762.0,3.5,3.5,3.5,3.5,0.0,2918.0,6.0,105.43393103448275,1.0,0.0,0,2,3721.0,heavy_traffic
698.0,729.0,749.0,765.0,3.5,3.5,3.5,3.5,0.0,2924.0,17.0,105.74931356397583,1.0,0.0,0,2,3741.5,heavy_traffic
703.0,734.0,751.0,770.0,3.5,3.5,3.5,3.5,0.0,2941.0,17.0,106.06641158786553,1.0,0.0,2,2,3760.5,heavy_traffic
707.0,739.0,753.0,772.0,3.5,3.5,3.5,3.5,0.0,2958.0,13.0,106.5,1.0,1.0,0,2,3654.5,heavy_traffic
712.0,744.0,752.0,772.0,3.5,3.5,3.5,3.5,1.0,2971.0,9.0,106.87496609709791,1.0,1.0,0,2,3674.8,heavy_traffic
717.0,746.0,756.0,772.0,3.5,3.5,3.5,3.5,2.0,2980.0,11.0,107.27884355579573,1.0,1.0,0,2,3691.6,heavy_traffic
722.0,751.0,758.0,775.0,3.5,3.5,3.5,3.5,3.0,2991.0,15.0,107.56789459532132,1.0,1.0,0,2,3714.9,heavy_traffic
727.0,755.0,758.0,775.0,3.5,3.5,3.5,3.5,4.0,3006.0,9.0,107.97214036967587,1.0,1.0,0,2,3733.7,heavy_traffic
732.0,757.0,757.0,775.0,3.5,3.5,3.5,3.5,5.0,3015.0,6.0,108.43284379172229,1.0,1.0,1,2,3748.0,heavy_traffic
735.0,762.0,760.0,778.0,3.5,3.5,3.5,3.5,0.0,3021.0,14.0,108.74960127591707,1.0,1.0,0,2,3763.0,heavy_traffic
738.0,767.0,763.0,783.0,3.5,3.5,3.5,3.5,0.0,3035.0,16.0,109.09661196400212,1.0,1.0,0,2,3783.0,heavy_traffic
740.0,771.0,767.0,786.0,3.5,3.5,3.5,3.5,0.0,3051.0,13.0,109.5307306779214,1.0,1.0,1,2,3798.5,heavy_traffic
742.0,773.0,769.0,791.0,3.5,3.5,3.5,3.5,0.0,3064.0,11.0,110.02261967385587,1.0,0.0,0,2,3877.5,heavy_traffic
744.0,772.0,774.0,794.0,3.5,3.5,3.5,3.5,1.0,3075.0,9.0,110.42714884696016,1.0,0.0,0,2,3894.8,heavy_traffic
746.0,771.0,777.0,798.0,3.5,3.5,3.5,3.5,2.0,3084.0,8.0,110.8308093994778,1.0,0.0,0,2,3910.1,heavy_traffic
746.0,773.0,780.0,801.0,3.5,3.5,3.5,3.5,3.0,3092.0,8.0,111.2915148360229,1.0,0.0,0,2,3923.9,heavy_traffic
749.0,774.0,784.0,806.0,3.5,3.5,3.5,3.5,4.0,3100.0,13.0,111.57901554404145,1.0,0.0,0,2,3944.7,heavy_traffic
751.0,773.0,787.0,809.0,3.5,3.5,3.5,3.5,5.0,3113.0,7.0,112.06794110049083,1.0,0.0,2,2,3958.0,heavy_traffic
753.0,772.0,792.0,814.0,3.5,3.5,3.5,3.5,0.0,3120.0,11.0,112.41214304090558,1.0,0.0,0,2,3974.5,heavy_traffic
755.0,777.0,795.0,817.0,3.5,3.5,3.5,3.5,0.0,3131.0,13.0,112.84358974358975,1.0,0.0,0,2,3990.0,heavy_traffic
760.0,782.0,800.0,822.0,3.5,3.5,3.5,3.5,0.0,3144.0,20.0,113.075,1.0,0.0,2,2,4015.0,heavy_traffic
762.0,784.0,803.0,826.0,3.5,3.5,3.5,3.5,0.0,3164.0,11.0,113.566268125159,1.0,1.0,0,2,3906.5,heavy_traffic
765.0,786.0,805.0,826.0,3.5,3.5,3.5,3.5,1.0,3175.0,7.0,114.05657026889904,1.0,1.0,0,2,3918.3,heavy_traffic
769.0,788.0,805.0,825.0,3.5,3.5,3.5,3.5,2.0,3182.0,5.0,114.545408550468,1.0,1.0,0,2,3930.6,heavy_traffic
773.0,792.0,806.0,825.0,3.5,3.5,3.5,3.5,3.0,3187.0,9.0,115.0047919293821,1.0,1.0,0,2,3947.9,heavy_traffic
776.0,795.0,808.0,825.0,3.5,3.5,3.5,3.5,4.0,3196.0,8.0,115.43438914027149,1.0,1.0,0,2,3961.7,heavy_traffic
780.0,797.0,808.0,827.0,3.5,3.5,3.5,3.5,5.0,3204.0,8.0,115.89223057644111,1.0,1.0,1,2,3975.5,heavy_traffic
785.0,799.0,811.0,827.0,3.5,3.5,3.5,3.5,0.0,3212.0,10.0,116.29170829170829,1.0,1.0,0,2,3987.0,heavy_traffic
788.0,801.0,815.0,831.0,3.5,3.5,3.5,3.5,0.0,3222.0,13.0,116.72068707991038,1.0,1.0,0,2,4001.0,heavy_traffic
793.0,804.0,818.0,833.0,3.5,3.5,3.5,3.5,0.0,3235.0,13.0,117.1501240694789,1.0,1.0,1,2,4019.5,heavy_traffic
795.0,806.0,823.0,837.0,3.5,3.5,3.5,3.5,0.0,3248.0,13.0,117.580014840465,1.0,0.0,0,2,4120.5,heavy_traffic
799.0,807.0,827.0,841.0,3.5,3.5,3.5,3.5,1.0,3261.0,13.0,117.89408866995073,1.0,0.0,0,2,4139.8,heavy_traffic
801.0,811.0,832.0,844.0,3.5,3.5,3.5,3.5,2.0,3274.0,14.0,118.17999019127024,1.0,0.0,0,2,4159.6,heavy_traffic
804.0,812.0,834.0,846.0,3.5,3.5,3.5,3.5,3.0,3288.0,8.0,118.66813401809733,1.0,0.0,0,2,4170.4,heavy_traffic
805.0,813.0,839.0,851.0,3.5,3.5,3.5,3.5,4.0,3296.0,12.0,119.04044834307992,1.0,0.0,0,2,4192.2,heavy_traffic
806.0,814.0,841.0,854.0,3.5,3.5,3.5,3.5,5.0,3308.0,7.0,119.49878522837706,1.0,0.0,2,2,4204.0,heavy_traffic
807.0,813.0,845.0,858.0,3.5,3.5,3.5,3.5,0.0,3315.0,8.0,119.89830508474576,1.0,0.0,0,2,4216.0,heavy_traffic
811.0,815.0,847.0,862.0,3.5,3.5,3.5,3.5,0.0,3323.0,12.0,120.35610816030903,1.0,0.0,0,2,4231.0,heavy_traffic
815.0,820.0,849.0,865.0,3.5,3.5,3.5,3.5,0.0,3335.0,14.0,120.75649663137632,1.0,0.0,2,2,4245.5,heavy_traffic
818.0,824.0,853.0,870.0,3.5,3.5,3.5,3.5,0.0,3349.0,16.0,121.09995206136146,1.0,1.0,0,2,4145.5,heavy_traffic
823.0,826.0,855.0,872.0,3.5,3.5,3.5,3.5,1.0,3365.0,11.0,121.47241461667065,1.0,1.0,0,2,4162.3,heavy_traffic
828.0,830.0,857.0,876.0,3.5,3.5,3.5,3.5,2.0,3376.0,15.0,121.72990965287684,1.0,1.0,0,2,4184.1,heavy_traffic
832.0,834.0,856.0,876.0,3.5,3.5,3.5,3.5,3.0,3391.0,7.0,122.16022754207158,1.0,1.0,0,2,4200.4,heavy_traffic
836.0,838.0,856.0,878.0,3.5,3.5,3.5,3.5,4.0,3398.0,10.0,122.59026465028356,1.0,1.0,0,2,4218.2,heavy_traffic
840.0,843.0,858.0,880.0,3.5,3.5,3.5,3.5,5.0,3408.0,13.0,122.90491880442457,1.0,1.0,1,2,4239.0,heavy_traffic
842.0,847.0,860.0,880.0,3.5,3.5,3.5,3.5,0.0,3421.0,8.0,123.3635296878667,1.0,1.0,0,2,4248.0,heavy_traffic
844.0,852.0,863.0,884.0,3.5,3.5,3.5,3.5,0.0,3429.0,14.0,123.76491228070175,1.0,1.0,0,2,4265.5,heavy_traffic
849.0,856.0,866.0,888.0,3.5,3.5,3.5,3.5,0.0,3443.0,16.0,124.10953157772082,1.0,1.0,1,2,4287.0,heavy_traffic
852.0,858.0,870.0,890.0,3.5,3.5,3.5,3.5,0.0,3459.0,11.0,124.59879125987912,1.0,0.0,0,2,4375.0,heavy_traffic
853.0,857.0,875.0,892.0,3.5,3.5,3.5,3.5,1.0,3470.0,7.0,125.05818266110339,1.0,0.0,0,2,4389.8,heavy_traffic
853.0,857.0,879.0,897.0,3.5,3.5,3.5,3.5,2.0,3477.0,9.0,125.43012243012242,1.0,0.0,0,2,4408.6,heavy_traffic
854.0,858.0,882.0,899.0,3.5,3.5,3.5,3.5,3.0,3486.0,7.0,125.8590511285122,1.0,0.0,0,2,4420.4,heavy_traffic
855.0,858.0,884.0,904.0,3.5,3.5,3.5,3.5,4.0,3493.0,8.0,126.28725602755453,1.0,0.0,0,2,4435.7,heavy_traffic
854.0,857.0,888.0,906.0,3.5,3.5,3.5,3.5,5.0,3501.0,4.0,126.80091638029782,1.0,0.0,2,2,4447.5,heavy_traffic
855.0,858.0,893.0,908.0,3.5,3.5,3.5,3.5,0.0,3505.0,9.0,127.22704431247145,1.0,0.0,0,2,4458.5,heavy_traffic
859.0,860.0,897.0,911.0,3.5,3.5,3.5,3.5,0.0,3514.0,13.0,127.65360965611478,1.0,0.0,0,2,4475.5,heavy_traffic
863.0,863.0,900.0,915.0,3.5,3.5,3.5,3.5,0.0,3527.0,14.0,128.05175936435867,1.0,0.0,2,2,4493.0,heavy_traffic
867.0,867.0,905.0,917.0,3.5,3.5,3.5,3.5,0.0,3541.0,15.0,128.42171945701358,1.0,1.0,0,2,4379.0,heavy_traffic
871.0,870.0,907.0,920.0,3.5,3.5,3.5,3.5,1.0,3556.0,12.0,128.82092918358143,1.0,1.0,0,2,4396.3,heavy_traffic
873.0,873.0,909.0,923.0,3.5,3.5,3.5,3.5,2.0,3568.0,10.0,129.2489318641781,1.0,1.0,0,2,4409.6,heavy_traffic
877.0,876.0,910.0,922.0,3.5,3.5,3.5,3.5,3.0,3578.0,7.0,129.7050908275398,1.0,1.0,0,2,4424.4,heavy_traffic
881.0,881.0,911.0,923.0,3.5,3.5,3.5,3.5,4.0,3585.0,11.0,130.10306282137267,1.0,1.0,0,2,4444.2,heavy_traffic
883.0,883.0,915.0,923.0,3.5,3.5,3.5,3.5,5.0,3596.0,8.0,130.58764495985727,1.0,1.0,1,2,4455.0,heavy_traffic
888.0,886.0,918.0,925.0,3.5,3.5,3.5,3.5,0.0,3604.0,13.0,130.89802266163076,1.0,1.0,0,2,4469.5,heavy_traffic
891.0,888.0,923.0,928.0,3.5,3.5,3.5,3.5,0.0,3617.0,13.0,131.325210456358,1.0,1.0,0,2,4483.5,heavy_traffic
893.0,893.0,925.0,933.0,3.5,3.5,3.5,3.5,0.0,3630.0,14.0,131.72393992932862,1.0,1.0,1,2,4501.0,heavy_traffic
897.0,898.0,930.0,936.0,3.5,3.5,3.5,3.5,0.0,3644.0,17.0,132.03674367436744,1.0,0.0,0,2,4629.5,heavy_traffic
898.0,900.0,934.0,940.0,3.5,3.5,3.5,3.5,1.0,3661.0,11.0,132.43671857863566,1.0,0.0,0,2,4647.8,heavy_traffic
901.0,903.0,939.0,945.0,3.5,3.5,3.5,3.5,2.0,3672.0,16.0,132.7216517369456,1.0,0.0,0,2,4671.6,heavy_traffic
904.0,904.0,943.0,950.0,3.5,3.5,3.5,3.5,3.0,3688.0,13.0,133.06509906379273,1.0,0.0,0,2,4692.4,heavy_traffic
906.0,905.0,946.0,952.0,3.5,3.5,3.5,3.5,4.0,3701.0,8.0,133.49478940512375,1.0,0.0,0,2,4704.7,heavy_traffic
905.0,907.0,948.0,956.0,3.5,3.5,3.5,3.5,5.0,3709.0,7.0,133.95257687310524,1.0,0.0,2,2,4718.0,heavy_traffic
907.0,911.0,951.0,959.0,3.5,3.5,3.5,3.5,0.0,3716.0,12.0,134.29456193353474,1.0,0.0,0,2,4729.0,heavy_traffic
912.0,916.0,953.0,963.0,3.5,3.5,3.5,3.5,0.0,3728.0,16.0,134.63763440860214,1.0,0.0,0,2,4746.0,heavy_traffic
915.0,921.0,958.0,967.0,3.5,3.5,3.5,3.5,0.0,3744.0,17.0,134.95307478037284,1.0,0.0,2,2,4768.0,heavy_traffic
918.0,924.0,960.0,972.0,3.5,3.5,3.5,3.5,0.0,3761.0,13.0,135.3846153846154,1.0,1.0,0,2,4650.0,heavy_traffic
920.0,929.0,962.0,973.0,3.5,3.5,3.5,3.5,1.0,3774.0,10.0,135.815896015342,1.0,1.0,0,2,4666.3,heavy_traffic
924.0,934.0,961.0,972.0,3.5,3.5,3.5,3.5,2.0,3784.0,7.0,136.24628134296643,1.0,1.0,0,2,4684.1,heavy_traffic
929.0,938.0,965.0,973.0,3.5,3.5,3.5,3.5,3.0,3791.0,14.0,136.59042778483695,1.0,1.0,0,2,4705.4,heavy_traffic
932.0,940.0,966.0,973.0,3.5,3.5,3.5,3.5,4.0,3805.0,6.0,137.07817451933235,1.0,1.0,0,2,4716.7,heavy_traffic
936.0,945.0,970.0,973.0,3.5,3.5,3.5,3.5,5.0,3811.0,13.0,137.39263157894737,1.0,1.0,1,2,4737.5,heavy_traffic
940.0,949.0,971.0,976.0,3.5,3.5,3.5,3.5,0.0,3824.0,12.0,137.70736312146005,1.0,1.0,0,2,4751.5,heavy_traffic
942.0,951.0,976.0,979.0,3.5,3.5,3.5,3.5,0.0,3836.0,12.0,138.1667712910651,1.0,1.0,0,2,4763.5,heavy_traffic
946.0,953.0,980.0,981.0,3.5,3.5,3.5,3.5,0.0,3848.0,12.0,138.62638280108536,1.0,1.0,1,2,4778.5,heavy_traffic
948.0,957.0,982.0,985.0,3.5,3.5,3.5,3.5,0.0,3860.0,12.0,139.08619612742035,1.0,0.0,0,2,4886.5,heavy_traffic
947.0,958.0,987.0,990.0,3.5,3.5,3.5,3.5,1.0,3872.0,10.0,139.45890410958904,1.0,0.0,0,2,4907.3,heavy_traffic
949.0,962.0,992.0,995.0,3.5,3.5,3.5,3.5,2.0,3882.0,16.0,139.6880942538239,1.0,0.0,0,2,4931.1,heavy_traffic
949.0,965.0,995.0,998.0,3.5,3.5,3.5,3.5,3.0,3898.0,9.0,140.09027205276175,1.0,0.0,0,2,4945.4,heavy_traffic
950.0,969.0,998.0,1002.0,3.5,3.5,3.5,3.5,4.0,3907.0,12.0,140.4348808545604,1.0,0.0,0,2,4962.7,heavy_traffic
952.0,968.0,1000.0,1004.0,3.5,3.5,3.5,3.5,5.0,3919.0,5.0,140.9803157678901,1.0,0.0,2,2,4972.0,heavy_traffic
956.0,970.0,1003.0,1006.0,3.5,3.5,3.5,3.5,0.0,3924.0,11.0,141.35241210139003,1.0,0.0,0,2,4981.0,heavy_traffic
961.0,975.0,1008.0,1009.0,3.5,3.5,3.5,3.5,0.0,3935.0,18.0,141.63930753564154,1.0,0.0,0,2,5002.0,heavy_traffic
966.0,980.0,1013.0,1014.0,3.5,3.5,3.5,3.5,0.0,3953.0,20.0,141.87058823529412,1.0,0.0,2,2,5027.0,heavy_traffic
970.0,983.0,1016.0,1019.0,3.5,3.5,3.5,3.5,0.0,3973.0,15.0,142.24671385237613,1.0,1.0,0,2,4923.5,heavy_traffic
972.0,988.0,1017.0,1020.0,3.5,3.5,3.5,3.5,1.0,3988.0,9.0,142.65113934260938,1.0,1.0,0,2,4939.3,heavy_traffic
976.0,990.0,1016.0,1023.0,3.5,3.5,3.5,3.5,2.0,3997.0,8.0,143.08366854384553,1.0,1.0,0,2,4953.1,heavy_traffic
978.0,995.0,1015.0,1023.0,3.5,3.5,3.5,3.5,3.0,4005.0,6.0,143.54394060995185,1.0,1.0,0,2,4967.4,heavy_traffic
982.0,1000.0,1016.0,1023.0,3.5,3.5,3.5,3.5,4.0,4011.0,10.0,143.97518511106665,1.0,1.0,0,2,4986.7,heavy_traffic
984.0,1004.0,1015.0,1026.0,3.5,3.5,3.5,3.5,5.0,4021.0,8.0,144.4346176881613,1.0,1.0,1,2,5000.5,heavy_traffic
989.0,1009.0,1018.0,1028.0,3.5,3.5,3.5,3.5,0.0,4029.0,15.0,144.6931185361973,1.0,1.0,0,2,5019.0,heavy_traffic
993.0,1013.0,1021.0,1030.0,3.5,3.5,3.5,3.5,0.0,4044.0,13.0,145.12477682999406,1.0,1.0,0,2,5037.5,heavy_traffic
997.0,1017.0,1023.0,1035.0,3.5,3.5,3.5,3.5,0.0,4057.0,15.0,145.49960443037975,1.0,1.0,1,2,5057.0,heavy_traffic
1000.0,1019.0,1027.0,1037.0,3.5,3.5,3.5,3.5,0.0,4072.0,11.0,145.98954016183146,1.0,0.0,0,2,5137.5,heavy_traffic
1001.0,1023.0,1029.0,1040.0,3.5,3.5,3.5,3.5,1.0,4083.0,10.0,146.39283605589452,1.0,0.0,0,2,5150.8,heavy_traffic
1003.0,1025.0,1032.0,1044.0,3.5,3.5,3.5,3.5,2.0,4093.0,11.0,146.76726844583987,1.0,0.0,0,2,5167.6,heavy_traffic
1002.0,1025.0,1035.0,1047.0,3.5,3.5,3.5,3.5,3.0,4104.0,5.0,147.28456717587153,1.0,0.0,0,2,5179.9,heavy_traffic
1004.0,1027.0,1039.0,1050.0,3.5,3.5,3.5,3.5,4.0,4109.0,11.0,147.6865234375,1.0,0.0,0,2,5196.7,heavy_traffic
1003.0,1030.0,1041.0,1053.0,3.5,3.5,3.5,3.5,5.0,4120.0,7.0,148.17423504190216,1.0,0.0,2,2,5208.5,heavy_traffic
1005.0,1033.0,1046.0,1056.0,3.5,3.5,3.5,3.5,0.0,4127.0,13.0,148.4602835502039,1.0,0.0,0,2,5223.0,heavy_traffic
1008.0,1036.0,1050.0,1058.0,3.5,3.5,3.5,3.5,0.0,4140.0,12.0,148.919589226894,1.0,0.0,0,2,5238.0,heavy_traffic
1012.0,1038.0,1052.0,1061.0,3.5,3.5,3.5,3.5,0.0,4152.0,11.0,149.40777262180976,1.0,0.0,2,2,5251.0,heavy_traffic
1017.0,1043.0,1057.0,1065.0,3.5,3.5,3.5,3.5,0.0,4163.0,19.0,149.66653823926026,1.0,1.0,0,2,5181.0,heavy_traffic
1022.0,1046.0,1060.0,1068.0,3.5,3.5,3.5,3.5,1.0,4182.0,14.0,149.95488577462086,1.0,1.0,0,2,5200.8,heavy_traffic
1025.0,1051.0,1060.0,1070.0,3.5,3.5,3.5,3.5,2.0,4196.0,10.0,150.35822324334674,1.0,1.0,0,2,5218.6,heavy_traffic
1029.0,1053.0,1060.0,1071.0,3.5,3.5,3.5,3.5,3.0,4206.0,7.0,150.81833810888253,1.0,1.0,0,2,5231.9,heavy_traffic
1033.0,1057.0,1063.0,1073.0,3.5,3.5,3.5,3.5,4.0,4213.0,13.0,151.16358788802134,1.0,1.0,0,2,5251.2,heavy_traffic
1038.0,1062.0,1063.0,1074.0,3.5,3.5,3.5,3.5,5.0,4226.0,11.0,151.50882855515474,1.0,1.0,1,2,5272.5,heavy_traffic
1041.0,1066.0,1064.0,1075.0,3.5,3.5,3.5,3.5,0.0,4237.0,9.0,151.9975369458128,1.0,1.0,0,2,5283.5,heavy_traffic
1046.0,1068.0,1066.0,1080.0,3.5,3.5,3.5,3.5,0.0,4246.0,14.0,152.4004157218443,1.0,1.0,0,2,5301.0,heavy_traffic
1050.0,1071.0,1070.0,1084.0,3.5,3.5,3.5,3.5,0.0,4260.0,15.0,152.7752025626531,1.0,1.0,1,2,5319.0,heavy_traffic
1053.0,1073.0,1072.0,1086.0,3.5,3.5,3.5,3.5,0.0,4275.0,9.0,153.3224228743416,1.0,0.0,0,2,5379.0,heavy_traffic
1054.0,1073.0,1074.0,1088.0,3.5,3.5,3.5,3.5,1.0,4284.0,5.0,153.8687323943662,1.0,0.0,0,2,5388.3,heavy_traffic
1054.0,1077.0,1077.0,1090.0,3.5,3.5,3.5,3.5,2.0,4289.0,9.0,154.2991757212439,1.0,0.0,0,2,5401.1,heavy_traffic
1055.0,1079.0,1082.0,1092.0,3.5,3.5,3.5,3.5,3.0,4298.0,10.0,154.6715860265272,1.0,0.0,0,2,5417.4,heavy_traffic
1058.0,1083.0,1086.0,1096.0,3.5,3.5,3.5,3.5,4.0,4308.0,15.0,154.98696461824954,1.0,0.0,0,2,5437.7,heavy_traffic
1060.0,1084.0,1091.0,1101.0,3.5,3.5,3.5,3.5,5.0,4323.0,13.0,155.3316004455997,1.0,0.0,2,2,5460.0,heavy_traffic
1063.0,1086.0,1094.0,1106.0,3.5,3.5,3.5,3.5,0.0,4336.0,13.0,155.67660125879303,1.0,0.0,0,2,5474.5,heavy_traffic
1066.0,1091.0,1097.0,1111.0,3.5,3.5,3.5,3.5,0.0,4349.0,16.0,156.02251753414544,1.0,0.0,0,2,5494.5,heavy_traffic
1068.0,1094.0,1102.0,1114.0,3.5,3.5,3.5,3.5,0.0,4365.0,13.0,156.4551647946971,1.0,0.0,2,2,5513.0,heavy_traffic
1070.0,1099.0,1106.0,1116.0,3.5,3.5,3.5,3.5,0.0,4378.0,13.0,156.88813372520207,1.0,1.0,0,2,5449.0,heavy_traffic
1072.0,1101.0,1106.0,1119.0,3.5,3.5,3.5,3.5,1.0,4391.0,7.0,157.40685735240191,1.0,1.0,0,2,5459.3,heavy_traffic
1077.0,1104.0,1105.0,1119.0,3.5,3.5,3.5,3.5,2.0,4398.0,7.0,157.86717892425906,1.0,1.0,0,2,5475.6,heavy_traffic
1081.0,1107.0,1106.0,1123.0,3.5,3.5,3.5,3.5,3.0,4405.0,12.0,158.2121488507844,1.0,1.0,0,2,5492.9,heavy_traffic
1086.0,1112.0,1108.0,1127.0,3.5,3.5,3.5,3.5,4.0,4417.0,16.0,158.44274809160305,1.0,1.0,0,2,5516.7,heavy_traffic
1089.0,1114.0,1112.0,1129.0,3.5,3.5,3.5,3.5,5.0,4433.0,11.0,158.81747326445532,1.0,1.0,1,2,5530.5,heavy_traffic
1093.0,1118.0,1115.0,1131.0,3.5,3.5,3.5,3.5,0.0,4444.0,13.0,159.13498373689916,1.0,1.0,0,2,5545.0,heavy_traffic
1095.0,1122.0,1119.0,1133.0,3.5,3.5,3.5,3.5,0.0,4457.0,12.0,159.59646592138478,1.0,1.0,0,2,5560.0,heavy_traffic
1100.0,1126.0,1122.0,1136.0,3.5,3.5,3.5,3.5,0.0,4469.0,15.0,159.9723071390038,1.0,1.0,1,2,5581.0,heavy_traffic
1102.0,1131.0,1125.0,1140.0,3.5,3.5,3.5,3.5,0.0,4484.0,14.0,160.37739910313903,1.0,0.0,0,2,5646.5,heavy_traffic
1106.0,1130.0,1129.0,1145.0,3.5,3.5,3.5,3.5,1.0,4498.0,12.0,160.72509390091219,1.0,0.0,0,2,5666.8,heavy_traffic
1110.0,1132.0,1132.0,1147.0,3.5,3.5,3.5,3.5,2.0,4510.0,11.0,161.15899357601714,1.0,0.0,0,2,5680.6,heavy_traffic
1110.0,1134.0,1137.0,1149.0,3.5,3.5,3.5,3.5,3.0,4521.0,9.0,161.53497063534437,1.0,0.0,0,2,5696.4,heavy_traffic
1113.0,1137.0,1142.0,1151.0,3.5,3.5,3.5,3.5,4.0,4530.0,13.0,161.88251996450754,1.0,0.0,0,2,5714.2,heavy_traffic
1114.0,1140.0,1144.0,1156.0,3.5,3.5,3.5,3.5,5.0,4543.0,11.0,162.31621813031163,1.0,0.0,2,2,5731.0,heavy_traffic
1118.0,1140.0,1147.0,1158.0,3.5,3.5,3.5,3.5,0.0,4554.0,9.0,162.74951422010247,1.0,0.0,0,2,5739.0,heavy_traffic
1121.0,1145.0,1149.0,1163.0,3.5,3.5,3.5,3.5,0.0,4563.0,15.0,163.12596899224806,1.0,0.0,0,2,5757.0,heavy_traffic
1123.0,1148.0,1152.0,1165.0,3.5,3.5,3.5,3.5,0.0,4578.0,10.0,163.64597256419276,1.0,0.0,2,2,5769.5,heavy_traffic
1126.0,1150.0,1156.0,1167.0,3.5,3.5,3.5,3.5,0.0,4588.0,11.0,164.1372652273126,1.0,1.0,0,2,5713.5,heavy_traffic
1131.0,1153.0,1157.0,1167.0,3.5,3.5,3.5,3.5,1.0,4599.0,9.0,164.59940444911544,1.0,1.0,0,2,5730.8,heavy_traffic
1134.0,1155.0,1158.0,1169.0,3.5,3.5,3.5,3.5,2.0,4608.0,8.0,165.03215658860537,1.0,1.0,0,2,5743.1,heavy_traffic
1139.0,1159.0,1158.0,1171.0,3.5,3.5,3.5,3.5,3.0,4616.0,11.0,165.4360181311018,1.0,1.0,0,2,5762.9,heavy_traffic
1141.0,1162.0,1161.0,1171.0,3.5,3.5,3.5,3.5,4.0,4627.0,8.0,165.9258743692361,1.0,1.0,0,2,5775.2,heavy_traffic
1144.0,1167.0,1161.0,1174.0,3.5,3.5,3.5,3.5,5.0,4635.0,11.0,166.30024297119056,1.0,1.0,1,2,5793.5,heavy_traffic
1149.0,1170.0,1162.0,1174.0,3.5,3.5,3.5,3.5,0.0,4646.0,9.0,166.73194805194805,1.0,1.0,0,2,5806.0,heavy_traffic
1154.0,1173.0,1164.0,1179.0,3.5,3.5,3.5,3.5,0.0,4655.0,15.0,167.10656303972365,1.0,1.0,0,2,5825.5,heavy_traffic
1156.0,1175.0,1166.0,1182.0,3.5,3.5,3.5,3.5,0.0,4670.0,9.0,167.65407828936023,1.0,1.0,1,2,5836.0,heavy_traffic
1158.0,1179.0,1171.0,1187.0,3.5,3.5,3.5,3.5,0.0,4679.0,16.0,168.00017196904557,1.0,0.0,0,2,5884.5,heavy_traffic
1158.0,1180.0,1174.0,1191.0,3.5,3.5,3.5,3.5,1.0,4695.0,8.0,168.43239533287579,1.0,0.0,0,2,5899.8,heavy_traffic
1160.0,1182.0,1177.0,1193.0,3.5,3.5,3.5,3.5,2.0,4703.0,9.0,168.8642355761,1.0,0.0,0,2,5912.6,heavy_traffic
1163.0,1183.0,1181.0,1197.0,3.5,3.5,3.5,3.5,3.0,4712.0,12.0,169.23838797814207,1.0,0.0,0,2,5931.4,heavy_traffic
1163.0,1184.0,1183.0,1199.0,3.5,3.5,3.5,3.5,4.0,4724.0,5.0,169.7560518240709,1.0,0.0,0,2,5940.7,heavy_traffic
1165.0,1188.0,1186.0,1203.0,3.5,3.5,3.5,3.5,5.0,4729.0,13.0,170.12939976194525,1.0,0.0,2,2,5958.5,heavy_traffic
1166.0,1190.0,1191.0,1208.0,3.5,3.5,3.5,3.5,0.0,4742.0,13.0,170.50305291723203,1.0,0.0,0,2,5976.0,heavy_traffic
1168.0,1192.0,1195.0,1212.0,3.5,3.5,3.5,3.5,0.0,4755.0,12.0,170.9636086662153,1.0,0.0,0,2,5994.0,heavy_traffic
1171.0,1197.0,1199.0,1216.0,3.5,3.5,3.5,3.5,0.0,4767.0,16.0,171.30925050641457,1.0,0.0,2,2,6014.0,heavy_traffic
1176.0,1199.0,1201.0,1218.0,3.5,3.5,3.5,3.5,0.0,4783.0,11.0,171.7994945240101,1.0,1.0,0,2,5959.5,heavy_traffic
1179.0,1202.0,1200.0,1222.0,3.5,3.5,3.5,3.5,1.0,4794.0,9.0,172.2315063887021,1.0,1.0,0,2,5973.8,heavy_traffic
1181.0,1205.0,1203.0,1225.0,3.5,3.5,3.5,3.5,2.0,4803.0,11.0,172.63451861791344,1.0,1.0,0,2,5987.6,heavy_traffic
1185.0,1208.0,1204.0,1228.0,3.5,3.5,3.5,3.5,3.0,4814.0,11.0,173.06644351464436,1.0,1.0,0,2,6004.4,heavy_traffic
1188.0,1213.0,1206.0,1232.0,3.5,3.5,3.5,3.5,4.0,4825.0,14.0,173.41195126022367,1.0,1.0,0,2,6024.2,heavy_traffic
1193.0,1218.0,1207.0,1236.0,3.5,3.5,3.5,3.5,5.0,4839.0,15.0,173.72919440745673,1.0,1.0,1,2,6047.5,heavy_traffic
1198.0,1221.0,1211.0,1238.0,3.5,3.5,3.5,3.5,0.0,4854.0,14.0,174.04697095435685,1.0,1.0,0,2,6062.5,heavy_traffic
1201.0,1225.0,1215.0,1241.0,3.5,3.5,3.5,3.5,0.0,4868.0,14.0,174.45189600927307,1.0,1.0,0,2,6080.0,heavy_traffic
1205.0,1228.0,1217.0,1243.0,3.5,3.5,3.5,3.5,0.0,4882.0,11.0,174.94347107438017,1.0,1.0,1,2,6096.0,heavy_traffic
1209.0,1231.0,1219.0,1248.0,3.5,3.5,3.5,3.5,0.0,4893.0,14.0,175.3487796833773,1.0,0.0,0,2,6154.0,heavy_traffic
1213.0,1234.0,1222.0,1252.0,3.5,3.5,3.5,3.5,1.0,4907.0,14.0,175.66781779312612,1.0,0.0,0,2,6172.3,heavy_traffic
1214.0,1234.0,1225.0,1254.0,3.5,3.5,3.5,3.5,2.0,4921.0,6.0,176.15938936309914,1.0,0.0,0,2,6183.6,heavy_traffic
1217.0,1236.0,1230.0,1259.0,3.5,3.5,3.5,3.5,3.0,4927.0,15.0,176.44926350245498,1.0,0.0,0,2,6206.9,heavy_traffic
1220.0,1236.0,1233.0,1263.0,3.5,3.5,3.5,3.5,4.0,4942.0,10.0,176.82563265306123,1.0,0.0,0,2,6223.2,heavy_traffic
1222.0,1238.0,1235.0,1268.0,3.5,3.5,3.5,3.5,5.0,4952.0,11.0,177.25969371130662,1.0,0.0,2,2,6240.0,heavy_traffic
1225.0,1237.0,1240.0,1273.0,3.5,3.5,3.5,3.5,0.0,4963.0,12.0,177.57839155158408,1.0,0.0,0,2,6257.0,heavy_traffic
1227.0,1242.0,1245.0,1276.0,3.5,3.5,3.5,3.5,0.0,4975.0,15.0,177.95542949756887,1.0,0.0,0,2,6276.5,heavy_traffic
1229.0,1244.0,1250.0,1279.0,3.5,3.5,3.5,3.5,0.0,4990.0,12.0,178.4191200258816,1.0,0.0,2,2,6294.5,heavy_traffic
1232.0,1248.0,1254.0,1282.0,3.5,3.5,3.5,3.5,0.0,5002.0,14.0,178.8255326016785,1.0,1.0,0,2,6228.0,heavy_traffic
1234.0,1250.0,1258.0,1283.0,3.5,3.5,3.5,3.5,1.0,5016.0,9.0,179.26042841037204,1.0,1.0,0,2,6239.3,heavy_traffic
1239.0,1252.0,1262.0,1285.0,3.5,3.5,3.5,3.5,2.0,5025.0,13.0,179.58014776742692,1.0,1.0,0,2,6257.1,heavy_traffic
1244.0,1255.0,1263.0,1287.0,3.5,3.5,3.5,3.5,3.0,5038.0,11.0,179.89988787441936,1.0,1.0,0,2,6275.4,heavy_traffic
1246.0,1257.0,1265.0,1290.0,3.5,3.5,3.5,3.5,4.0,5049.0,9.0,180.33455882352942,1.0,1.0,0,2,6286.7,heavy_traffic
1250.0,1262.0,1266.0,1292.0,3.5,3.5,3.5,3.5,5.0,5058.0,12.0,180.6828762755102,1.0,1.0,1,2,6307.0,heavy_traffic
1254.0,1264.0,1269.0,1292.0,3.5,3.5,3.5,3.5,0.0,5070.0,9.0,181.14608529598982,1.0,1.0,0,2,6316.5,heavy_traffic
1258.0,1269.0,1271.0,1296.0,3.5,3.5,3.5,3.5,0.0,5079.0,15.0,181.523416415304,1.0,1.0,0,2,6337.5,heavy_traffic
1262.0,1272.0,1273.0,1299.0,3.5,3.5,3.5,3.5,0.0,5094.0,12.0,181.98732372048804,1.0,1.0,1,2,6354.0,heavy_traffic
1265.0,1276.0,1276.0,1301.0,3.5,3.5,3.5,3.5,0.0,5106.0,12.0,182.45136802150878,1.0,0.0,0,2,6424.5,heavy_traffic
1268.0,1277.0,1279.0,1305.0,3.5,3.5,3.5,3.5,1.0,5118.0,11.0,182.8288103502682,1.0,0.0,0,2,6441.3,heavy_traffic
1271.0,1279.0,1281.0,1307.0,3.5,3.5,3.5,3.5,2.0,5129.0,9.0,183.26358053849788,1.0,0.0,0,2,6452.6,heavy_traffic
1273.0,1281.0,1283.0,1312.0,3.5,3.5,3.5,3.5,3.0,5138.0,11.0,183.58291457286433,1.0,0.0,0,2,6469.4,heavy_traffic
1276.0,1284.0,1287.0,1314.0,3.5,3.5,3.5,3.5,4.0,5149.0,12.0,183.96005013316622,1.0,0.0,0,2,6485.2,heavy_traffic
1276.0,1285.0,1292.0,1317.0,3.5,3.5,3.5,3.5,5.0,5161.0,9.0,184.42329945269742,1.0,0.0,2,2,6502.5,heavy_traffic
1275.0,1287.0,1296.0,1319.0,3.5,3.5,3.5,3.5,0.0,5170.0,7.0,184.91476740555728,1.0,0.0,0,2,6511.0,heavy_traffic
1280.0,1290.0,1299.0,1321.0,3.5,3.5,3.5,3.5,0.0,5177.0,13.0,185.3488082255803,1.0,0.0,0,2,6525.0,heavy_traffic
1284.0,1295.0,1302.0,1326.0,3.5,3.5,3.5,3.5,0.0,5190.0,17.0,185.66827221876943,1.0,0.0,2,2,6545.5,heavy_traffic
1288.0,1300.0,1307.0,1328.0,3.5,3.5,3.5,3.5,0.0,5207.0,16.0,186.0173589584625,1.0,1.0,0,2,6493.5,heavy_traffic
1292.0,1303.0,1308.0,1327.0,3.5,3.5,3.5,3.5,1.0,5223.0,7.0,186.50997988550208,1.0,1.0,0,2,6508.3,heavy_traffic
1296.0,1308.0,1310.0,1328.0,3.5,3.5,3.5,3.5,2.0,5230.0,12.0,186.82962962962964,1.0,1.0,0,2,6528.6,heavy_traffic
1301.0,1313.0,1312.0,1330.0,3.5,3.5,3.5,3.5,3.0,5242.0,14.0,187.14976142835155,1.0,1.0,0,2,6551.4,heavy_traffic
1305.0,1316.0,1315.0,1333.0,3.5,3.5,3.5,3.5,4.0,5256.0,13.0,187.499001996008,1.0,1.0,0,2,6569.2,heavy_traffic
1308.0,1320.0,1318.0,1335.0,3.5,3.5,3.5,3.5,5.0,5269.0,12.0,187.84836881605148,1.0,1.0,1,2,6586.5,heavy_traffic
1311.0,1324.0,1318.0,1335.0,3.5,3.5,3.5,3.5,0.0,5281.0,7.0,188.28339957199634,1.0,1.0,0,2,6596.5,heavy_traffic
1314.0,1327.0,1321.0,1337.0,3.5,3.5,3.5,3.5,0.0,5288.0,11.0,188.7759804669617,1.0,1.0,0,2,6611.0,heavy_traffic
1316.0,1331.0,1324.0,1342.0,3.5,3.5,3.5,3.5,0.0,5299.0,14.0,189.18257956448912,1.0,1.0,1,2,6627.0,heavy_traffic
1320.0,1335.0,1327.0,1345.0,3.5,3.5,3.5,3.5,0.0,5313.0,14.0,189.5895760522717,1.0,0.0,0,2,6671.5,heavy_traffic
1320.0,1337.0,1331.0,1348.0,3.5,3.5,3.5,3.5,1.0,5327.0,9.0,190.02502274795268,1.0,0.0,0,2,6687.3,heavy_traffic
1321.0,1339.0,1333.0,1350.0,3.5,3.5,3.5,3.5,2.0,5336.0,7.0,190.51748675246026,1.0,0.0,0,2,6697.6,heavy_traffic
1323.0,1341.0,1337.0,1353.0,3.5,3.5,3.5,3.5,3.0,5343.0,11.0,190.89456193353473,1.0,0.0,0,2,6714.4,heavy_traffic
1324.0,1342.0,1342.0,1357.0,3.5,3.5,3.5,3.5,4.0,5354.0,11.0,191.2139520867862,1.0,0.0,0,2,6734.2,heavy_traffic
1324.0,1345.0,1346.0,1359.0,3.5,3.5,3.5,3.5,5.0,5365.0,9.0,191.61945572094422,1.0,0.0,2,2,6748.5,heavy_traffic
1325.0,1346.0,1348.0,1363.0,3.5,3.5,3.5,3.5,0.0,5374.0,8.0,192.11092764935455,1.0,0.0,0,2,6757.5,heavy_traffic
1328.0,1351.0,1352.0,1365.0,3.5,3.5,3.5,3.5,0.0,5382.0,14.0,192.5163271420012,1.0,0.0,0,2,6773.5,heavy_traffic
1332.0,1353.0,1355.0,1368.0,3.5,3.5,3.5,3.5,0.0,5396.0,12.0,192.97951555023923,1.0,0.0,2,2,6788.5,heavy_traffic
1336.0,1356.0,1357.0,1370.0,3.5,3.5,3.5,3.5,0.0,5408.0,11.0,193.4715629198388,1.0,1.0,0,2,6747.5,heavy_traffic
1341.0,1358.0,1360.0,1371.0,3.5,3.5,3.5,3.5,1.0,5419.0,11.0,193.84807864164432,1.0,1.0,0,2,6764.3,heavy_traffic
1343.0,1362.0,1362.0,1372.0,3.5,3.5,3.5,3.5,2.0,5430.0,9.0,194.25312128418548,1.0,1.0,0,2,6778.6,heavy_traffic
1347.0,1367.0,1364.0,1372.0,3.5,3.5,3.5,3.5,3.0,5439.0,11.0,194.62924514311138,1.0,1.0,0,2,6798.4,heavy_traffic
1351.0,1371.0,1368.0,1371.0,3.5,3.5,3.5,3.5,4.0,5450.0,11.0,195.00532701982834,1.0,1.0,0,2,6816.7,heavy_traffic
1356.0,1376.0,1372.0,1372.0,3.5,3.5,3.5,3.5,5.0,5461.0,15.0,195.26663715508337,1.0,1.0,1,2,6840.0,heavy_traffic
1361.0,1381.0,1374.0,1373.0,3.5,3.5,3.5,3.5,0.0,5476.0,13.0,195.64355123674912,1.0,1.0,0,2,6857.5,heavy_traffic
1365.0,1386.0,1378.0,1375.0,3.5,3.5,3.5,3.5,0.0,5489.0,15.0,196.02100778610253,1.0,1.0,0,2,6878.5,heavy_traffic
1370.0,1388.0,1380.0,1380.0,3.5,3.5,3.5,3.5,0.0,5504.0,14.0,196.42764990470604,1.0,1.0,1,2,6896.0,heavy_traffic
1374.0,1393.0,1383.0,1385.0,3.5,3.5,3.5,3.5,0.0,5518.0,17.0,196.74875694647557,1.0,0.0,0,2,6919.5,heavy_traffic
1375.0,1393.0,1386.0,1390.0,3.5,3.5,3.5,3.5,1.0,5535.0,9.0,197.15586690017514,1.0,0.0,0,2,6936.8,heavy_traffic
1378.0,1392.0,1390.0,1394.0,3.5,3.5,3.5,3.5,2.0,5544.0,10.0,197.53400320372796,1.0,0.0,0,2,6954.6,heavy_traffic
1382.0,1393.0,1392.0,1396.0,3.5,3.5,3.5,3.5,3.0,5554.0,9.0,197.99811019043466,1.0,0.0,0,2,6965.9,heavy_traffic
1384.0,1397.0,1394.0,1400.0,3.5,3.5,3.5,3.5,4.0,5563.0,12.0,198.37597911227155,1.0,0.0,0,2,6981.7,heavy_traffic
1387.0,1398.0,1396.0,1402.0,3.5,3.5,3.5,3.5,5.0,5575.0,8.0,198.83970460469158,1.0,0.0,2,2,6992.5,heavy_traffic
1387.0,1399.0,1401.0,1407.0,3.5,3.5,3.5,3.5,0.0,5583.0,11.0,199.18824039295,1.0,0.0,0,2,7009.0,heavy_traffic
1392.0,1401.0,1405.0,1409.0,3.5,3.5,3.5,3.5,0.0,5594.0,13.0,199.62335976928622,1.0,0.0,0,2,7024.5,heavy_traffic
1396.0,1404.0,1407.0,1412.0,3.5,3.5,3.5,3.5,0.0,5607.0,12.0,200.0873758456888,1.0,0.0,2,2,7038.0,heavy_traffic
1400.0,1409.0,1410.0,1416.0,3.5,3.5,3.5,3.5,0.0,5619.0,16.0,200.43688065489013,1.0,1.0,0,2,7031.0,heavy_traffic
1403.0,1411.0,1412.0,1417.0,3.5,3.5,3.5,3.5,1.0,5635.0,8.0,200.8722763761468,1.0,1.0,0,2,7043.3,heavy_traffic
1407.0,1413.0,1413.0,1418.0,3.5,3.5,3.5,3.5,2.0,5643.0,8.0,201.27839771101574,1.0,1.0,0,2,7057.1,heavy_traffic
1409.0,1416.0,1413.0,1419.0,3.5,3.5,3.5,3.5,3.0,5651.0,6.0,201.799,1.0,1.0,0,2,7068.4,heavy_traffic
1413.0,1420.0,1414.0,1420.0,3.5,3.5,3.5,3.5,4.0,5657.0,10.0,202.14652223489168,1.0,1.0,0,2,7086.2,heavy_traffic
1417.0,1422.0,1417.0,1422.0,3.5,3.5,3.5,3.5,5.0,5667.0,11.0,202.58045241143833,1.0,1.0,1,2,7101.5,heavy_traffic
1421.0,1426.0,1420.0,1426.0,3.5,3.5,3.5,3.5,0.0,5678.0,15.0,202.870867035618,1.0,1.0,0,2,7117.0,heavy_traffic
1423.0,1429.0,1423.0,1429.0,3.5,3.5,3.5,3.5,0.0,5693.0,11.0,203.36285066591103,1.0,1.0,0,2,7130.0,heavy_traffic
1426.0,1431.0,1428.0,1434.0,3.5,3.5,3.5,3.5,0.0,5704.0,15.0,203.74013855506857,1.0,1.0,1,2,7145.0,heavy_traffic
1428.0,1433.0,1431.0,1436.0,3.5,3.5,3.5,3.5,0.0,5719.0,9.0,204.29003106467098,1.0,0.0,0,2,7164.5,heavy_traffic
1432.0,1435.0,1435.0,1440.0,3.5,3.5,3.5,3.5,1.0,5728.0,14.0,204.6096633328638,1.0,0.0,0,2,7184.3,heavy_traffic
1433.0,1437.0,1439.0,1442.0,3.5,3.5,3.5,3.5,2.0,5742.0,9.0,205.04429133858267,1.0,0.0,0,2,7198.6,heavy_traffic
1434.0,1439.0,1442.0,1445.0,3.5,3.5,3.5,3.5,3.0,5751.0,9.0,205.5074396406513,1.0,0.0,0,2,7212.9,heavy_traffic
1434.0,1441.0,1444.0,1450.0,3.5,3.5,3.5,3.5,4.0,5760.0,9.0,205.94143197421886,1.0,0.0,0,2,7228.7,heavy_traffic
1435.0,1442.0,1449.0,1455.0,3.5,3.5,3.5,3.5,5.0,5769.0,12.0,206.3466648021256,1.0,0.0,2,2,7250.5,heavy_traffic
1436.0,1442.0,1451.0,1460.0,3.5,3.5,3.5,3.5,0.0,5781.0,8.0,206.8380340686959,1.0,0.0,0,2,7261.0,heavy_traffic
1438.0,1444.0,1455.0,1462.0,3.5,3.5,3.5,3.5,0.0,5789.0,10.0,207.35819854991635,1.0,0.0,0,2,7275.0,heavy_traffic
1440.0,1446.0,1458.0,1465.0,3.5,3.5,3.5,3.5,0.0,5799.0,10.0,207.8783068783069,1.0,0.0,2,2,7289.0,heavy_traffic
1443.0,1450.0,1460.0,1467.0,3.5,3.5,3.5,3.5,0.0,5809.0,11.0,208.36952592798553,1.0,1.0,0,2,7249.5,heavy_traffic
1446.0,1454.0,1463.0,1468.0,3.5,3.5,3.5,3.5,1.0,5820.0,11.0,208.74486681465038,1.0,1.0,0,2,7266.3,heavy_traffic
1449.0,1456.0,1462.0,1469.0,3.5,3.5,3.5,3.5,2.0,5831.0,5.0,209.2931966190938,1.0,1.0,0,2,7277.1,heavy_traffic
1452.0,1460.0,1462.0,1470.0,3.5,3.5,3.5,3.5,3.0,5836.0,8.0,209.75418453451377,1.0,1.0,0,2,7292.4,heavy_traffic
1455.0,1465.0,1464.0,1470.0,3.5,3.5,3.5,3.5,4.0,5844.0,10.0,210.12796797349532,1.0,1.0,0,2,7310.2,heavy_traffic
1457.0,1468.0,1466.0,1474.0,3.5,3.5,3.5,3.5,5.0,5854.0,11.0,210.53072471755306,1.0,1.0,1,2,7324.0,heavy_traffic
1460.0,1473.0,1467.0,1476.0,3.5,3.5,3.5,3.5,0.0,5865.0,11.0,210.93344334433442,1.0,1.0,0,2,7337.5,heavy_traffic
1462.0,1476.0,1472.0,1480.0,3.5,3.5,3.5,3.5,0.0,5876.0,14.0,211.33653582212463,1.0,1.0,0,2,7352.0,heavy_traffic
1466.0,1478.0,1474.0,1484.0,3.5,3.5,3.5,3.5,0.0,5890.0,12.0,211.79775280898878,1.0,1.0,1,2,7367.0,heavy_traffic
1471.0,1480.0,1479.0,1488.0,3.5,3.5,3.5,3.5,0.0,5902.0,16.0,212.14356029532402,1.0,0.0,0,2,7409.5,heavy_traffic
1473.0,1482.0,1484.0,1491.0,3.5,3.5,3.5,3.5,1.0,5918.0,12.0,212.46051016232437,1.0,0.0,0,2,7428.3,heavy_traffic
1475.0,1484.0,1487.0,1493.0,3.5,3.5,3.5,3.5,2.0,5930.0,9.0,212.8641252552757,1.0,0.0,0,2,7441.1,heavy_traffic
1476.0,1486.0,1489.0,1498.0,3.5,3.5,3.5,3.5,3.0,5939.0,10.0,213.2675635276532,1.0,0.0,0,2,7457.4,heavy_traffic
1480.0,1489.0,1491.0,1500.0,3.5,3.5,3.5,3.5,4.0,5949.0,11.0,213.6709616167096,1.0,0.0,0,2,7469.7,heavy_traffic
1483.0,1490.0,1494.0,1502.0,3.5,3.5,3.5,3.5,5.0,5960.0,9.0,214.13202437373053,1.0,0.0,2,2,7482.5,heavy_traffic
1486.0,1491.0,1499.0,1504.0,3.5,3.5,3.5,3.5,0.0,5969.0,11.0,214.53507230706853,1.0,0.0,0,2,7494.5,heavy_traffic
1491.0,1495.0,1503.0,1509.0,3.5,3.5,3.5,3.5,0.0,5980.0,18.0,214.8231090737495,1.0,0.0,0,2,7517.0,heavy_traffic
1495.0,1500.0,1508.0,1514.0,3.5,3.5,3.5,3.5,0.0,5998.0,19.0,215.08337816030124,1.0,0.0,2,2,7541.5,heavy_traffic
1499.0,1503.0,1513.0,1516.0,3.5,3.5,3.5,3.5,0.0,6017.0,14.0,215.48872483221476,1.0,1.0,0,2,7518.5,heavy_traffic
1501.0,1507.0,1517.0,1518.0,3.5,3.5,3.5,3.5,1.0,6031.0,12.0,215.8363246718457,1.0,1.0,0,2,7534.3,heavy_traffic
1504.0,1509.0,1518.0,1518.0,3.5,3.5,3.5,3.5,2.0,6043.0,6.0,216.3856856187291,1.0,1.0,0,2,7545.6,heavy_traffic
1506.0,1512.0,1522.0,1520.0,3.5,3.5,3.5,3.5,3.0,6049.0,11.0,216.79035919348377,1.0,1.0,0,2,7559.4,heavy_traffic
1508.0,1514.0,1526.0,1523.0,3.5,3.5,3.5,3.5,4.0,6060.0,11.0,217.1949886711982,1.0,1.0,0,2,7571.7,heavy_traffic
1513.0,1519.0,1527.0,1524.0,3.5,3.5,3.5,3.5,5.0,6071.0,12.0,217.48397819438904,1.0,1.0,1,2,7593.5,heavy_traffic
1515.0,1521.0,1530.0,1524.0,3.5,3.5,3.5,3.5,0.0,6083.0,7.0,217.97490706319704,1.0,1.0,0,2,7599.0,heavy_traffic
1519.0,1526.0,1535.0,1529.0,3.5,3.5,3.5,3.5,0.0,6090.0,19.0,218.23546550125812,1.0,1.0,0,2,7622.0,heavy_traffic
1521.0,1528.0,1538.0,1533.0,3.5,3.5,3.5,3.5,0.0,6109.0,11.0,218.72732081459932,1.0,1.0,1,2,7633.5,heavy_traffic
1524.0,1533.0,1543.0,1536.0,3.5,3.5,3.5,3.5,0.0,6120.0,16.0,219.07521773555027,1.0,0.0,0,2,7686.5,heavy_traffic
1525.0,1535.0,1548.0,1538.0,3.5,3.5,3.5,3.5,1.0,6136.0,10.0,219.42296549907823,1.0,0.0,0,2,7702.8,heavy_traffic
1527.0,1539.0,1553.0,1541.0,3.5,3.5,3.5,3.5,2.0,6146.0,14.0,219.71334734629534,1.0,0.0,0,2,7722.6,heavy_traffic
1529.0,1540.0,1558.0,1546.0,3.5,3.5,3.5,3.5,3.0,6160.0,13.0,219.9752326038527,1.0,0.0,0,2,7744.9,heavy_traffic
1532.0,1541.0,1562.0,1548.0,3.5,3.5,3.5,3.5,4.0,6173.0,10.0,220.38116415958143,1.0,0.0,0,2,7759.7,heavy_traffic
1531.0,1541.0,1566.0,1552.0,3.5,3.5,3.5,3.5,5.0,6183.0,7.0,220.81535648994515,1.0,0.0,2,2,7776.0,heavy_traffic
1531.0,1543.0,1571.0,1554.0,3.5,3.5,3.5,3.5,0.0,6190.0,9.0,221.24925042367357,1.0,0.0,0,2,7787.0,heavy_traffic
1535.0,1548.0,1575.0,1556.0,3.5,3.5,3.5,3.5,0.0,6199.0,15.0,221.62594327348427,1.0,0.0,0,2,7803.5,heavy_traffic
1538.0,1551.0,1578.0,1560.0,3.5,3.5,3.5,3.5,0.0,6214.0,13.0,222.06052734121315,1.0,0.0,2,2,7820.5,heavy_traffic
1540.0,1553.0,1582.0,1562.0,3.5,3.5,3.5,3.5,0.0,6227.0,10.0,222.5815280840576,1.0,1.0,0,2,7758.0,heavy_traffic
1544.0,1556.0,1583.0,1564.0,3.5,3.5,3.5,3.5,1.0,6237.0,10.0,223.01579901579902,1.0,1.0,0,2,7774.3,heavy_traffic
1549.0,1561.0,1584.0,1564.0,3.5,3.5,3.5,3.5,2.0,6247.0,11.0,223.36340139570947,1.0,1.0,0,2,7795.6,heavy_traffic
1551.0,1565.0,1587.0,1566.0,3.5,3.5,3.5,3.5,3.0,6258.0,11.0,223.71098787722465,1.0,1.0,0,2,7810.9,heavy_traffic
1553.0,1570.0,1587.0,1567.0,3.5,3.5,3.5,3.5,4.0,6269.0,8.0,224.17357713108422,1.0,1.0,0,2,7826.2,heavy_traffic
1557.0,1573.0,1589.0,1570.0,3.5,3.5,3.5,3.5,5.0,6277.0,12.0,224.5496722786274,1.0,1.0,1,2,7843.5,heavy_traffic
1562.0,1575.0,1590.0,1573.0,3.5,3.5,3.5,3.5,0.0,6289.0,11.0,224.9545862732521,1.0,1.0,0,2,7855.5,heavy_traffic
1566.0,1580.0,1593.0,1575.0,3.5,3.5,3.5,3.5,0.0,6300.0,14.0,225.35984120886158,1.0,1.0,0,2,7876.0,heavy_traffic
1568.0,1584.0,1597.0,1577.0,3.5,3.5,3.5,3.5,0.0,6314.0,12.0,225.82291267101394,1.0,1.0,1,2,7891.0,heavy_traffic
1573.0,1589.0,1600.0,1581.0,3.5,3.5,3.5,3.5,0.0,6326.0,17.0,226.14238326103597,1.0,0.0,0,2,7943.0,heavy_traffic
1572.0,1590.0,1604.0,1586.0,3.5,3.5,3.5,3.5,1.0,6343.0,9.0,226.51929199032216,1.0,0.0,0,2,7961.8,heavy_traffic
1574.0,1590.0,1609.0,1591.0,3.5,3.5,3.5,3.5,2.0,6352.0,12.0,226.83862770012706,1.0,0.0,0,2,7983.6,heavy_traffic
1576.0,1591.0,1611.0,1594.0,3.5,3.5,3.5,3.5,3.0,6364.0,8.0,227.2728656602816,1.0,0.0,0,2,7995.9,heavy_traffic
1576.0,1593.0,1615.0,1599.0,3.5,3.5,3.5,3.5,4.0,6372.0,11.0,227.59177215189874,1.0,0.0,0,2,8015.7,heavy_traffic
1577.0,1595.0,1619.0,1604.0,3.5,3.5,3.5,3.5,5.0,6383.0,12.0,227.99722011624968,1.0,0.0,2,2,8036.0,heavy_traffic
1578.0,1598.0,1624.0,1609.0,3.5,3.5,3.5,3.5,0.0,6395.0,14.0,228.31660572437272,1.0,0.0,0,2,8054.0,heavy_traffic
1581.0,1603.0,1628.0,1613.0,3.5,3.5,3.5,3.5,0.0,6409.0,16.0,228.6654083301875,1.0,0.0,0,2,8074.0,heavy_traffic
1584.0,1607.0,1631.0,1618.0,3.5,3.5,3.5,3.5,0.0,6425.0,15.0,229.04345641798542,1.0,0.0,2,2,8093.5,heavy_traffic
1587.0,1609.0,1634.0,1621.0,3.5,3.5,3.5,3.5,0.0,6440.0,11.0,229.53656089301393,1.0,1.0,0,2,8019.5,heavy_traffic
1589.0,1612.0,1636.0,1623.0,3.5,3.5,3.5,3.5,1.0,6451.0,9.0,229.94303242769502,1.0,1.0,0,2,8032.3,heavy_traffic
1594.0,1617.0,1637.0,1624.0,3.5,3.5,3.5,3.5,2.0,6460.0,12.0,230.32079480129968,1.0,1.0,0,2,8054.1,heavy_traffic
1597.0,1619.0,1638.0,1625.0,3.5,3.5,3.5,3.5,3.0,6472.0,7.0,230.75558328134747,1.0,1.0,0,2,8065.9,heavy_traffic
1600.0,1621.0,1642.0,1626.0,3.5,3.5,3.5,3.5,4.0,6479.0,10.0,231.21901083842033,1.0,1.0,0,2,8079.2,heavy_traffic
1604.0,1625.0,1642.0,1628.0,3.5,3.5,3.5,3.5,5.0,6489.0,10.0,231.59587167371302,1.0,1.0,1,2,8097.0,heavy_traffic
1606.0,1630.0,1644.0,1628.0,3.5,3.5,3.5,3.5,0.0,6499.0,9.0,232.0300434512725,1.0,1.0,0,2,8108.0,heavy_traffic
1608.0,1634.0,1649.0,1630.0,3.5,3.5,3.5,3.5,0.0,6508.0,13.0,232.46442736737728,1.0,1.0,0,2,8123.5,heavy_traffic
1611.0,1636.0,1653.0,1634.0,3.5,3.5,3.5,3.5,0.0,6521.0,13.0,232.89902239821805,1.0,1.0,1,2,8137.5,heavy_traffic
1616.0,1639.0,1658.0,1637.0,3.5,3.5,3.5,3.5,0.0,6534.0,16.0,233.24774607879462,1.0,0.0,0,2,8217.5,heavy_traffic
1617.0,1639.0,1661.0,1640.0,3.5,3.5,3.5,3.5,1.0,6550.0,7.0,233.74000986679823,1.0,0.0,0,2,8230.8,heavy_traffic
1619.0,1641.0,1663.0,1645.0,3.5,3.5,3.5,3.5,2.0,6557.0,11.0,234.08813392417528,1.0,0.0,0,2,8247.6,heavy_traffic
1618.0,1644.0,1668.0,1650.0,3.5,3.5,3.5,3.5,3.0,6568.0,12.0,234.43636363636364,1.0,0.0,0,2,8269.4,heavy_traffic
1619.0,1645.0,1672.0,1655.0,3.5,3.5,3.5,3.5,4.0,6580.0,11.0,234.78457577243748,1.0,0.0,0,2,8289.2,heavy_traffic
1620.0,1644.0,1674.0,1657.0,3.5,3.5,3.5,3.5,5.0,6591.0,4.0,235.30467793289247,1.0,0.0,2,2,8298.0,heavy_traffic
1620.0,1645.0,1679.0,1661.0,3.5,3.5,3.5,3.5,0.0,6595.0,10.0,235.65179662674163,1.0,0.0,0,2,8312.5,heavy_traffic
1624.0,1647.0,1682.0,1666.0,3.5,3.5,3.5,3.5,0.0,6605.0,14.0,236.0568570034163,1.0,0.0,0,2,8331.5,heavy_traffic
1629.0,1649.0,1687.0,1670.0,3.5,3.5,3.5,3.5,0.0,6619.0,16.0,236.40489527520702,1.0,0.0,2,2,8353.0,heavy_traffic
1633.0,1651.0,1690.0,1674.0,3.5,3.5,3.5,3.5,0.0,6635.0,13.0,236.83951367781154,1.0,1.0,0,2,8250.0,heavy_traffic
1636.0,1654.0,1692.0,1676.0,3.5,3.5,3.5,3.5,1.0,6648.0,10.0,237.21638349514564,1.0,1.0,0,2,8264.8,heavy_traffic
1638.0,1658.0,1692.0,1678.0,3.5,3.5,3.5,3.5,2.0,6658.0,8.0,237.65043014661336,1.0,1.0,0,2,8278.6,heavy_traffic
1643.0,1662.0,1696.0,1677.0,3.5,3.5,3.5,3.5,3.0,6666.0,12.0,237.99818599588826,1.0,1.0,0,2,8298.9,heavy_traffic
1647.0,1664.0,1697.0,1679.0,3.5,3.5,3.5,3.5,4.0,6678.0,9.0,238.37445678416225,1.0,1.0,0,2,8313.2,heavy_traffic
1651.0,1669.0,1696.0,1678.0,3.5,3.5,3.5,3.5,5.0,6687.0,7.0,238.8077618416295,1.0,1.0,1,2,8331.0,heavy_traffic
1654.0,1674.0,1697.0,1679.0,3.5,3.5,3.5,3.5,0.0,6694.0,10.0,239.24091456077016,1.0,1.0,0,2,8344.0,heavy_traffic
1658.0,1678.0,1699.0,1681.0,3.5,3.5,3.5,3.5,0.0,6704.0,12.0,239.70295602018746,1.0,1.0,0,2,8362.0,heavy_traffic
1661.0,1681.0,1702.0,1686.0,3.5,3.5,3.5,3.5,0.0,6716.0,14.0,240.1077255278311,1.0,1.0,1,2,8378.0,heavy_traffic
1665.0,1686.0,1707.0,1689.0,3.5,3.5,3.5,3.5,0.0,6730.0,17.0,240.426792769065,1.0,0.0,0,2,8467.5,heavy_traffic
1668.0,1688.0,1711.0,1693.0,3.5,3.5,3.5,3.5,1.0,6747.0,13.0,240.80365678776292,1.0,0.0,0,2,8486.8,heavy_traffic
1671.0,1689.0,1714.0,1698.0,3.5,3.5,3.5,3.5,2.0,6760.0,12.0,241.12307692307692,1.0,0.0,0,2,8505.6,heavy_traffic
1673.0,1689.0,1716.0,1701.0,3.5,3.5,3.5,3.5,3.0,6772.0,7.0,241.64335914234664,1.0,0.0,0,2,8517.4,heavy_traffic
1674.0,1690.0,1719.0,1703.0,3.5,3.5,3.5,3.5,4.0,6779.0,7.0,242.10562626382776,1.0,0.0,0,2,8529.2,heavy_traffic
1677.0,1693.0,1722.0,1705.0,3.5,3.5,3.5,3.5,5.0,6786.0,11.0,242.5102719391996,1.0,0.0,2,2,8543.0,heavy_traffic
1676.0,1693.0,1727.0,1710.0,3.5,3.5,3.5,3.5,0.0,6797.0,9.0,242.9146413752223,1.0,0.0,0,2,8558.5,heavy_traffic
1678.0,1696.0,1730.0,1713.0,3.5,3.5,3.5,3.5,0.0,6806.0,11.0,243.40539900544636,1.0,0.0,0,2,8573.0,heavy_traffic
1682.0,1700.0,1735.0,1718.0,3.5,3.5,3.5,3.5,0.0,6817.0,18.0,243.69529773156899,1.0,0.0,2,2,8597.0,heavy_traffic
1685.0,1705.0,1738.0,1721.0,3.5,3.5,3.5,3.5,0.0,6835.0,14.0,244.10073130455297,1.0,1.0,0,2,8509.5,heavy_traffic
1689.0,1708.0,1741.0,1723.0,3.5,3.5,3.5,3.5,1.0,6849.0,12.0,244.47745201931002,1.0,1.0,0,2,8526.8,heavy_traffic
1691.0,1712.0,1742.0,1724.0,3.5,3.5,3.5,3.5,2.0,6861.0,8.0,244.91135668939572,1.0,1.0,0,2,8540.6,heavy_traffic
1694.0,1716.0,1746.0,1724.0,3.5,3.5,3.5,3.5,3.0,6869.0,11.0,245.31643192488264,1.0,1.0,0,2,8557.4,heavy_traffic
1697.0,1720.0,1748.0,1725.0,3.5,3.5,3.5,3.5,4.0,6880.0,10.0,245.69256004686585,1.0,1.0,0,2,8573.7,heavy_traffic
1702.0,1724.0,1747.0,1726.0,3.5,3.5,3.5,3.5,5.0,6890.0,9.0,246.1259943846514,1.0,1.0,1,2,8592.5,heavy_traffic
1704.0,1728.0,1748.0,1728.0,3.5,3.5,3.5,3.5,0.0,6899.0,9.0,246.53036673674376,1.0,1.0,0,2,8602.0,heavy_traffic
1706.0,1730.0,1752.0,1733.0,3.5,3.5,3.5,3.5,0.0,6908.0,13.0,246.96373177842565,1.0,1.0,0,2,8614.5,heavy_traffic
1710.0,1735.0,1756.0,1736.0,3.5,3.5,3.5,3.5,0.0,6921.0,16.0,247.31125596554534,1.0,1.0,1,2,8636.0,heavy_traffic
1712.0,1738.0,1760.0,1739.0,3.5,3.5,3.5,3.5,0.0,6937.0,12.0,247.77403231430895,1.0,0.0,0,2,8723.0,heavy_traffic
1716.0,1740.0,1765.0,1742.0,3.5,3.5,3.5,3.5,1.0,6949.0,14.0,248.0931554524362,1.0,0.0,0,2,8742.8,heavy_traffic
1719.0,1742.0,1769.0,1744.0,3.5,3.5,3.5,3.5,2.0,6963.0,11.0,248.49861014593466,1.0,0.0,0,2,8758.1,heavy_traffic
1720.0,1745.0,1773.0,1748.0,3.5,3.5,3.5,3.5,3.0,6974.0,12.0,248.84658959537572,1.0,0.0,0,2,8776.9,heavy_traffic
1723.0,1747.0,1777.0,1753.0,3.5,3.5,3.5,3.5,4.0,6986.0,14.0,249.16614745586708,1.0,0.0,0,2,8798.2,heavy_traffic
1727.0,1749.0,1782.0,1755.0,3.5,3.5,3.5,3.5,5.0,7000.0,13.0,249.54342317438378,1.0,0.0,2,2,8816.0,heavy_traffic
1727.0,1750.0,1785.0,1757.0,3.5,3.5,3.5,3.5,0.0,7013.0,6.0,250.06385181776346,1.0,0.0,0,2,8822.5,heavy_traffic
1730.0,1755.0,1790.0,1759.0,3.5,3.5,3.5,3.5,0.0,7019.0,15.0,250.4409096129551,1.0,0.0,0,2,8840.5,heavy_traffic
1735.0,1757.0,1795.0,1763.0,3.5,3.5,3.5,3.5,0.0,7034.0,16.0,250.7897512323742,1.0,0.0,2,2,8862.0,heavy_traffic
1740.0,1762.0,1800.0,1765.0,3.5,3.5,3.5,3.5,0.0,7050.0,17.0,251.11052631578949,1.0,1.0,0,2,8786.5,heavy_traffic
1743.0,1764.0,1803.0,1765.0,3.5,3.5,3.5,3.5,1.0,7067.0,8.0,251.6033596160439,1.0,1.0,0,2,8798.8,heavy_traffic
1746.0,1767.0,1804.0,1767.0,3.5,3.5,3.5,3.5,2.0,7075.0,9.0,252.0384527612962,1.0,1.0,0,2,8813.1,heavy_traffic
1749.0,1772.0,1804.0,1767.0,3.5,3.5,3.5,3.5,3.0,7084.0,8.0,252.47316850860201,1.0,1.0,0,2,8829.9,heavy_traffic
1751.0,1776.0,1803.0,1768.0,3.5,3.5,3.5,3.5,4.0,7092.0,6.0,252.93605643417908,1.0,1.0,0,2,8842.7,heavy_traffic
1753.0,1781.0,1805.0,1769.0,3.5,3.5,3.5,3.5,5.0,7098.0,10.0,253.3700295387412,1.0,1.0,1,2,8859.0,heavy_traffic
1755.0,1783.0,1808.0,1771.0,3.5,3.5,3.5,3.5,0.0,7108.0,9.0,253.77495462794917,1.0,1.0,0,2,8865.5,heavy_traffic
1759.0,1785.0,1812.0,1773.0,3.5,3.5,3.5,3.5,0.0,7117.0,12.0,254.23753964657908,1.0,1.0,0,2,8880.5,heavy_traffic
1764.0,1789.0,1815.0,1776.0,3.5,3.5,3.5,3.5,0.0,7129.0,15.0,254.61415809114553,1.0,1.0,1,2,8901.5,heavy_traffic
1766.0,1793.0,1819.0,1778.0,3.5,3.5,3.5,3.5,0.0,7144.0,12.0,255.0772444946358,1.0,0.0,0,2,8973.5,heavy_traffic
1766.0,1797.0,1821.0,1783.0,3.5,3.5,3.5,3.5,1.0,7156.0,11.0,255.48269252452363,1.0,0.0,0,2,8990.3,heavy_traffic
1768.0,1801.0,1823.0,1785.0,3.5,3.5,3.5,3.5,2.0,7167.0,10.0,255.94561423263147,1.0,0.0,0,2,9002.1,heavy_traffic
1772.0,1804.0,1827.0,1788.0,3.5,3.5,3.5,3.5,3.0,7177.0,14.0,256.264778601933,1.0,0.0,0,2,9020.4,heavy_traffic
1775.0,1806.0,1831.0,1791.0,3.5,3.5,3.5,3.5,4.0,7191.0,12.0,256.58407178911943,1.0,0.0,0,2,9037.7,heavy_traffic
1775.0,1808.0,1834.0,1796.0,3.5,3.5,3.5,3.5,5.0,7203.0,10.0,256.989584499944,1.0,0.0,2,2,9055.5,heavy_traffic
1778.0,1810.0,1839.0,1798.0,3.5,3.5,3.5,3.5,0.0,7213.0,12.0,257.33761878144213,1.0,0.0,0,2,9068.0,heavy_traffic
1781.0,1815.0,1844.0,1800.0,3.5,3.5,3.5,3.5,0.0,7225.0,15.0,257.71484375,1.0,0.0,0,2,9086.0,heavy_traffic
1783.0,1819.0,1849.0,1803.0,3.5,3.5,3.5,3.5,0.0,7240.0,14.0,258.12112770225093,1.0,0.0,2,2,9105.0,heavy_traffic
1786.0,1824.0,1851.0,1807.0,3.5,3.5,3.5,3.5,0.0,7254.0,14.0,258.5277036048064,1.0,1.0,0,2,9049.0,heavy_traffic
1791.0,1829.0,1851.0,1811.0,3.5,3.5,3.5,3.5,1.0,7268.0,14.0,258.8483064963909,1.0,1.0,0,2,9071.8,heavy_traffic
1794.0,1833.0,1852.0,1813.0,3.5,3.5,3.5,3.5,2.0,7282.0,10.0,259.22627494456765,1.0,1.0,0,2,9088.1,heavy_traffic
1796.0,1835.0,1851.0,1813.0,3.5,3.5,3.5,3.5,3.0,7292.0,3.0,259.8046078865751,1.0,1.0,0,2,9096.4,heavy_traffic
1801.0,1837.0,1854.0,1815.0,3.5,3.5,3.5,3.5,4.0,7295.0,12.0,260.1529190623618,1.0,1.0,0,2,9113.7,heavy_traffic
1803.0,1839.0,1855.0,1819.0,3.5,3.5,3.5,3.5,5.0,7307.0,9.0,260.64483710657095,1.0,1.0,1,2,9125.0,heavy_traffic
1808.0,1841.0,1854.0,1822.0,3.5,3.5,3.5,3.5,0.0,7316.0,9.0,261.0501709118977,1.0,1.0,0,2,9136.0,heavy_traffic
1812.0,1846.0,1859.0,1826.0,3.5,3.5,3.5,3.5,0.0,7325.0,18.0,261.34114669307803,1.0,1.0,0,2,9158.5,heavy_traffic
1816.0,1849.0,1862.0,1829.0,3.5,3.5,3.5,3.5,0.0,7343.0,13.0,261.7761538461538,1.0,1.0,1,2,9175.5,heavy_traffic
1818.0,1853.0,1864.0,1834.0,3.5,3.5,3.5,3.5,0.0,7356.0,13.0,262.2113464281795,1.0,0.0,0,2,9231.5,heavy_traffic
1819.0,1854.0,1869.0,1836.0,3.5,3.5,3.5,3.5,1.0,7369.0,9.0,262.7038579570364,1.0,0.0,0,2,9247.3,heavy_traffic
1822.0,1856.0,1874.0,1841.0,3.5,3.5,3.5,3.5,2.0,7378.0,15.0,262.93777340332457,1.0,0.0,0,2,9270.6,heavy_traffic
1825.0,1860.0,1878.0,1843.0,3.5,3.5,3.5,3.5,3.0,7393.0,13.0,263.3157549950868,1.0,0.0,0,2,9286.9,heavy_traffic
1824.0,1862.0,1880.0,1845.0,3.5,3.5,3.5,3.5,4.0,7406.0,5.0,263.86561954624784,1.0,0.0,0,2,9296.2,heavy_traffic
1823.0,1864.0,1885.0,1848.0,3.5,3.5,3.5,3.5,5.0,7411.0,9.0,264.3001851650147,1.0,0.0,2,2,9313.5,heavy_traffic
1826.0,1866.0,1887.0,1852.0,3.5,3.5,3.5,3.5,0.0,7420.0,11.0,264.7059271343121,1.0,0.0,0,2,9324.0,heavy_traffic
1831.0,1871.0,1889.0,1854.0,3.5,3.5,3.5,3.5,0.0,7431.0,14.0,265.11195569551523,1.0,0.0,0,2,9337.0,heavy_traffic
1834.0,1874.0,1894.0,1859.0,3.5,3.5,3.5,3.5,0.0,7445.0,16.0,265.4609214092141,1.0,0.0,2,2,9360.0,heavy_traffic
1839.0,1876.0,1899.0,1862.0,3.5,3.5,3.5,3.5,0.0,7461.0,15.0,265.8390692640693,1.0,1.0,0,2,9310.5,heavy_traffic
1842.0,1880.0,1902.0,1863.0,3.5,3.5,3.5,3.5,1.0,7476.0,11.0,266.24594769829264,1.0,1.0,0,2,9327.3,heavy_traffic
1844.0,1885.0,1904.0,1865.0,3.5,3.5,3.5,3.5,2.0,7487.0,11.0,266.5664976809406,1.0,1.0,0,2,9344.1,heavy_traffic
1848.0,1887.0,1907.0,1867.0,3.5,3.5,3.5,3.5,3.0,7498.0,11.0,266.91579627436204,1.0,1.0,0,2,9359.4,heavy_traffic
1853.0,1890.0,1907.0,1866.0,3.5,3.5,3.5,3.5,4.0,7509.0,7.0,267.3796107108291,1.0,1.0,0,2,9375.7,heavy_traffic
1857.0,1892.0,1909.0,1870.0,3.5,3.5,3.5,3.5,5.0,7516.0,12.0,267.7572471548207,1.0,1.0,1,2,9391.5,heavy_traffic
1862.0,1896.0,1913.0,1874.0,3.5,3.5,3.5,3.5,0.0,7528.0,17.0,268.02057216329155,1.0,1.0,0,2,9409.5,heavy_traffic
1866.0,1899.0,1918.0,1878.0,3.5,3.5,3.5,3.5,0.0,7545.0,16.0,268.370627874639,1.0,1.0,0,2,9428.0,heavy_traffic
1871.0,1902.0,1921.0,1882.0,3.5,3.5,3.5,3.5,0.0,7561.0,15.0,268.7497864160615,1.0,1.0,1,2,9447.5,heavy_traffic
1876.0,1905.0,1925.0,1887.0,3.5,3.5,3.5,3.5,0.0,7576.0,17.0,269.0721671463597,1.0,0.0,0,2,9514.5,heavy_traffic
1878.0,1908.0,1930.0,1890.0,3.5,3.5,3.5,3.5,1.0,7593.0,13.0,269.39476484358374,1.0,0.0,0,2,9533.8,heavy_traffic
1881.0,1909.0,1935.0,1893.0,3.5,3.5,3.5,3.5,2.0,7606.0,12.0,269.80344241393965,1.0,0.0,0,2,9552.6,heavy_traffic
1882.0,1912.0,1937.0,1898.0,3.5,3.5,3.5,3.5,3.0,7618.0,11.0,270.1834093561048,1.0,0.0,0,2,9569.4,heavy_traffic
1883.0,1913.0,1939.0,1900.0,3.5,3.5,3.5,3.5,4.0,7629.0,6.0,270.70615661756915,1.0,0.0,0,2,9579.2,heavy_traffic
1886.0,1914.0,1942.0,1902.0,3.5,3.5,3.5,3.5,5.0,7635.0,9.0,271.1713408826331,1.0,0.0,2,2,9592.0,heavy_traffic
1888.0,1915.0,1945.0,1904.0,3.5,3.5,3.5,3.5,0.0,7644.0,8.0,271.63619067751824,1.0,0.0,0,2,9599.5,heavy_traffic
1893.0,1919.0,1949.0,1908.0,3.5,3.5,3.5,3.5,0.0,7652.0,17.0,271.95811352606034,1.0,0.0,0,2,9620.0,heavy_traffic
1895.0,1923.0,1952.0,1910.0,3.5,3.5,3.5,3.5,0.0,7669.0,11.0,272.45220781958056,1.0,0.0,2,2,9633.0,heavy_traffic
1897.0,1928.0,1957.0,1912.0,3.5,3.5,3.5,3.5,0.0,7680.0,14.0,272.86046511627904,1.0,1.0,0,2,9584.5,heavy_traffic
1899.0,1930.0,1958.0,1911.0,3.5,3.5,3.5,3.5,1.0,7694.0,4.0,273.44033224687206,1.0,1.0,0,2,9593.3,heavy_traffic
1901.0,1933.0,1959.0,1912.0,3.5,3.5,3.5,3.5,2.0,7698.0,7.0,273.9048619132626,1.0,1.0,0,2,9605.1,heavy_traffic
1906.0,1938.0,1958.0,1913.0,3.5,3.5,3.5,3.5,3.0,7705.0,10.0,274.28297336967915,1.0,1.0,0,2,9625.9,heavy_traffic
1910.0,1941.0,1958.0,1914.0,3.5,3.5,3.5,3.5,4.0,7715.0,8.0,274.7470157068063,1.0,1.0,0,2,9641.2,heavy_traffic
1912.0,1944.0,1961.0,1915.0,3.5,3.5,3.5,3.5,5.0,7723.0,9.0,275.15328314512755,1.0,1.0,1,2,9654.0,heavy_traffic
1915.0,1946.0,1962.0,1917.0,3.5,3.5,3.5,3.5,0.0,7732.0,8.0,275.58797118095436,1.0,1.0,0,2,9661.5,heavy_traffic
1919.0,1949.0,1965.0,1922.0,3.5,3.5,3.5,3.5,0.0,7740.0,15.0,275.9654920767306,1.0,1.0,0,2,9679.5,heavy_traffic
1922.0,1952.0,1970.0,1927.0,3.5,3.5,3.5,3.5,0.0,7755.0,16.0,276.31473771856787,1.0,1.0,1,2,9696.5,heavy_traffic
1927.0,1957.0,1974.0,1929.0,3.5,3.5,3.5,3.5,0.0,7771.0,16.0,276.6644846217789,1.0,0.0,0,2,9748.0,heavy_traffic
1931.0,1958.0,1976.0,1931.0,3.5,3.5,3.5,3.5,1.0,7787.0,9.0,277.12899543378995,1.0,0.0,0,2,9759.3,heavy_traffic
1934.0,1961.0,1979.0,1936.0,3.5,3.5,3.5,3.5,2.0,7796.0,14.0,277.4500155392106,1.0,0.0,0,2,9779.1,heavy_traffic
1934.0,1962.0,1981.0,1940.0,3.5,3.5,3.5,3.5,3.0,7810.0,7.0,277.9430877483444,1.0,0.0,0,2,9792.4,heavy_traffic
1936.0,1963.0,1985.0,1942.0,3.5,3.5,3.5,3.5,4.0,7817.0,9.0,278.3496590204588,1.0,0.0,0,2,9806.7,heavy_traffic
1936.0,1965.0,1990.0,1945.0,3.5,3.5,3.5,3.5,5.0,7826.0,10.0,278.69857643903447,1.0,0.0,2,2,9824.5,heavy_traffic
1939.0,1968.0,1995.0,1948.0,3.5,3.5,3.5,3.5,0.0,7836.0,14.0,279.0190505612192,1.0,0.0,0,2,9839.5,heavy_traffic
1941.0,1972.0,2000.0,1951.0,3.5,3.5,3.5,3.5,0.0,7850.0,14.0,279.4260154241645,1.0,0.0,0,2,9858.5,heavy_traffic
1945.0,1975.0,2002.0,1955.0,3.5,3.5,3.5,3.5,0.0,7864.0,13.0,279.86188128979256,1.0,0.0,2,2,9874.0,heavy_traffic
1949.0,1978.0,2004.0,1957.0,3.5,3.5,3.5,3.5,0.0,7877.0,11.0,280.3552159195815,1.0,1.0,0,2,9834.5,heavy_traffic
1953.0,1981.0,2005.0,1961.0,3.5,3.5,3.5,3.5,1.0,7888.0,12.0,280.70486431131593,1.0,1.0,0,2,9851.8,heavy_traffic
1955.0,1985.0,2008.0,1964.0,3.5,3.5,3.5,3.5,2.0,7900.0,12.0,281.1120768994785,1.0,1.0,0,2,9867.6,heavy_traffic
1957.0,1990.0,2010.0,1964.0,3.5,3.5,3.5,3.5,3.0,7912.0,9.0,281.5477941176471,1.0,1.0,0,2,9883.4,heavy_traffic
1960.0,1993.0,2012.0,1965.0,3.5,3.5,3.5,3.5,4.0,7921.0,9.0,281.9545176422598,1.0,1.0,0,2,9897.7,heavy_traffic
1963.0,1998.0,2013.0,1964.0,3.5,3.5,3.5,3.5,5.0,7930.0,8.0,282.3896527141257,1.0,1.0,1,2,9914.5,heavy_traffic
1966.0,2002.0,2017.0,1963.0,3.5,3.5,3.5,3.5,0.0,7938.0,10.0,282.7958913861487,1.0,1.0,0,2,9926.0,heavy_traffic
1971.0,2007.0,2019.0,1965.0,3.5,3.5,3.5,3.5,0.0,7948.0,14.0,283.20239666903626,1.0,1.0,0,2,9948.0,heavy_traffic
1973.0,2012.0,2022.0,1970.0,3.5,3.5,3.5,3.5,0.0,7962.0,15.0,283.58051105252486,1.0,1.0,1,2,9966.0,heavy_traffic
1976.0,2017.0,2024.0,1974.0,3.5,3.5,3.5,3.5,0.0,7977.0,14.0,283.98764682057515,1.0,0.0,0,2,9992.5,heavy_traffic
1978.0,2020.0,2028.0,1979.0,3.5,3.5,3.5,3.5,1.0,7991.0,14.0,284.2513390601314,1.0,0.0,0,2,10013.8,heavy_traffic
1982.0,2022.0,2033.0,1982.0,3.5,3.5,3.5,3.5,2.0,8005.0,14.0,284.54413396549984,1.0,0.0,0,2,10033.6,heavy_traffic
1982.0,2024.0,2038.0,1985.0,3.5,3.5,3.5,3.5,3.0,8019.0,10.0,284.8942491691006,1.0,0.0,0,2,10051.4,heavy_traffic
1983.0,2024.0,2043.0,1990.0,3.5,3.5,3.5,3.5,4.0,8029.0,11.0,285.2730289621883,1.0,0.0,0,2,10072.7,heavy_traffic
1985.0,2027.0,2045.0,1995.0,3.5,3.5,3.5,3.5,5.0,8040.0,12.0,285.68055834504923,1.0,0.0,2,2,10090.0,heavy_traffic
1988.0,2029.0,2047.0,1998.0,3.5,3.5,3.5,3.5,0.0,8052.0,10.0,286.1166382509277,1.0,0.0,0,2,10098.5,heavy_traffic
1992.0,2033.0,2051.0,2002.0,3.5,3.5,3.5,3.5,0.0,8062.0,16.0,286.46710723941123,1.0,0.0,0,2,10118.5,heavy_traffic
1997.0,2035.0,2054.0,2005.0,3.5,3.5,3.5,3.5,0.0,8078.0,13.0,286.9038,1.0,0.0,2,2,10134.0,heavy_traffic
2002.0,2037.0,2058.0,2009.0,3.5,3.5,3.5,3.5,0.0,8091.0,15.0,287.28347478781825,1.0,1.0,0,2,10111.5,heavy_traffic
2005.0,2040.0,2062.0,2008.0,3.5,3.5,3.5,3.5,1.0,8106.0,9.0,287.7202832070203,1.0,1.0,0,2,10125.8,heavy_traffic
2009.0,2042.0,2062.0,2010.0,3.5,3.5,3.5,3.5,2.0,8115.0,8.0,288.15675729509013,1.0,1.0,0,2,10139.6,heavy_traffic
2013.0,2047.0,2064.0,2012.0,3.5,3.5,3.5,3.5,3.0,8123.0,13.0,288.4499453225967,1.0,1.0,0,2,10160.4,heavy_traffic
2016.0,2050.0,2066.0,2015.0,3.5,3.5,3.5,3.5,4.0,8136.0,11.0,288.8004962779156,1.0,1.0,0,2,10175.7,heavy_traffic
2019.0,2054.0,2066.0,2019.0,3.5,3.5,3.5,3.5,5.0,8147.0,11.0,289.2083457230647,1.0,1.0,1,2,10192.5,heavy_traffic
2024.0,2058.0,2065.0,2022.0,3.5,3.5,3.5,3.5,0.0,8158.0,11.0,289.5588322612568,1.0,1.0,0,2,10207.5,heavy_traffic
2026.0,2061.0,2067.0,2026.0,3.5,3.5,3.5,3.5,0.0,8169.0,11.0,290.05258995650456,1.0,1.0,0,2,10220.5,heavy_traffic
2028.0,2063.0,2070.0,2028.0,3.5,3.5,3.5,3.5,0.0,8180.0,9.0,290.60355555555554,1.0,1.0,1,2,10231.0,heavy_traffic
2031.0,2068.0,2072.0,2030.0,3.5,3.5,3.5,3.5,0.0,8189.0,12.0,291.06856071816117,1.0,0.0,0,2,10253.5,heavy_traffic
2033.0,2067.0,2076.0,2033.0,3.5,3.5,3.5,3.5,1.0,8201.0,8.0,291.5332545078333,1.0,0.0,0,2,10268.8,heavy_traffic
2035.0,2068.0,2080.0,2038.0,3.5,3.5,3.5,3.5,2.0,8209.0,12.0,291.8831283817019,1.0,0.0,0,2,10289.1,heavy_traffic
2039.0,2068.0,2084.0,2043.0,3.5,3.5,3.5,3.5,3.0,8221.0,13.0,292.23317945192025,1.0,0.0,0,2,10309.9,heavy_traffic
2040.0,2071.0,2089.0,2047.0,3.5,3.5,3.5,3.5,4.0,8234.0,13.0,292.612102785406,1.0,0.0,0,2,10330.7,heavy_traffic
2041.0,2072.0,2093.0,2050.0,3.5,3.5,3.5,3.5,5.0,8247.0,9.0,293.0769004702194,1.0,0.0,2,2,10346.5,heavy_traffic
2040.0,2074.0,2097.0,2055.0,3.5,3.5,3.5,3.5,0.0,8256.0,10.0,293.4841518293876,1.0,0.0,0,2,10361.0,heavy_traffic
2042.0,2078.0,2100.0,2057.0,3.5,3.5,3.5,3.5,0.0,8266.0,11.0,293.9775236978403,1.0,0.0,0,2,10374.0,heavy_traffic
2044.0,2082.0,2105.0,2059.0,3.5,3.5,3.5,3.5,0.0,8277.0,13.0,294.41362482920164,1.0,0.0,2,2,10391.0,heavy_traffic
2048.0,2085.0,2110.0,2063.0,3.5,3.5,3.5,3.5,0.0,8290.0,16.0,294.76398362892223,1.0,1.0,0,2,10352.5,heavy_traffic
2052.0,2090.0,2111.0,2064.0,3.5,3.5,3.5,3.5,1.0,8306.0,11.0,295.20048661800485,1.0,1.0,0,2,10372.3,heavy_traffic
2055.0,2095.0,2114.0,2065.0,3.5,3.5,3.5,3.5,2.0,8317.0,12.0,295.5795918367347,1.0,1.0,0,2,10391.1,heavy_traffic
2059.0,2100.0,2117.0,2066.0,3.5,3.5,3.5,3.5,3.0,8329.0,13.0,295.93013778381527,1.0,1.0,0,2,10411.9,heavy_traffic
2064.0,2103.0,2116.0,2067.0,3.5,3.5,3.5,3.5,4.0,8342.0,8.0,296.3377906976744,1.0,1.0,0,2,10428.7,heavy_traffic
2066.0,2106.0,2116.0,2069.0,3.5,3.5,3.5,3.5,5.0,8350.0,7.0,296.8024583817267,1.0,1.0,1,2,10440.5,heavy_traffic
2071.0,2108.0,2117.0,2069.0,3.5,3.5,3.5,3.5,0.0,8357.0,8.0,297.23808603189946,1.0,1.0,0,2,10451.0,heavy_traffic
2074.0,2111.0,2122.0,2074.0,3.5,3.5,3.5,3.5,0.0,8365.0,16.0,297.5879741337709,1.0,1.0,0,2,10468.0,heavy_traffic
2076.0,2113.0,2127.0,2078.0,3.5,3.5,3.5,3.5,0.0,8381.0,13.0,298.02419510314246,1.0,1.0,1,2,10480.5,heavy_traffic
2079.0,2115.0,2129.0,2083.0,3.5,3.5,3.5,3.5,0.0,8394.0,12.0,298.4892162526478,1.0,0.0,0,2,10521.0,heavy_traffic
2080.0,2118.0,2134.0,2087.0,3.5,3.5,3.5,3.5,1.0,8406.0,13.0,298.8107276747092,1.0,0.0,0,2,10541.8,heavy_traffic
2082.0,2119.0,2137.0,2089.0,3.5,3.5,3.5,3.5,2.0,8419.0,8.0,299.30430190128675,1.0,0.0,0,2,10554.1,heavy_traffic
2085.0,2120.0,2140.0,2093.0,3.5,3.5,3.5,3.5,3.0,8427.0,11.0,299.7116417337936,1.0,0.0,0,2,10570.9,heavy_traffic
2087.0,2123.0,2144.0,2098.0,3.5,3.5,3.5,3.5,4.0,8438.0,14.0,300.0330301579703,1.0,0.0,0,2,10592.2,heavy_traffic
2088.0,2125.0,2147.0,2103.0,3.5,3.5,3.5,3.5,5.0,8452.0,11.0,300.3831373673645,1.0,0.0,2,2,10610.5,heavy_traffic
2089.0,2127.0,2149.0,2108.0,3.5,3.5,3.5,3.5,0.0,8463.0,10.0,300.84799006970303,1.0,0.0,0,2,10622.0,heavy_traffic
2092.0,2132.0,2154.0,2113.0,3.5,3.5,3.5,3.5,0.0,8473.0,18.0,301.1411686207225,1.0,0.0,0,2,10646.0,heavy_traffic
2094.0,2134.0,2156.0,2118.0,3.5,3.5,3.5,3.5,0.0,8491.0,11.0,301.6353075604647,1.0,0.0,2,2,10662.0,heavy_traffic
2096.0,2138.0,2161.0,2122.0,3.5,3.5,3.5,3.5,0.0,8502.0,15.0,302.0149282114671,1.0,1.0,0,2,10609.5,heavy_traffic
2101.0,2141.0,2161.0,2122.0,3.5,3.5,3.5,3.5,1.0,8517.0,8.0,302.4803875011872,1.0,1.0,0,2,10626.3,heavy_traffic
2104.0,2146.0,2160.0,2124.0,3.5,3.5,3.5,3.5,2.0,8525.0,9.0,302.91690381331813,1.0,1.0,0,2,10643.6,heavy_traffic
2108.0,2150.0,2160.0,2123.0,3.5,3.5,3.5,3.5,3.0,8534.0,7.0,303.3530080530554,1.0,1.0,0,2,10659.9,heavy_traffic
2112.0,2153.0,2161.0,2127.0,3.5,3.5,3.5,3.5,4.0,8541.0,12.0,303.7316934720908,1.0,1.0,0,2,10677.2,heavy_traffic
2116.0,2158.0,2163.0,2126.0,3.5,3.5,3.5,3.5,5.0,8553.0,10.0,304.13898337112624,1.0,1.0,1,2,10696.5,heavy_traffic
2121.0,2160.0,2166.0,2128.0,3.5,3.5,3.5,3.5,0.0,8563.0,12.0,304.4888679245283,1.0,1.0,0,2,10709.0,heavy_traffic
2124.0,2163.0,2168.0,2131.0,3.5,3.5,3.5,3.5,0.0,8575.0,11.0,304.98237677881446,1.0,1.0,0,2,10723.5,heavy_traffic
2126.0,2166.0,2172.0,2134.0,3.5,3.5,3.5,3.5,0.0,8586.0,12.0,305.4472371269886,1.0,1.0,1,2,10737.0,heavy_traffic
2130.0,2169.0,2174.0,2138.0,3.5,3.5,3.5,3.5,0.0,8598.0,13.0,305.883508837909,1.0,0.0,0,2,10773.5,heavy_traffic
2133.0,2169.0,2179.0,2140.0,3.5,3.5,3.5,3.5,1.0,8611.0,10.0,306.29089201877935,1.0,0.0,0,2,10789.8,heavy_traffic
2136.0,2171.0,2181.0,2145.0,3.5,3.5,3.5,3.5,2.0,8621.0,12.0,306.64082130133136,1.0,0.0,0,2,10807.1,heavy_traffic
2136.0,2171.0,2183.0,2149.0,3.5,3.5,3.5,3.5,3.0,8633.0,6.0,307.13402641191345,1.0,0.0,0,2,10819.9,heavy_traffic
2140.0,2173.0,2185.0,2154.0,3.5,3.5,3.5,3.5,4.0,8639.0,13.0,307.483587393622,1.0,0.0,0,2,10837.7,heavy_traffic
2141.0,2174.0,2188.0,2159.0,3.5,3.5,3.5,3.5,5.0,8652.0,10.0,307.948061653433,1.0,0.0,2,2,10855.5,heavy_traffic
2143.0,2174.0,2192.0,2163.0,3.5,3.5,3.5,3.5,0.0,8662.0,10.0,308.3548838511055,1.0,0.0,0,2,10868.5,heavy_traffic
2145.0,2176.0,2197.0,2168.0,3.5,3.5,3.5,3.5,0.0,8672.0,14.0,308.76194912885495,1.0,0.0,0,2,10890.5,heavy_traffic
2147.0,2180.0,2201.0,2171.0,3.5,3.5,3.5,3.5,0.0,8686.0,13.0,309.19793411501956,1.0,0.0,2,2,10907.5,heavy_traffic
2149.0,2185.0,2204.0,2175.0,3.5,3.5,3.5,3.5,0.0,8699.0,14.0,309.6053903345725,1.0,1.0,0,2,10857.5,heavy_traffic
2151.0,2189.0,2204.0,2174.0,3.5,3.5,3.5,3.5,1.0,8713.0,5.0,310.09859808745705,1.0,1.0,0,2,10869.8,heavy_traffic
2156.0,2191.0,2208.0,2175.0,3.5,3.5,3.5,3.5,2.0,8718.0,12.0,310.50551692165044,1.0,1.0,0,2,10887.1,heavy_traffic
2158.0,2196.0,2211.0,2176.0,3.5,3.5,3.5,3.5,3.0,8730.0,11.0,310.94119281348395,1.0,1.0,0,2,10903.9,heavy_traffic
2163.0,2198.0,2214.0,2180.0,3.5,3.5,3.5,3.5,4.0,8741.0,14.0,311.29073423340117,1.0,1.0,0,2,10922.2,heavy_traffic
2165.0,2200.0,2216.0,2184.0,3.5,3.5,3.5,3.5,5.0,8755.0,10.0,311.7265170407315,1.0,1.0,1,2,10934.0,heavy_traffic
2170.0,2203.0,2216.0,2187.0,3.5,3.5,3.5,3.5,0.0,8765.0,11.0,312.10468548238333,1.0,1.0,0,2,10947.5,heavy_traffic
2175.0,2205.0,2220.0,2189.0,3.5,3.5,3.5,3.5,0.0,8776.0,13.0,312.54058037770614,1.0,1.0,0,2,10964.5,heavy_traffic
2180.0,2209.0,2223.0,2191.0,3.5,3.5,3.5,3.5,0.0,8789.0,14.0,312.9479252921152,1.0,1.0,1,2,10985.0,heavy_traffic
2182.0,2211.0,2225.0,2194.0,3.5,3.5,3.5,3.5,0.0,8803.0,9.0,313.4990807133664,1.0,0.0,0,2,11034.5,heavy_traffic
2183.0,2212.0,2229.0,2199.0,3.5,3.5,3.5,3.5,1.0,8812.0,11.0,313.84854048099874,1.0,0.0,0,2,11054.3,heavy_traffic
2187.0,2214.0,2232.0,2202.0,3.5,3.5,3.5,3.5,2.0,8823.0,12.0,314.2556839017235,1.0,0.0,0,2,11070.1,heavy_traffic
2188.0,2215.0,2237.0,2206.0,3.5,3.5,3.5,3.5,3.0,8835.0,11.0,314.60518125228856,1.0,0.0,0,2,11089.9,heavy_traffic
2188.0,2216.0,2242.0,2210.0,3.5,3.5,3.5,3.5,4.0,8846.0,10.0,314.98336228174423,1.0,0.0,0,2,11109.2,heavy_traffic
2191.0,2219.0,2244.0,2213.0,3.5,3.5,3.5,3.5,5.0,8856.0,11.0,315.4191015339664,1.0,0.0,2,2,11123.0,heavy_traffic
2192.0,2221.0,2248.0,2216.0,3.5,3.5,3.5,3.5,0.0,8867.0,10.0,315.8259164690863,1.0,0.0,0,2,11134.5,heavy_traffic
2195.0,2223.0,2252.0,2219.0,3.5,3.5,3.5,3.5,0.0,8877.0,12.0,316.29039897977776,1.0,0.0,0,2,11151.0,heavy_traffic
2200.0,2228.0,2256.0,2223.0,3.5,3.5,3.5,3.5,0.0,8889.0,18.0,316.58266642415424,1.0,0.0,2,2,11172.0,heavy_traffic
2204.0,2233.0,2260.0,2226.0,3.5,3.5,3.5,3.5,0.0,8907.0,16.0,316.932982201235,1.0,1.0,0,2,11117.0,heavy_traffic
2206.0,2238.0,2261.0,2230.0,3.5,3.5,3.5,3.5,1.0,8923.0,12.0,317.3409214583711,1.0,1.0,0,2,11134.3,heavy_traffic
2209.0,2241.0,2265.0,2231.0,3.5,3.5,3.5,3.5,2.0,8935.0,11.0,317.74882246376814,1.0,1.0,0,2,11149.6,heavy_traffic
2213.0,2246.0,2267.0,2235.0,3.5,3.5,3.5,3.5,3.0,8946.0,15.0,318.0707244279642,1.0,1.0,0,2,11171.4,heavy_traffic
2217.0,2248.0,2268.0,2236.0,3.5,3.5,3.5,3.5,4.0,8961.0,8.0,318.53618213027374,1.0,1.0,0,2,11185.2,heavy_traffic
2219.0,2251.0,2271.0,2238.0,3.5,3.5,3.5,3.5,5.0,8969.0,10.0,318.9439682396463,1.0,1.0,1,2,11198.5,heavy_traffic
2223.0,2253.0,2272.0,2239.0,3.5,3.5,3.5,3.5,0.0,8979.0,8.0,319.43780421849647,1.0,1.0,0,2,11207.5,heavy_traffic
2226.0,2256.0,2276.0,2242.0,3.5,3.5,3.5,3.5,0.0,8987.0,13.0,319.8742234626812,1.0,1.0,0,2,11223.0,heavy_traffic
2230.0,2259.0,2279.0,2245.0,3.5,3.5,3.5,3.5,0.0,9000.0,13.0,320.31079136690647,1.0,1.0,1,2,11240.0,heavy_traffic
2232.0,2262.0,2283.0,2247.0,3.5,3.5,3.5,3.5,0.0,9013.0,11.0,320.8049591231695,1.0,0.0,0,2,11307.0,heavy_traffic
2232.0,2264.0,2288.0,2249.0,3.5,3.5,3.5,3.5,1.0,9024.0,9.0,321.2701247419905,1.0,0.0,0,2,11322.8,heavy_traffic
2234.0,2266.0,2291.0,2253.0,3.5,3.5,3.5,3.5,2.0,9033.0,11.0,321.6199480240165,1.0,0.0,0,2,11339.6,heavy_traffic
2236.0,2270.0,2293.0,2255.0,3.5,3.5,3.5,3.5,3.0,9044.0,10.0,322.08495210813714,1.0,0.0,0,2,11351.4,heavy_traffic
2237.0,2270.0,2298.0,2259.0,3.5,3.5,3.5,3.5,4.0,9054.0,10.0,322.46334704094403,1.0,0.0,0,2,11370.7,heavy_traffic
2239.0,2271.0,2300.0,2262.0,3.5,3.5,3.5,3.5,5.0,9064.0,8.0,322.8990981337619,1.0,0.0,2,2,11383.0,heavy_traffic
2239.0,2273.0,2303.0,2264.0,3.5,3.5,3.5,3.5,0.0,9072.0,7.0,323.36330389795734,1.0,0.0,0,2,11390.0,heavy_traffic
2242.0,2278.0,2306.0,2266.0,3.5,3.5,3.5,3.5,0.0,9079.0,13.0,323.7988239486814,1.0,0.0,0,2,11404.0,heavy_traffic
2247.0,2280.0,2309.0,2271.0,3.5,3.5,3.5,3.5,0.0,9092.0,15.0,324.17697304030605,1.0,0.0,2,2,11423.5,heavy_traffic
2251.0,2285.0,2314.0,2274.0,3.5,3.5,3.5,3.5,0.0,9107.0,17.0,324.4979566453447,1.0,1.0,0,2,11366.0,heavy_traffic
2255.0,2289.0,2317.0,2277.0,3.5,3.5,3.5,3.5,1.0,9124.0,14.0,324.79040269646976,1.0,1.0,0,2,11385.8,heavy_traffic
2260.0,2291.0,2319.0,2278.0,3.5,3.5,3.5,3.5,2.0,9138.0,10.0,325.2268096039692,1.0,1.0,0,2,11402.1,heavy_traffic
2263.0,2296.0,2320.0,2280.0,3.5,3.5,3.5,3.5,3.0,9148.0,11.0,325.6055565386657,1.0,1.0,0,2,11420.4,heavy_traffic
2266.0,2300.0,2323.0,2281.0,3.5,3.5,3.5,3.5,4.0,9159.0,11.0,326.0418912947415,1.0,1.0,0,2,11437.2,heavy_traffic
2270.0,2305.0,2324.0,2283.0,3.5,3.5,3.5,3.5,5.0,9170.0,12.0,326.39184537993117,1.0,1.0,1,2,11457.5,heavy_traffic
2275.0,2309.0,2327.0,2286.0,3.5,3.5,3.5,3.5,0.0,9182.0,15.0,326.6557709251101,1.0,1.0,0,2,11474.5,heavy_traffic
2280.0,2313.0,2332.0,2290.0,3.5,3.5,3.5,3.5,0.0,9197.0,18.0,326.9491555242787,1.0,1.0,0,2,11497.0,heavy_traffic
2284.0,2318.0,2334.0,2293.0,3.5,3.5,3.5,3.5,0.0,9215.0,14.0,327.35784572131433,1.0,1.0,1,2,11517.5,heavy_traffic
2289.0,2321.0,2338.0,2295.0,3.5,3.5,3.5,3.5,0.0,9229.0,14.0,327.7667602667603,1.0,0.0,0,2,11571.0,heavy_traffic
2291.0,2322.0,2342.0,2297.0,3.5,3.5,3.5,3.5,1.0,9243.0,9.0,328.2329943899018,1.0,0.0,0,2,11585.3,heavy_traffic
2292.0,2321.0,2344.0,2301.0,3.5,3.5,3.5,3.5,2.0,9252.0,6.0,328.75634962340166,1.0,0.0,0,2,11598.1,heavy_traffic
2293.0,2323.0,2347.0,2305.0,3.5,3.5,3.5,3.5,3.0,9258.0,10.0,329.16445066480054,1.0,0.0,0,2,11614.4,heavy_traffic
2296.0,2324.0,2350.0,2309.0,3.5,3.5,3.5,3.5,4.0,9268.0,11.0,329.5725144155163,1.0,0.0,0,2,11631.2,heavy_traffic
2297.0,2325.0,2355.0,2314.0,3.5,3.5,3.5,3.5,5.0,9279.0,12.0,329.8654919748779,1.0,0.0,2,2,11653.0,heavy_traffic
2298.0,2329.0,2358.0,2319.0,3.5,3.5,3.5,3.5,0.0,9291.0,13.0,330.24496907396116,1.0,0.0,0,2,11667.5,heavy_traffic
2301.0,2334.0,2361.0,2324.0,3.5,3.5,3.5,3.5,0.0,9304.0,16.0,330.59608525445844,1.0,0.0,0,2,11687.5,heavy_traffic
2306.0,2338.0,2363.0,2328.0,3.5,3.5,3.5,3.5,0.0,9320.0,15.0,330.97628149435275,1.0,0.0,2,2,11704.0,heavy_traffic
2309.0,2343.0,2368.0,2331.0,3.5,3.5,3.5,3.5,0.0,9335.0,16.0,331.3281277112615,1.0,1.0,0,2,11653.5,heavy_traffic
2314.0,2348.0,2369.0,2332.0,3.5,3.5,3.5,3.5,1.0,9351.0,12.0,331.6800381216427,1.0,1.0,0,2,11675.3,heavy_traffic
2317.0,2352.0,2368.0,2335.0,3.5,3.5,3.5,3.5,2.0,9363.0,9.0,332.0892177223953,1.0,1.0,0,2,11691.1,heavy_traffic
2321.0,2355.0,2370.0,2338.0,3.5,3.5,3.5,3.5,3.0,9372.0,12.0,332.41225265704657,1.0,1.0,0,2,11708.4,heavy_traffic
2325.0,2359.0,2371.0,2339.0,3.5,3.5,3.5,3.5,4.0,9384.0,10.0,332.8788088044886,1.0,1.0,0,2,11726.2,heavy_traffic
2329.0,2364.0,2374.0,2341.0,3.5,3.5,3.5,3.5,5.0,9394.0,14.0,333.20194794001037,1.0,1.0,1,2,11747.5,heavy_traffic
2334.0,2367.0,2377.0,2340.0,3.5,3.5,3.5,3.5,0.0,9408.0,10.0,333.58242231212876,1.0,1.0,0,2,11760.5,heavy_traffic
2339.0,2371.0,2379.0,2343.0,3.5,3.5,3.5,3.5,0.0,9418.0,14.0,333.9918321726421,1.0,1.0,0,2,11781.0,heavy_traffic
2341.0,2374.0,2381.0,2348.0,3.5,3.5,3.5,3.5,0.0,9432.0,12.0,334.4587305677231,1.0,1.0,1,2,11794.5,heavy_traffic
2343.0,2377.0,2384.0,2350.0,3.5,3.5,3.5,3.5,0.0,9444.0,10.0,334.98300866729596,1.0,0.0,0,2,11828.0,heavy_traffic
2346.0,2378.0,2387.0,2353.0,3.5,3.5,3.5,3.5,1.0,9454.0,10.0,335.3634727459719,1.0,0.0,0,2,11842.8,heavy_traffic
2345.0,2382.0,2389.0,2357.0,3.5,3.5,3.5,3.5,2.0,9464.0,9.0,335.80121564934507,1.0,0.0,0,2,11857.1,heavy_traffic
2347.0,2385.0,2394.0,2362.0,3.5,3.5,3.5,3.5,3.0,9473.0,15.0,336.1242947512395,1.0,0.0,0,2,11880.4,heavy_traffic
2348.0,2389.0,2399.0,2364.0,3.5,3.5,3.5,3.5,4.0,9488.0,12.0,336.5049090753863,1.0,0.0,0,2,11897.7,heavy_traffic
2348.0,2389.0,2403.0,2369.0,3.5,3.5,3.5,3.5,5.0,9500.0,9.0,336.8853171896317,1.0,0.0,2,2,11916.5,heavy_traffic
2350.0,2389.0,2407.0,2372.0,3.5,3.5,3.5,3.5,0.0,9509.0,9.0,337.26551988418635,1.0,0.0,0,2,11927.5,heavy_traffic
2355.0,2393.0,2410.0,2374.0,3.5,3.5,3.5,3.5,0.0,9518.0,14.0,337.67466190354685,1.0,0.0,0,2,11942.0,heavy_traffic
2358.0,2398.0,2412.0,2379.0,3.5,3.5,3.5,3.5,0.0,9532.0,15.0,338.05538566089024,1.0,0.0,2,2,11960.0,heavy_traffic
2361.0,2402.0,2417.0,2384.0,3.5,3.5,3.5,3.5,0.0,9547.0,17.0,338.37916702010347,1.0,1.0,0,2,11926.5,heavy_traffic
2366.0,2404.0,2416.0,2386.0,3.5,3.5,3.5,3.5,1.0,9564.0,8.0,338.8174885612608,1.0,1.0,0,2,11941.8,heavy_traffic
2370.0,2408.0,2419.0,2388.0,3.5,3.5,3.5,3.5,2.0,9572.0,13.0,339.169825689626,1.0,1.0,0,2,11961.1,heavy_traffic
2373.0,2413.0,2421.0,2392.0,3.5,3.5,3.5,3.5,3.0,9585.0,14.0,339.4650219668807,1.0,1.0,0,2,11980.9,heavy_traffic
2375.0,2418.0,2422.0,2393.0,3.5,3.5,3.5,3.5,4.0,9599.0,9.0,339.93214044564485,1.0,1.0,0,2,11996.7,heavy_traffic
2379.0,2420.0,2423.0,2395.0,3.5,3.5,3.5,3.5,5.0,9608.0,9.0,340.341679312089,1.0,1.0,1,2,12011.0,heavy_traffic
2381.0,2424.0,2422.0,2395.0,3.5,3.5,3.5,3.5,0.0,9617.0,5.0,340.8654818059299,1.0,1.0,0,2,12018.5,heavy_traffic
2386.0,2429.0,2425.0,2399.0,3.5,3.5,3.5,3.5,0.0,9622.0,17.0,341.18883001093445,1.0,1.0,0,2,12042.0,heavy_traffic
2389.0,2431.0,2430.0,2401.0,3.5,3.5,3.5,3.5,0.0,9639.0,12.0,341.6557432148559,1.0,1.0,1,2,12055.5,heavy_traffic
2391.0,2436.0,2435.0,2405.0,3.5,3.5,3.5,3.5,0.0,9651.0,16.0,342.00822354619453,1.0,0.0,0,2,12093.5,heavy_traffic
2395.0,2437.0,2440.0,2407.0,3.5,3.5,3.5,3.5,1.0,9667.0,12.0,342.3894569225612,1.0,0.0,0,2,12110.8,heavy_traffic
2395.0,2438.0,2444.0,2412.0,3.5,3.5,3.5,3.5,2.0,9679.0,10.0,342.7992633517495,1.0,0.0,0,2,12130.1,heavy_traffic
2396.0,2438.0,2447.0,2417.0,3.5,3.5,3.5,3.5,3.0,9689.0,9.0,343.2662652617495,1.0,0.0,0,2,12147.4,heavy_traffic
2397.0,2440.0,2450.0,2419.0,3.5,3.5,3.5,3.5,4.0,9698.0,8.0,343.73299916457813,1.0,0.0,0,2,12159.7,heavy_traffic
2399.0,2443.0,2452.0,2424.0,3.5,3.5,3.5,3.5,5.0,9706.0,12.0,344.1423564753004,1.0,0.0,2,2,12177.0,heavy_traffic
2399.0,2446.0,2455.0,2429.0,3.5,3.5,3.5,3.5,0.0,9718.0,11.0,344.5516752792132,1.0,0.0,0,2,12190.5,heavy_traffic
2402.0,2448.0,2458.0,2434.0,3.5,3.5,3.5,3.5,0.0,9729.0,13.0,344.9898426442428,1.0,0.0,0,2,12209.0,heavy_traffic
2404.0,2450.0,2463.0,2438.0,3.5,3.5,3.5,3.5,0.0,9742.0,13.0,345.42814371257487,1.0,0.0,2,2,12229.0,heavy_traffic
2409.0,2452.0,2465.0,2440.0,3.5,3.5,3.5,3.5,0.0,9755.0,11.0,345.9238886580806,1.0,1.0,0,2,12174.5,heavy_traffic
2414.0,2455.0,2467.0,2443.0,3.5,3.5,3.5,3.5,1.0,9766.0,13.0,346.3048132780083,1.0,1.0,0,2,12193.8,heavy_traffic
2416.0,2457.0,2471.0,2443.0,3.5,3.5,3.5,3.5,2.0,9779.0,8.0,346.8004311416964,1.0,1.0,0,2,12204.6,heavy_traffic
2419.0,2459.0,2471.0,2444.0,3.5,3.5,3.5,3.5,3.0,9787.0,6.0,347.3244138845166,1.0,1.0,0,2,12215.9,heavy_traffic
2422.0,2461.0,2474.0,2444.0,3.5,3.5,3.5,3.5,4.0,9793.0,8.0,347.79061491351484,1.0,1.0,0,2,12228.2,heavy_traffic
2425.0,2464.0,2478.0,2448.0,3.5,3.5,3.5,3.5,5.0,9801.0,14.0,348.1419125547566,1.0,1.0,1,2,12245.0,heavy_traffic
2428.0,2466.0,2481.0,2451.0,3.5,3.5,3.5,3.5,0.0,9815.0,11.0,348.5795079260238,1.0,1.0,0,2,12254.0,heavy_traffic
2433.0,2470.0,2483.0,2456.0,3.5,3.5,3.5,3.5,0.0,9826.0,16.0,348.931151055409,1.0,1.0,0,2,12275.5,heavy_traffic
2436.0,2475.0,2486.0,2458.0,3.5,3.5,3.5,3.5,0.0,9842.0,13.0,349.36924470801415,1.0,1.0,1,2,12294.0,heavy_traffic
2440.0,2479.0,2488.0,2460.0,3.5,3.5,3.5,3.5,0.0,9855.0,12.0,349.8361721385666,1.0,0.0,0,2,12355.5,heavy_traffic
2442.0,2481.0,2492.0,2465.0,3.5,3.5,3.5,3.5,1.0,9867.0,13.0,350.1593262119967,1.0,0.0,0,2,12376.3,heavy_traffic
2442.0,2482.0,2494.0,2469.0,3.5,3.5,3.5,3.5,2.0,9880.0,7.0,350.59722564228844,1.0,0.0,0,2,12389.6,heavy_traffic
2444.0,2482.0,2498.0,2472.0,3.5,3.5,3.5,3.5,3.0,9887.0,9.0,350.9773733398918,1.0,0.0,0,2,12405.4,heavy_traffic
2447.0,2484.0,2500.0,2476.0,3.5,3.5,3.5,3.5,4.0,9896.0,11.0,351.35748792270533,1.0,0.0,0,2,12420.7,heavy_traffic
2451.0,2488.0,2503.0,2478.0,3.5,3.5,3.5,3.5,5.0,9907.0,13.0,351.73773307163884,1.0,0.0,2,2,12435.5,heavy_traffic
2452.0,2489.0,2506.0,2483.0,3.5,3.5,3.5,3.5,0.0,9920.0,10.0,352.1466263682405,1.0,0.0,0,2,12448.5,heavy_traffic
2454.0,2491.0,2509.0,2487.0,3.5,3.5,3.5,3.5,0.0,9930.0,11.0,352.6418020076716,1.0,0.0,0,2,12464.5,heavy_traffic
2459.0,2495.0,2512.0,2490.0,3.5,3.5,3.5,3.5,0.0,9941.0,15.0,353.02217150309747,1.0,0.0,2,2,12481.0,heavy_traffic
2464.0,2498.0,2514.0,2493.0,3.5,3.5,3.5,3.5,0.0,9956.0,13.0,353.46022310886735,1.0,1.0,0,2,12427.5,heavy_traffic
2469.0,2502.0,2515.0,2494.0,3.5,3.5,3.5,3.5,1.0,9969.0,11.0,353.8119053427665,1.0,1.0,0,2,12447.3,heavy_traffic
2471.0,2507.0,2518.0,2493.0,3.5,3.5,3.5,3.5,2.0,9980.0,9.0,354.24971567831034,1.0,1.0,0,2,12463.1,heavy_traffic
2475.0,2511.0,2518.0,2495.0,3.5,3.5,3.5,3.5,3.0,9989.0,10.0,354.6586335605323,1.0,1.0,0,2,12480.9,heavy_traffic
2478.0,2514.0,2522.0,2497.0,3.5,3.5,3.5,3.5,4.0,9999.0,12.0,355.0388200016209,1.0,1.0,0,2,12496.7,heavy_traffic
2480.0,2516.0,2526.0,2498.0,3.5,3.5,3.5,3.5,5.0,10011.0,9.0,355.53392712550607,1.0,1.0,1,2,12508.0,heavy_traffic
2483.0,2519.0,2528.0,2497.0,3.5,3.5,3.5,3.5,0.0,10020.0,7.0,356.02871935927516,1.0,1.0,0,2,12516.5,heavy_traffic
2486.0,2522.0,2530.0,2502.0,3.5,3.5,3.5,3.5,0.0,10027.0,13.0,356.46605786326165,1.0,1.0,0,2,12532.0,heavy_traffic
2491.0,2526.0,2533.0,2505.0,3.5,3.5,3.5,3.5,0.0,10040.0,15.0,356.84607312938897,1.0,1.0,1,2,12553.0,heavy_traffic
2494.0,2531.0,2536.0,2508.0,3.5,3.5,3.5,3.5,0.0,10055.0,14.0,357.255099572684,1.0,0.0,0,2,12600.5,heavy_traffic
2496.0,2533.0,2541.0,2511.0,3.5,3.5,3.5,3.5,1.0,10069.0,12.0,357.6065705773412,1.0,0.0,0,2,12619.3,heavy_traffic
2497.0,2535.0,2546.0,2516.0,3.5,3.5,3.5,3.5,2.0,10081.0,13.0,357.95818254925615,1.0,0.0,0,2,12641.6,heavy_traffic
2500.0,2539.0,2551.0,2519.0,3.5,3.5,3.5,3.5,3.0,10094.0,15.0,358.252549586445,1.0,0.0,0,2,12661.9,heavy_traffic
2502.0,2541.0,2553.0,2523.0,3.5,3.5,3.5,3.5,4.0,10109.0,10.0,358.60437885957174,1.0,0.0,0,2,12676.7,heavy_traffic
2503.0,2542.0,2557.0,2528.0,3.5,3.5,3.5,3.5,5.0,10119.0,11.0,358.9849407241269,1.0,0.0,2,2,12696.5,heavy_traffic
2507.0,2544.0,2562.0,2533.0,3.5,3.5,3.5,3.5,0.0,10130.0,16.0,359.25089978405185,1.0,0.0,0,2,12715.5,heavy_traffic
2510.0,2549.0,2565.0,2536.0,3.5,3.5,3.5,3.5,0.0,10146.0,14.0,359.66078133738114,1.0,0.0,0,2,12731.5,heavy_traffic
2513.0,2551.0,2567.0,2540.0,3.5,3.5,3.5,3.5,0.0,10160.0,11.0,360.15684865900386,1.0,0.0,2,2,12746.0,heavy_traffic
2518.0,2556.0,2572.0,2545.0,3.5,3.5,3.5,3.5,0.0,10171.0,20.0,360.3949633407714,1.0,1.0,0,2,12706.5,heavy_traffic
2522.0,2561.0,2574.0,2546.0,3.5,3.5,3.5,3.5,1.0,10191.0,12.0,360.690673245265,1.0,1.0,0,2,12726.8,heavy_traffic
2524.0,2566.0,2574.0,2545.0,3.5,3.5,3.5,3.5,2.0,10203.0,6.0,361.18692852031484,1.0,1.0,0,2,12741.1,heavy_traffic
2527.0,2569.0,2576.0,2547.0,3.5,3.5,3.5,3.5,3.0,10209.0,10.0,361.56821791613726,1.0,1.0,0,2,12755.9,heavy_traffic
2532.0,2573.0,2576.0,2549.0,3.5,3.5,3.5,3.5,4.0,10219.0,11.0,361.92076459390864,1.0,1.0,0,2,12775.7,heavy_traffic
2535.0,2576.0,2579.0,2548.0,3.5,3.5,3.5,3.5,5.0,10230.0,8.0,362.3591632992631,1.0,1.0,1,2,12789.5,heavy_traffic
2537.0,2579.0,2580.0,2552.0,3.5,3.5,3.5,3.5,0.0,10238.0,10.0,362.7687376335576,1.0,1.0,0,2,12798.0,heavy_traffic
2541.0,2582.0,2583.0,2554.0,3.5,3.5,3.5,3.5,0.0,10248.0,12.0,363.23578714319603,1.0,1.0,0,2,12814.5,heavy_traffic
2543.0,2584.0,2588.0,2559.0,3.5,3.5,3.5,3.5,0.0,10260.0,14.0,363.64560461258986,1.0,1.0,1,2,12827.5,heavy_traffic
2545.0,2587.0,2593.0,2562.0,3.5,3.5,3.5,3.5,0.0,10274.0,13.0,364.08426700331387,1.0,0.0,0,2,12876.0,heavy_traffic
2547.0,2589.0,2597.0,2567.0,3.5,3.5,3.5,3.5,1.0,10287.0,13.0,364.37945162306966,1.0,0.0,0,2,12896.8,heavy_traffic
2551.0,2589.0,2599.0,2571.0,3.5,3.5,3.5,3.5,2.0,10300.0,10.0,364.8181031090122,1.0,0.0,0,2,12911.6,heavy_traffic
2553.0,2592.0,2603.0,2573.0,3.5,3.5,3.5,3.5,3.0,10310.0,11.0,365.2280053463323,1.0,0.0,0,2,12926.9,heavy_traffic
2552.0,2592.0,2605.0,2578.0,3.5,3.5,3.5,3.5,4.0,10321.0,6.0,365.72364493322857,1.0,0.0,0,2,12941.2,heavy_traffic
2554.0,2596.0,2608.0,2581.0,3.5,3.5,3.5,3.5,5.0,10327.0,12.0,366.1044331110239,1.0,0.0,2,2,12957.0,heavy_traffic
2554.0,2598.0,2613.0,2584.0,3.5,3.5,3.5,3.5,0.0,10339.0,10.0,366.51383337252133,1.0,0.0,0,2,12970.0,heavy_traffic
2559.0,2601.0,2616.0,2587.0,3.5,3.5,3.5,3.5,0.0,10349.0,14.0,366.923432239881,1.0,0.0,0,2,12986.0,heavy_traffic
2561.0,2604.0,2619.0,2591.0,3.5,3.5,3.5,3.5,0.0,10363.0,12.0,367.390535784122,1.0,0.0,2,2,13002.5,heavy_traffic
2566.0,2609.0,2621.0,2594.0,3.5,3.5,3.5,3.5,0.0,10375.0,15.0,367.77171875,1.0,1.0,0,2,12957.5,heavy_traffic
2568.0,2613.0,2622.0,2597.0,3.5,3.5,3.5,3.5,1.0,10390.0,10.0,368.21025520955277,1.0,1.0,0,2,12972.3,heavy_traffic
2570.0,2617.0,2622.0,2598.0,3.5,3.5,3.5,3.5,2.0,10400.0,7.0,368.7059419837804,1.0,1.0,0,2,12985.6,heavy_traffic
2572.0,2619.0,2623.0,2599.0,3.5,3.5,3.5,3.5,3.0,10407.0,6.0,369.23001402524545,1.0,1.0,0,2,12995.4,heavy_traffic
2574.0,2621.0,2624.0,2598.0,3.5,3.5,3.5,3.5,4.0,10413.0,4.0,369.78237172000314,1.0,1.0,0,2,13004.2,heavy_traffic
2578.0,2626.0,2626.0,2600.0,3.5,3.5,3.5,3.5,5.0,10417.0,13.0,370.07581059015627,1.0,1.0,1,2,13025.0,heavy_traffic
2582.0,2630.0,2629.0,2602.0,3.5,3.5,3.5,3.5,0.0,10430.0,13.0,370.42696280189483,1.0,1.0,0,2,13039.5,heavy_traffic
2587.0,2635.0,2631.0,2606.0,3.5,3.5,3.5,3.5,0.0,10443.0,16.0,370.7784844489258,1.0,1.0,0,2,13062.5,heavy_traffic
2591.0,2637.0,2633.0,2611.0,3.5,3.5,3.5,3.5,0.0,10459.0,13.0,371.2164109716411,1.0,1.0,1,2,13078.0,heavy_traffic
2596.0,2640.0,2635.0,2613.0,3.5,3.5,3.5,3.5,0.0,10472.0,12.0,371.68315528719614,1.0,0.0,0,2,13114.0,heavy_traffic
2597.0,2640.0,2639.0,2618.0,3.5,3.5,3.5,3.5,1.0,10484.0,10.0,372.0347147054276,1.0,0.0,0,2,13133.3,heavy_traffic
2599.0,2643.0,2642.0,2620.0,3.5,3.5,3.5,3.5,2.0,10494.0,10.0,372.4149355162561,1.0,0.0,0,2,13146.6,heavy_traffic
2598.0,2645.0,2644.0,2624.0,3.5,3.5,3.5,3.5,3.0,10504.0,7.0,372.8811048530206,1.0,0.0,0,2,13159.9,heavy_traffic
2599.0,2648.0,2649.0,2626.0,3.5,3.5,3.5,3.5,4.0,10511.0,11.0,373.26094327990137,1.0,0.0,0,2,13176.7,heavy_traffic
2601.0,2649.0,2654.0,2630.0,3.5,3.5,3.5,3.5,5.0,10522.0,12.0,373.61206896551727,1.0,0.0,2,2,13197.0,heavy_traffic
2603.0,2649.0,2657.0,2635.0,3.5,3.5,3.5,3.5,0.0,10534.0,10.0,374.0493656286044,1.0,0.0,0,2,13210.0,heavy_traffic
2608.0,2652.0,2662.0,2637.0,3.5,3.5,3.5,3.5,0.0,10544.0,15.0,374.4294162826421,1.0,0.0,0,2,13228.0,heavy_traffic
2613.0,2655.0,2665.0,2640.0,3.5,3.5,3.5,3.5,0.0,10559.0,14.0,374.83842258707995,1.0,0.0,2,2,13244.0,heavy_traffic
2616.0,2657.0,2667.0,2645.0,3.5,3.5,3.5,3.5,0.0,10573.0,12.0,375.3049977004446,1.0,1.0,0,2,13202.0,heavy_traffic
2618.0,2660.0,2669.0,2649.0,3.5,3.5,3.5,3.5,1.0,10585.0,11.0,375.7140122511485,1.0,1.0,0,2,13215.8,heavy_traffic
2622.0,2665.0,2668.0,2649.0,3.5,3.5,3.5,3.5,2.0,10596.0,8.0,376.1227627351996,1.0,1.0,0,2,13234.1,heavy_traffic
2627.0,2667.0,2669.0,2649.0,3.5,3.5,3.5,3.5,3.0,10604.0,8.0,376.53125,1.0,1.0,0,2,13249.4,heavy_traffic
2629.0,2671.0,2671.0,2651.0,3.5,3.5,3.5,3.5,4.0,10612.0,10.0,376.8820970695971,1.0,1.0,0,2,13264.2,heavy_traffic
2634.0,2674.0,2673.0,2653.0,3.5,3.5,3.5,3.5,5.0,10622.0,12.0,377.2617577559265,1.0,1.0,1,2,13283.0,heavy_traffic
2636.0,2676.0,2672.0,2654.0,3.5,3.5,3.5,3.5,0.0,10634.0,4.0,377.78467514662196,1.0,1.0,0,2,13287.0,heavy_traffic
2639.0,2678.0,2676.0,2657.0,3.5,3.5,3.5,3.5,0.0,10638.0,12.0,378.25013317099155,1.0,1.0,0,2,13300.5,heavy_traffic
2643.0,2683.0,2678.0,2661.0,3.5,3.5,3.5,3.5,0.0,10650.0,15.0,378.62952265126177,1.0,1.0,1,2,13321.5,heavy_traffic
2645.0,2686.0,2683.0,2666.0,3.5,3.5,3.5,3.5,0.0,10665.0,15.0,379.0091868498975,1.0,0.0,0,2,13363.5,heavy_traffic
2648.0,2688.0,2686.0,2669.0,3.5,3.5,3.5,3.5,1.0,10680.0,11.0,379.4175957527493,1.0,0.0,0,2,13378.8,heavy_traffic
2648.0,2692.0,2690.0,2672.0,3.5,3.5,3.5,3.5,2.0,10691.0,11.0,379.82597166452,1.0,0.0,0,2,13395.6,heavy_traffic
2652.0,2694.0,2693.0,2676.0,3.5,3.5,3.5,3.5,3.0,10702.0,13.0,380.14815375302663,1.0,0.0,0,2,13413.4,heavy_traffic
2652.0,2695.0,2697.0,2678.0,3.5,3.5,3.5,3.5,4.0,10715.0,7.0,380.6138494103417,1.0,0.0,0,2,13426.7,heavy_traffic
2654.0,2696.0,2702.0,2682.0,3.5,3.5,3.5,3.5,5.0,10722.0,12.0,380.93574933937333,1.0,0.0,2,2,13447.0,heavy_traffic
2653.0,2699.0,2705.0,2685.0,3.5,3.5,3.5,3.5,0.0,10734.0,8.0,381.4012219959267,1.0,0.0,0,2,13456.0,heavy_traffic
2655.0,2702.0,2710.0,2690.0,3.5,3.5,3.5,3.5,0.0,10742.0,15.0,381.78066606389393,1.0,0.0,0,2,13478.5,heavy_traffic
2659.0,2705.0,2712.0,2695.0,3.5,3.5,3.5,3.5,0.0,10757.0,14.0,382.1890712027698,1.0,0.0,2,2,13496.0,heavy_traffic
2663.0,2710.0,2717.0,2699.0,3.5,3.5,3.5,3.5,0.0,10771.0,18.0,382.48293746241734,1.0,1.0,0,2,13454.0,heavy_traffic
2668.0,2715.0,2717.0,2700.0,3.5,3.5,3.5,3.5,1.0,10789.0,11.0,382.83430930930933,1.0,1.0,0,2,13475.3,heavy_traffic
2671.0,2720.0,2717.0,2700.0,3.5,3.5,3.5,3.5,2.0,10800.0,8.0,383.2716567914198,1.0,1.0,0,2,13492.1,heavy_traffic
2673.0,2724.0,2719.0,2702.0,3.5,3.5,3.5,3.5,3.0,10808.0,10.0,383.6801528433356,1.0,1.0,0,2,13506.9,heavy_traffic
2678.0,2729.0,2722.0,2704.0,3.5,3.5,3.5,3.5,4.0,10818.0,15.0,384.0026938042502,1.0,1.0,0,2,13530.2,heavy_traffic
2681.0,2731.0,2723.0,2705.0,3.5,3.5,3.5,3.5,5.0,10833.0,7.0,384.4973457943925,1.0,1.0,1,2,13542.0,heavy_traffic
2686.0,2736.0,2725.0,2705.0,3.5,3.5,3.5,3.5,0.0,10840.0,12.0,384.877072442121,1.0,1.0,0,2,13559.0,heavy_traffic
2691.0,2739.0,2727.0,2707.0,3.5,3.5,3.5,3.5,0.0,10852.0,12.0,385.3430831219221,1.0,1.0,0,2,13577.0,heavy_traffic
2695.0,2744.0,2730.0,2712.0,3.5,3.5,3.5,3.5,0.0,10864.0,17.0,385.6657724122513,1.0,1.0,1,2,13599.0,heavy_traffic
2698.0,2746.0,2732.0,2715.0,3.5,3.5,3.5,3.5,0.0,10881.0,10.0,386.18958969394595,1.0,0.0,0,2,13616.0,heavy_traffic
2700.0,2748.0,2736.0,2718.0,3.5,3.5,3.5,3.5,1.0,10891.0,11.0,386.5121225643314,1.0,0.0,0,2,13632.8,heavy_traffic
2703.0,2747.0,2741.0,2723.0,3.5,3.5,3.5,3.5,2.0,10902.0,12.0,386.83473222907224,1.0,0.0,0,2,13654.6,heavy_traffic
2707.0,2750.0,2743.0,2725.0,3.5,3.5,3.5,3.5,3.0,10914.0,11.0,387.27226179875333,1.0,0.0,0,2,13666.9,heavy_traffic
2706.0,2752.0,2746.0,2727.0,3.5,3.5,3.5,3.5,4.0,10925.0,6.0,387.73813760379596,1.0,0.0,0,2,13678.2,heavy_traffic
2709.0,2754.0,2748.0,2730.0,3.5,3.5,3.5,3.5,5.0,10931.0,10.0,388.1464227521849,1.0,0.0,2,2,13691.5,heavy_traffic
2712.0,2757.0,2751.0,2732.0,3.5,3.5,3.5,3.5,0.0,10941.0,11.0,388.5546759396271,1.0,0.0,0,2,13700.5,heavy_traffic
2715.0,2762.0,2753.0,2737.0,3.5,3.5,3.5,3.5,0.0,10952.0,15.0,388.9344468258074,1.0,0.0,0,2,13718.5,heavy_traffic
2720.0,2764.0,2755.0,2740.0,3.5,3.5,3.5,3.5,0.0,10967.0,12.0,389.4005021044082,1.0,0.0,2,2,13732.0,heavy_traffic
2722.0,2767.0,2758.0,2742.0,3.5,3.5,3.5,3.5,0.0,10979.0,10.0,389.92400206596324,1.0,1.0,0,2,13728.0,heavy_traffic
2727.0,2771.0,2759.0,2741.0,3.5,3.5,3.5,3.5,1.0,10989.0,9.0,390.3610496830311,1.0,1.0,0,2,13746.8,heavy_traffic
2730.0,2774.0,2760.0,2744.0,3.5,3.5,3.5,3.5,2.0,10998.0,10.0,390.82677861246134,1.0,1.0,0,2,13761.6,heavy_traffic
2732.0,2778.0,2762.0,2744.0,3.5,3.5,3.5,3.5,3.0,11008.0,8.0,391.26348318740344,1.0,1.0,0,2,13775.4,heavy_traffic
2734.0,2781.0,2763.0,2744.0,3.5,3.5,3.5,3.5,4.0,11016.0,6.0,391.7573886193207,1.0,1.0,0,2,13786.7,heavy_traffic
2739.0,2784.0,2765.0,2746.0,3.5,3.5,3.5,3.5,5.0,11022.0,12.0,392.0785667082752,1.0,1.0,1,2,13805.5,heavy_traffic
2742.0,2786.0,2766.0,2748.0,3.5,3.5,3.5,3.5,0.0,11034.0,8.0,392.60107124513905,1.0,1.0,0,2,13813.0,heavy_traffic
2745.0,2790.0,2769.0,2751.0,3.5,3.5,3.5,3.5,0.0,11042.0,13.0,393.03731124468555,1.0,1.0,0,2,13830.0,heavy_traffic
2748.0,2794.0,2773.0,2754.0,3.5,3.5,3.5,3.5,0.0,11055.0,14.0,393.44493263034565,1.0,1.0,1,2,13847.5,heavy_traffic
2753.0,2796.0,2777.0,2758.0,3.5,3.5,3.5,3.5,0.0,11069.0,15.0,393.8240070221637,1.0,0.0,0,2,13844.5,heavy_traffic
2757.0,2797.0,2782.0,2763.0,3.5,3.5,3.5,3.5,1.0,11084.0,15.0,394.1169552195193,1.0,0.0,0,2,13867.8,heavy_traffic
2759.0,2797.0,2785.0,2765.0,3.5,3.5,3.5,3.5,2.0,11099.0,7.0,394.5535688220698,1.0,0.0,0,2,13879.6,heavy_traffic
2761.0,2799.0,2789.0,2768.0,3.5,3.5,3.5,3.5,3.0,11106.0,11.0,394.96135899679206,1.0,0.0,0,2,13896.4,heavy_traffic
2762.0,2803.0,2794.0,2770.0,3.5,3.5,3.5,3.5,4.0,11117.0,12.0,395.3116079230993,1.0,0.0,0,2,13913.7,heavy_traffic
2761.0,2804.0,2796.0,2772.0,3.5,3.5,3.5,3.5,5.0,11129.0,4.0,395.8340852859846,1.0,0.0,2,2,13922.5,heavy_traffic
2764.0,2804.0,2800.0,2774.0,3.5,3.5,3.5,3.5,0.0,11133.0,9.0,396.2700109051254,1.0,0.0,0,2,13932.0,heavy_traffic
2768.0,2807.0,2803.0,2778.0,3.5,3.5,3.5,3.5,0.0,11142.0,14.0,396.6773186142785,1.0,0.0,0,2,13949.5,heavy_traffic
2770.0,2809.0,2808.0,2781.0,3.5,3.5,3.5,3.5,0.0,11156.0,12.0,397.1422973659386,1.0,0.0,2,2,13967.5,heavy_traffic
2775.0,2811.0,2810.0,2784.0,3.5,3.5,3.5,3.5,0.0,11168.0,12.0,397.6073370550279,1.0,1.0,0,2,13969.0,heavy_traffic
2779.0,2816.0,2809.0,2785.0,3.5,3.5,3.5,3.5,1.0,11180.0,9.0,397.9857329084589,1.0,1.0,0,2,13987.8,heavy_traffic
2783.0,2820.0,2810.0,2785.0,3.5,3.5,3.5,3.5,2.0,11189.0,9.0,398.45043415340086,1.0,1.0,0,2,14005.1,heavy_traffic
2788.0,2823.0,2812.0,2787.0,3.5,3.5,3.5,3.5,3.0,11198.0,12.0,398.77104863771046,1.0,1.0,0,2,14023.9,heavy_traffic
2791.0,2827.0,2811.0,2789.0,3.5,3.5,3.5,3.5,4.0,11210.0,8.0,399.23554047223627,1.0,1.0,0,2,14039.2,heavy_traffic
2794.0,2832.0,2812.0,2788.0,3.5,3.5,3.5,3.5,5.0,11218.0,8.0,399.64214095073214,1.0,1.0,1,2,14056.0,heavy_traffic
2798.0,2835.0,2816.0,2791.0,3.5,3.5,3.5,3.5,0.0,11226.0,14.0,399.96246397694523,1.0,1.0,0,2,14069.5,heavy_traffic
2802.0,2840.0,2820.0,2795.0,3.5,3.5,3.5,3.5,0.0,11240.0,17.0,400.2832265956681,1.0,1.0,0,2,14091.5,heavy_traffic
2807.0,2843.0,2824.0,2797.0,3.5,3.5,3.5,3.5,0.0,11257.0,14.0,400.69060455754436,1.0,1.0,1,2,14110.5,heavy_traffic
2811.0,2848.0,2828.0,2799.0,3.5,3.5,3.5,3.5,0.0,11271.0,15.0,401.06943846043373,1.0,0.0,0,2,14083.5,heavy_traffic
2812.0,2847.0,2831.0,2801.0,3.5,3.5,3.5,3.5,1.0,11286.0,5.0,401.62066738428416,1.0,0.0,0,2,14094.3,heavy_traffic
2813.0,2847.0,2835.0,2806.0,3.5,3.5,3.5,3.5,2.0,11291.0,10.0,402.0565672497849,1.0,0.0,0,2,14113.6,heavy_traffic
2814.0,2851.0,2840.0,2808.0,3.5,3.5,3.5,3.5,3.0,11301.0,12.0,402.43486356800116,1.0,0.0,0,2,14130.9,heavy_traffic
2816.0,2850.0,2845.0,2812.0,3.5,3.5,3.5,3.5,4.0,11313.0,10.0,402.84188309365385,1.0,0.0,0,2,14150.2,heavy_traffic
2817.0,2854.0,2848.0,2815.0,3.5,3.5,3.5,3.5,5.0,11323.0,11.0,403.27769835596854,1.0,0.0,2,2,14165.5,heavy_traffic
2819.0,2855.0,2852.0,2817.0,3.5,3.5,3.5,3.5,0.0,11334.0,9.0,403.7133471398986,1.0,0.0,0,2,14175.0,heavy_traffic
2824.0,2858.0,2856.0,2819.0,3.5,3.5,3.5,3.5,0.0,11343.0,14.0,404.12035385603195,1.0,0.0,0,2,14191.0,heavy_traffic
2828.0,2861.0,2858.0,2823.0,3.5,3.5,3.5,3.5,0.0,11357.0,13.0,404.556307911618,1.0,0.0,2,2,14206.5,heavy_traffic
2832.0,2866.0,2862.0,2827.0,3.5,3.5,3.5,3.5,0.0,11370.0,17.0,404.8773403573717,1.0,1.0,0,2,14240.5,heavy_traffic
0.0,0.0,0.0,0.0,0.5,0.5,0.5,0.5,0.0,0.0,0.0,0.0,0.0,0.0,0,0,0.0,night_mode
0.0,0.0,1.0,0.0,0.5,0.5,0.5,0.5,1.0,1.0,0.0,0.5,0.01,0.0,0,0,2.8,night_mode
0.0,0.0,2.0,1.0,0.5,0.5,0.5,0.5,2.0,1.0,2.0,0.6666666666666666,0.03,0.0,0,0,7.6,night_mode
0.0,0.0,3.0,2.0,0.5,0.5,0.5,0.5,3.0,3.0,2.0,1.0,0.05,0.0,2,0,12.4,night_mode
0.0,0.0,3.0,2.0,0.5,0.5,0.5,0.5,0.0,5.0,0.0,1.2727272727272727,0.05,0.0,0,0,10.0,night_mode
0.0,1.0,3.0,3.0,0.5,0.5,0.5,0.5,0.0,5.0,2.0,1.6153846153846154,0.07,0.0,0,0,12.5,night_mode
0.0,1.0,4.0,3.0,0.5,0.5,0.5,0.5,0.0,7.0,1.0,2.0714285714285716,0.08,0.0,2,0,14.5,night_mode
1.0,2.0,5.0,4.0,0.5,0.5,0.5,0.5,0.0,8.0,4.0,2.2777777777777777,0.12,1.0,0,1,10.5,night_mode
2.0,3.0,4.0,3.0,0.5,0.5,0.5,0.5,1.0,12.0,0.0,2.5238095238095237,0.12,1.0,0,1,14.3,night_mode
3.0,3.0,1.0,2.0,0.5,0.5,0.5,0.5,2.0,12.0,-3.0,2.6956521739130435,0.09,1.0,0,0,15.1,night_mode
3.0,4.0,0.0,0.0,0.5,0.5,0.5,0.5,3.0,9.0,-2.0,2.875,0.07,1.0,1,0,16.4,night_mode
3.0,4.0,0.0,0.0,0.5,0.5,0.5,0.5,0.0,7.0,0.0,2.923076923076923,0.07,1.0,0,0,14.0,night_mode
3.0,4.0,0.0,1.0,0.5,0.5,0.5,0.5,0.0,7.0,1.0,3.111111111111111,0.08,1.0,0,0,14.5,night_mode
4.0,4.0,1.0,2.0,0.5,0.5,0.5,0.5,0.0,8.0,3.0,3.1666666666666665,0.11,1.0,1,0,17.5,night_mode
5.0,4.0,2.0,3.0,0.5,0.5,0.5,0.5,0.0,11.0,3.0,3.303030303030303,0.14,0.0,0,1,14.5,night_mode
5.0,3.0,2.0,3.0,0.5,0.5,0.5,0.5,1.0,14.0,-1.0,3.588235294117647,0.13,0.0,0,1,14.8,night_mode
4.0,1.0,2.0,3.0,0.5,0.5,0.5,0.5,2.0,13.0,-3.0,3.7714285714285714,0.1,0.0,0,0,14.1,night_mode
3.0,0.0,2.0,4.0,0.5,0.5,0.5,0.5,3.0,10.0,-1.0,3.710526315789474,0.09,0.0,2,0,15.9,night_mode
3.0,0.0,2.0,5.0,0.5,0.5,0.5,0.5,0.0,9.0,1.0,3.682926829268293,0.1,0.0,0,0,15.5,night_mode
3.0,0.0,2.0,6.0,0.5,0.5,0.5,0.5,0.0,10.0,1.0,3.857142857142857,0.11,0.0,0,0,17.5,night_mode
3.0,1.0,2.0,7.0,0.5,0.5,0.5,0.5,0.0,11.0,2.0,3.977272727272727,0.13,0.0,2,1,20.0,night_mode
3.0,2.0,2.0,7.0,0.5,0.5,0.5,0.5,0.0,13.0,1.0,4.2,0.14,1.0,0,1,14.5,night_mode
3.0,2.0,1.0,5.0,0.5,0.5,0.5,0.5,1.0,14.0,-3.0,4.444444444444445,0.11,1.0,0,0,13.8,night_mode
3.0,3.0,0.0,4.0,0.5,0.5,0.5,0.5,2.0,11.0,-1.0,4.565217391304348,0.1,1.0,0,0,15.6,night_mode
3.0,3.0,0.0,2.0,0.5,0.5,0.5,0.5,3.0,10.0,-2.0,4.638297872340425,0.08,1.0,1,0,15.4,night_mode
4.0,3.0,0.0,1.0,0.5,0.5,0.5,0.5,0.0,8.0,0.0,4.612244897959184,0.08,1.0,0,0,14.5,night_mode
4.0,4.0,0.0,2.0,0.5,0.5,0.5,0.5,0.0,8.0,2.0,4.627450980392157,0.1,1.0,0,0,17.0,night_mode
4.0,5.0,1.0,3.0,0.5,0.5,0.5,0.5,0.0,10.0,3.0,4.611111111111111,0.13,1.0,1,1,20.0,night_mode
5.0,6.0,1.0,4.0,0.5,0.5,0.5,0.5,0.0,13.0,3.0,4.649122807017544,0.16,0.0,0,1,15.5,night_mode
4.0,3.0,1.0,4.0,0.5,0.5,0.5,0.5,1.0,16.0,-4.0,4.859649122807017,0.12,0.0,0,1,14.3,night_mode
3.0,0.0,2.0,5.0,0.5,0.5,0.5,0.5,2.0,12.0,-2.0,4.783333333333333,0.1,0.0,0,0,17.1,night_mode
1.0,0.0,2.0,6.0,0.5,0.5,0.5,0.5,3.0,10.0,-1.0,4.774193548387097,0.09,0.0,2,0,18.9,night_mode
0.0,0.0,2.0,6.0,0.5,0.5,0.5,0.5,0.0,9.0,-1.0,4.75,0.08,0.0,0,0,16.0,night_mode
0.0,1.0,3.0,7.0,0.5,0.5,0.5,0.5,0.0,8.0,3.0,4.701492537313433,0.11,0.0,0,0,20.5,night_mode
1.0,1.0,4.0,7.0,0.5,0.5,0.5,0.5,0.0,11.0,2.0,4.753623188405797,0.13,0.0,2,1,23.0,night_mode
2.0,1.0,4.0,7.0,0.5,0.5,0.5,0.5,0.0,13.0,1.0,4.885714285714286,0.14,1.0,0,1,11.5,night_mode
2.0,1.0,1.0,5.0,0.5,0.5,0.5,0.5,1.0,14.0,-5.0,5.014285714285714,0.09,1.0,0,0,9.8,night_mode
2.0,1.0,0.0,4.0,0.5,0.5,0.5,0.5,2.0,9.0,-2.0,4.972222222222222,0.07,1.0,0,0,9.6,night_mode
2.0,1.0,0.0,2.0,0.5,0.5,0.5,0.5,3.0,7.0,-2.0,5.041666666666667,0.05,1.0,0,0,9.4,night_mode
3.0,2.0,0.0,0.0,0.5,0.5,0.5,0.5,4.0,5.0,0.0,4.842105263157895,0.05,1.0,1,0,13.2,night_mode
3.0,3.0,0.0,0.0,0.5,0.5,0.5,0.5,0.0,5.0,1.0,4.794871794871795,0.06,1.0,0,0,12.0,night_mode
3.0,3.0,1.0,0.0,0.5,0.5,0.5,0.5,0.0,6.0,1.0,4.822784810126582,0.07,1.0,0,0,12.5,night_mode
4.0,3.0,1.0,0.0,0.5,0.5,0.5,0.5,0.0,7.0,1.0,4.8625,0.08,1.0,1,0,14.5,night_mode
5.0,4.0,1.0,0.0,0.5,0.5,0.5,0.5,0.0,8.0,2.0,4.865853658536586,0.1,0.0,0,0,6.5,night_mode
3.0,3.0,2.0,1.0,0.5,0.5,0.5,0.5,1.0,10.0,-1.0,4.744186046511628,0.09,0.0,0,0,9.8,night_mode
0.0,2.0,2.0,1.0,0.5,0.5,0.5,0.5,2.0,9.0,-4.0,4.8023255813953485,0.05,0.0,0,0,8.6,night_mode
0.0,1.0,3.0,2.0,0.5,0.5,0.5,0.5,3.0,5.0,1.0,4.707865168539326,0.06,0.0,2,0,12.9,night_mode
0.0,0.0,3.0,2.0,0.5,0.5,0.5,0.5,0.0,6.0,-1.0,4.711111111111111,0.05,0.0,0,0,10.0,night_mode
0.0,1.0,3.0,2.0,0.5,0.5,0.5,0.5,0.0,5.0,1.0,4.725274725274725,0.06,0.0,0,0,10.5,night_mode
1.0,1.0,4.0,2.0,0.5,0.5,0.5,0.5,0.0,6.0,2.0,4.709677419354839,0.08,0.0,2,0,13.0,night_mode
1.0,1.0,4.0,2.0,0.5,0.5,0.5,0.5,0.0,8.0,0.0,4.795698924731183,0.08,1.0,0,0,7.0,night_mode
2.0,2.0,2.0,0.0,0.5,0.5,0.5,0.5,1.0,8.0,-2.0,4.708333333333333,0.06,1.0,0,0,9.8,night_mode
3.0,2.0,1.0,0.0,0.5,0.5,0.5,0.5,2.0,6.0,0.0,4.626262626262626,0.06,1.0,0,0,12.1,night_mode
3.0,3.0,0.0,0.0,0.5,0.5,0.5,0.5,3.0,6.0,0.0,4.594059405940594,0.06,1.0,1,0,14.4,night_mode
3.0,3.0,0.0,0.0,0.5,0.5,0.5,0.5,0.0,6.0,0.0,4.563106796116505,0.06,1.0,0,0,12.0,night_mode
3.0,4.0,0.0,1.0,0.5,0.5,0.5,0.5,0.0,6.0,2.0,4.552380952380952,0.08,1.0,0,0,14.5,night_mode
4.0,4.0,1.0,1.0,0.5,0.5,0.5,0.5,0.0,8.0,2.0,4.5607476635514015,0.1,1.0,1,0,17.0,night_mode
5.0,4.0,2.0,2.0,0.5,0.5,0.5,0.5,0.0,10.0,3.0,4.554545454545455,0.13,0.0,0,1,12.5,night_mode
4.0,3.0,2.0,3.0,0.5,0.5,0.5,0.5,1.0,13.0,-1.0,4.580357142857143,0.12,0.0,0,1,14.3,night_mode
1.0,2.0,2.0,4.0,0.5,0.5,0.5,0.5,2.0,12.0,-3.0,4.619469026548672,0.09,0.0,0,0,15.1,night_mode
1.0,0.0,3.0,4.0,0.5,0.5,0.5,0.5,3.0,9.0,-1.0,4.608695652173913,0.08,0.0,2,0,16.9,night_mode
0.0,0.0,3.0,4.0,0.5,0.5,0.5,0.5,0.0,8.0,-1.0,4.6695652173913045,0.07,0.0,0,0,14.0,night_mode
1.0,1.0,3.0,4.0,0.5,0.5,0.5,0.5,0.0,7.0,2.0,4.666666666666667,0.09,0.0,0,0,15.0,night_mode
1.0,1.0,4.0,5.0,0.5,0.5,0.5,0.5,0.0,9.0,2.0,4.680672268907563,0.11,0.0,2,0,19.0,night_mode
1.0,1.0,4.0,5.0,0.5,0.5,0.5,0.5,0.0,11.0,0.0,4.773109243697479,0.11,1.0,0,0,8.5,night_mode
1.0,1.0,3.0,3.0,0.5,0.5,0.5,0.5,1.0,11.0,-3.0,4.8,0.08,1.0,0,0,7.8,night_mode
1.0,1.0,0.0,3.0,0.5,0.5,0.5,0.5,2.0,8.0,-3.0,4.801652892561983,0.05,1.0,0,0,7.1,night_mode
1.0,1.0,0.0,2.0,0.5,0.5,0.5,0.5,3.0,5.0,-1.0,4.7560975609756095,0.04,1.0,0,0,7.4,night_mode
2.0,2.0,0.0,0.0,0.5,0.5,0.5,0.5,4.0,4.0,0.0,4.712,0.04,1.0,1,0,11.2,night_mode
3.0,2.0,0.0,0.0,0.5,0.5,0.5,0.5,0.0,4.0,1.0,4.714285714285714,0.05,1.0,0,0,10.0,night_mode
4.0,2.0,1.0,0.0,0.5,0.5,0.5,0.5,0.0,5.0,2.0,4.6953125,0.07,1.0,0,0,12.5,night_mode
4.0,2.0,1.0,0.0,0.5,0.5,0.5,0.5,0.0,7.0,0.0,4.75,0.07,1.0,1,0,12.5,night_mode
5.0,3.0,1.0,1.0,0.5,0.5,0.5,0.5,0.0,7.0,3.0,4.717557251908397,0.1,0.0,0,0,8.0,night_mode
4.0,2.0,2.0,1.0,0.5,0.5,0.5,0.5,1.0,10.0,-1.0,4.714285714285714,0.09,0.0,0,0,9.8,night_mode
2.0,1.0,2.0,2.0,0.5,0.5,0.5,0.5,2.0,9.0,-2.0,4.731343283582089,0.07,0.0,0,0,11.1,night_mode
2.0,0.0,3.0,2.0,0.5,0.5,0.5,0.5,3.0,7.0,0.0,4.713235294117647,0.07,0.0,2,0,13.4,night_mode
0.0,0.0,4.0,3.0,0.5,0.5,0.5,0.5,0.0,7.0,0.0,4.695652173913044,0.07,0.0,0,0,14.0,night_mode
1.0,0.0,5.0,4.0,0.5,0.5,0.5,0.5,0.0,7.0,3.0,4.666666666666667,0.1,0.0,0,0,18.5,night_mode
2.0,0.0,6.0,5.0,0.5,0.5,0.5,0.5,0.0,10.0,3.0,4.659722222222222,0.13,0.0,2,1,23.0,night_mode
3.0,1.0,6.0,5.0,0.5,0.5,0.5,0.5,0.0,13.0,2.0,4.698630136986301,0.15,1.0,0,1,13.5,night_mode
3.0,1.0,5.0,3.0,0.5,0.5,0.5,0.5,1.0,15.0,-3.0,4.7482993197278915,0.12,1.0,0,1,12.8,night_mode
4.0,1.0,2.0,2.0,0.5,0.5,0.5,0.5,2.0,12.0,-3.0,4.74496644295302,0.09,1.0,0,0,13.6,night_mode
4.0,1.0,2.0,0.0,0.5,0.5,0.5,0.5,3.0,9.0,-2.0,4.76,0.07,1.0,1,0,13.4,night_mode
5.0,2.0,1.0,0.0,0.5,0.5,0.5,0.5,0.0,7.0,1.0,4.688311688311688,0.08,1.0,0,0,14.5,night_mode
6.0,3.0,1.0,0.0,0.5,0.5,0.5,0.5,0.0,8.0,2.0,4.6923076923076925,0.1,1.0,0,0,18.5,night_mode
7.0,4.0,2.0,1.0,0.5,0.5,0.5,0.5,0.0,10.0,4.0,4.6625,0.14,1.0,1,1,23.5,night_mode
7.0,5.0,2.0,2.0,0.5,0.5,0.5,0.5,0.0,14.0,2.0,4.703703703703703,0.16,0.0,0,1,14.0,night_mode
6.0,4.0,2.0,3.0,0.5,0.5,0.5,0.5,1.0,16.0,-1.0,4.766871165644171,0.15,0.0,0,1,15.8,night_mode
5.0,4.0,3.0,3.0,0.5,0.5,0.5,0.5,2.0,15.0,0.0,4.8,0.15,0.0,0,1,18.1,night_mode
4.0,4.0,3.0,4.0,0.5,0.5,0.5,0.5,3.0,15.0,0.0,4.803571428571429,0.15,0.0,0,1,20.4,night_mode
4.0,1.0,3.0,4.0,0.5,0.5,0.5,0.5,4.0,15.0,-3.0,4.846153846153846,0.12,0.0,0,1,19.7,night_mode
1.0,0.0,3.0,5.0,0.5,0.5,0.5,0.5,5.0,12.0,-3.0,4.870588235294117,0.09,0.0,2,0,20.5,night_mode
0.0,0.0,3.0,5.0,0.5,0.5,0.5,0.5,0.0,9.0,-1.0,4.8604651162790695,0.08,0.0,0,0,16.0,night_mode
0.0,1.0,3.0,5.0,0.5,0.5,0.5,0.5,0.0,8.0,1.0,4.884393063583815,0.09,0.0,0,0,16.5,night_mode
0.0,2.0,3.0,5.0,0.5,0.5,0.5,0.5,0.0,9.0,1.0,4.913793103448276,0.1,0.0,2,0,17.0,night_mode
0.0,2.0,3.0,6.0,0.5,0.5,0.5,0.5,0.0,10.0,1.0,4.948571428571428,0.11,1.0,0,0,8.5,night_mode
0.0,2.0,1.0,3.0,0.5,0.5,0.5,0.5,1.0,11.0,-5.0,4.954545454545454,0.06,1.0,0,0,6.8,night_mode
1.0,3.0,0.0,1.0,0.5,0.5,0.5,0.5,2.0,6.0,-1.0,4.872222222222222,0.05,1.0,0,0,10.1,night_mode
1.0,4.0,0.0,0.0,0.5,0.5,0.5,0.5,3.0,5.0,0.0,4.87292817679558,0.05,1.0,1,0,12.4,night_mode
1.0,4.0,0.0,0.0,0.5,0.5,0.5,0.5,0.0,5.0,0.0,4.900552486187845,0.05,1.0,0,0,10.0,night_mode
2.0,5.0,1.0,0.0,0.5,0.5,0.5,0.5,0.0,5.0,3.0,4.864130434782608,0.08,1.0,0,0,14.5,night_mode
3.0,5.0,2.0,0.0,0.5,0.5,0.5,0.5,0.0,8.0,2.0,4.865591397849462,0.1,1.0,1,0,17.0,night_mode
4.0,5.0,2.0,1.0,0.5,0.5,0.5,0.5,0.0,10.0,2.0,4.877659574468085,0.12,0.0,0,1,10.5,night_mode
1.0,2.0,3.0,1.0,0.5,0.5,0.5,0.5,1.0,12.0,-5.0,4.888888888888889,0.07,0.0,0,0,10.3,night_mode
0.0,0.0,4.0,2.0,0.5,0.5,0.5,0.5,2.0,7.0,-1.0,4.84375,0.06,0.0,0,0,13.6,night_mode
0.0,0.0,4.0,2.0,0.5,0.5,0.5,0.5,3.0,6.0,0.0,4.824742268041237,0.06,0.0,2,0,14.4,night_mode
0.0,0.0,5.0,2.0,0.5,0.5,0.5,0.5,0.0,6.0,1.0,4.811224489795919,0.07,0.0,0,0,14.0,night_mode
1.0,1.0,5.0,2.0,0.5,0.5,0.5,0.5,0.0,7.0,2.0,4.808080808080808,0.09,0.0,0,0,15.0,night_mode
2.0,1.0,5.0,2.0,0.5,0.5,0.5,0.5,0.0,9.0,1.0,4.834170854271357,0.1,0.0,2,0,15.5,night_mode
2.0,1.0,6.0,2.0,0.5,0.5,0.5,0.5,0.0,10.0,1.0,4.865,0.11,1.0,0,0,10.0,night_mode
2.0,1.0,5.0,0.0,0.5,0.5,0.5,0.5,1.0,11.0,-3.0,4.880597014925373,0.08,1.0,0,0,9.3,night_mode
2.0,2.0,3.0,0.0,0.5,0.5,0.5,0.5,2.0,8.0,-1.0,4.891089108910891,0.07,1.0,0,0,11.1,night_mode
3.0,2.0,2.0,0.0,0.5,0.5,0.5,0.5,3.0,7.0,0.0,4.853658536585366,0.07,1.0,1,0,13.4,night_mode
3.0,3.0,2.0,0.0,0.5,0.5,0.5,0.5,0.0,7.0,1.0,4.822115384615385,0.08,1.0,0,0,13.0,night_mode
3.0,4.0,3.0,0.0,0.5,0.5,0.5,0.5,0.0,8.0,2.0,4.8238095238095235,0.1,1.0,0,0,15.5,night_mode
3.0,4.0,4.0,1.0,0.5,0.5,0.5,0.5,0.0,10.0,2.0,4.834905660377358,0.12,1.0,1,1,16.5,night_mode
3.0,5.0,4.0,1.0,0.5,0.5,0.5,0.5,0.0,12.0,1.0,4.873239436619718,0.13,0.0,0,1,14.0,night_mode
3.0,2.0,4.0,1.0,0.5,0.5,0.5,0.5,1.0,13.0,-3.0,4.897196261682243,0.1,0.0,0,0,13.3,night_mode
2.0,0.0,5.0,2.0,0.5,0.5,0.5,0.5,2.0,10.0,-1.0,4.893518518518518,0.09,0.0,0,0,16.6,night_mode
0.0,0.0,6.0,2.0,0.5,0.5,0.5,0.5,3.0,9.0,-1.0,4.863013698630137,0.08,0.0,2,0,18.4,night_mode
0.0,0.0,6.0,2.0,0.5,0.5,0.5,0.5,0.0,8.0,0.0,4.877272727272727,0.08,0.0,0,0,16.0,night_mode
1.0,0.0,6.0,2.0,0.5,0.5,0.5,0.5,0.0,8.0,1.0,4.895927601809955,0.09,0.0,0,0,16.5,night_mode
2.0,0.0,7.0,2.0,0.5,0.5,0.5,0.5,0.0,9.0,2.0,4.901345291479821,0.11,0.0,2,0,19.0,night_mode
3.0,1.0,7.0,3.0,0.5,0.5,0.5,0.5,0.0,11.0,3.0,4.898230088495575,0.14,1.0,0,1,13.0,night_mode
3.0,1.0,6.0,3.0,0.5,0.5,0.5,0.5,1.0,14.0,-1.0,4.912280701754386,0.13,1.0,0,1,13.3,night_mode
3.0,1.0,5.0,2.0,0.5,0.5,0.5,0.5,2.0,13.0,-2.0,4.917391304347826,0.11,1.0,0,0,13.1,night_mode
4.0,1.0,4.0,1.0,0.5,0.5,0.5,0.5,3.0,11.0,-1.0,4.918103448275862,0.1,1.0,0,0,14.9,night_mode
5.0,2.0,3.0,0.0,0.5,0.5,0.5,0.5,4.0,10.0,0.0,4.897872340425532,0.1,1.0,1,0,18.7,night_mode
6.0,3.0,0.0,0.0,0.5,0.5,0.5,0.5,0.0,10.0,-1.0,4.873949579831932,0.09,1.0,0,0,18.0,night_mode
7.0,3.0,0.0,0.0,0.5,0.5,0.5,0.5,0.0,9.0,1.0,4.895397489539749,0.1,1.0,0,0,20.0,night_mode
7.0,3.0,0.0,1.0,0.5,0.5,0.5,0.5,0.0,10.0,1.0,4.920833333333333,0.11,1.0,1,0,20.5,night_mode
8.0,3.0,1.0,1.0,0.5,0.5,0.5,0.5,0.0,11.0,2.0,4.933884297520661,0.13,0.0,0,1,9.5,night_mode
6.0,2.0,2.0,1.0,0.5,0.5,0.5,0.5,1.0,13.0,-2.0,4.938524590163935,0.11,0.0,0,0,10.8,night_mode
6.0,0.0,2.0,1.0,0.5,0.5,0.5,0.5,2.0,11.0,-2.0,4.934959349593496,0.09,0.0,0,0,10.6,night_mode
4.0,0.0,3.0,1.0,0.5,0.5,0.5,0.5,3.0,9.0,-1.0,4.92741935483871,0.08,0.0,0,0,12.4,night_mode
3.0,0.0,4.0,2.0,0.5,0.5,0.5,0.5,4.0,8.0,1.0,4.904382470119522,0.09,0.0,2,0,16.7,night_mode
3.0,0.0,5.0,3.0,0.5,0.5,0.5,0.5,0.0,9.0,2.0,4.889763779527559,0.11,0.0,0,0,17.5,night_mode
3.0,1.0,5.0,3.0,0.5,0.5,0.5,0.5,0.0,11.0,1.0,4.91764705882353,0.12,0.0,0,1,18.0,night_mode
4.0,1.0,6.0,3.0,0.5,0.5,0.5,0.5,0.0,12.0,2.0,4.933852140077821,0.14,0.0,2,1,20.5,night_mode
5.0,2.0,7.0,3.0,0.5,0.5,0.5,0.5,0.0,14.0,3.0,4.9423076923076925,0.17,1.0,0,1,19.0,night_mode
5.0,2.0,5.0,2.0,0.5,0.5,0.5,0.5,1.0,17.0,-3.0,4.977011494252873,0.14,1.0,0,1,18.3,night_mode
5.0,2.0,3.0,0.0,0.5,0.5,0.5,0.5,2.0,14.0,-4.0,5.015325670498084,0.1,1.0,0,0,17.1,night_mode
5.0,3.0,1.0,0.0,0.5,0.5,0.5,0.5,3.0,10.0,-1.0,4.992424242424242,0.09,1.0,1,0,18.9,night_mode
6.0,3.0,0.0,0.0,0.5,0.5,0.5,0.5,0.0,9.0,0.0,5.007547169811321,0.09,1.0,0,0,18.0,night_mode
7.0,3.0,0.0,1.0,0.5,0.5,0.5,0.5,0.0,9.0,2.0,5.01123595505618,0.11,1.0,0,0,20.5,night_mode
8.0,4.0,1.0,1.0,0.5,0.5,0.5,0.5,0.0,11.0,3.0,5.007407407407407,0.14,1.0,1,1,25.0,night_mode
9.0,5.0,2.0,1.0,0.5,0.5,0.5,0.5,0.0,14.0,3.0,5.014652014652015,0.17,0.0,0,1,13.0,night_mode
6.0,2.0,2.0,2.0,0.5,0.5,0.5,0.5,1.0,17.0,-5.0,5.04014598540146,0.12,0.0,0,1,12.8,night_mode
6.0,0.0,2.0,3.0,0.5,0.5,0.5,0.5,2.0,12.0,-1.0,5.043478260869565,0.11,0.0,0,0,14.6,night_mode
4.0,0.0,3.0,4.0,0.5,0.5,0.5,0.5,3.0,11.0,0.0,5.028673835125448,0.11,0.0,2,0,18.4,night_mode
1.0,0.0,3.0,5.0,0.5,0.5,0.5,0.5,0.0,11.0,-2.0,5.02491103202847,0.09,0.0,0,0,16.5,night_mode
1.0,0.0,3.0,5.0,0.5,0.5,0.5,0.5,0.0,9.0,0.0,5.056939501779359,0.09,0.0,0,0,16.5,night_mode
2.0,0.0,4.0,5.0,0.5,0.5,0.5,0.5,0.0,9.0,2.0,5.060070671378092,0.11,0.0,2,0,19.0,night_mode
3.0,0.0,4.0,5.0,0.5,0.5,0.5,0.5,0.0,11.0,1.0,5.084507042253521,0.12,1.0,0,1,10.5,night_mode
4.0,1.0,2.0,3.0,0.5,0.5,0.5,0.5,1.0,12.0,-2.0,5.066202090592334,0.1,1.0,0,0,13.3,night_mode
4.0,2.0,1.0,2.0,0.5,0.5,0.5,0.5,2.0,10.0,-1.0,5.044827586206897,0.09,1.0,0,0,15.1,night_mode
5.0,3.0,1.0,0.0,0.5,0.5,0.5,0.5,3.0,9.0,0.0,5.023890784982935,0.09,1.0,1,0,18.9,night_mode
6.0,4.0,0.0,0.0,0.5,0.5,0.5,0.5,0.0,9.0,1.0,5.023728813559322,0.1,1.0,0,0,20.0,night_mode
7.0,5.0,1.0,1.0,0.5,0.5,0.5,0.5,0.0,10.0,4.0,5.003344481605351,0.14,1.0,0,1,25.0,night_mode
7.0,5.0,1.0,1.0,0.5,0.5,0.5,0.5,0.0,14.0,0.0,5.050167224080267,0.14,1.0,1,1,25.0,night_mode
7.0,6.0,1.0,2.0,0.5,0.5,0.5,0.5,0.0,14.0,2.0,5.069767441860465,0.16,0.0,0,1,12.5,night_mode
5.0,6.0,1.0,3.0,0.5,0.5,0.5,0.5,1.0,16.0,-1.0,5.085808580858086,0.15,0.0,0,1,14.3,night_mode
4.0,5.0,2.0,3.0,0.5,0.5,0.5,0.5,2.0,15.0,-1.0,5.098360655737705,0.14,0.0,0,1,16.1,night_mode
1.0,3.0,3.0,4.0,0.5,0.5,0.5,0.5,3.0,14.0,-3.0,5.084415584415584,0.11,0.0,2,0,18.4,night_mode
0.0,1.0,4.0,4.0,0.5,0.5,0.5,0.5,0.0,11.0,-2.0,5.080645161290323,0.09,0.0,0,0,16.5,night_mode
1.0,2.0,5.0,5.0,0.5,0.5,0.5,0.5,0.0,9.0,4.0,5.057324840764331,0.13,0.0,0,1,21.5,night_mode
1.0,2.0,6.0,5.0,0.5,0.5,0.5,0.5,0.0,13.0,1.0,5.085714285714285,0.14,0.0,2,1,23.5,night_mode
1.0,2.0,6.0,6.0,0.5,0.5,0.5,0.5,0.0,14.0,1.0,5.117088607594937,0.15,1.0,0,1,12.0,night_mode
2.0,3.0,5.0,4.0,0.5,0.5,0.5,0.5,1.0,15.0,-1.0,5.112852664576803,0.14,1.0,0,1,15.3,night_mode
3.0,3.0,3.0,2.0,0.5,0.5,0.5,0.5,2.0,14.0,-3.0,5.1152647975077885,0.11,1.0,0,0,16.1,night_mode
3.0,4.0,1.0,0.0,0.5,0.5,0.5,0.5,3.0,11.0,-3.0,5.108359133126935,0.08,1.0,1,0,16.9,night_mode
3.0,5.0,0.0,0.0,0.5,0.5,0.5,0.5,0.0,8.0,0.0,5.117283950617284,0.08,1.0,0,0,16.0,night_mode
3.0,6.0,1.0,0.0,0.5,0.5,0.5,0.5,0.0,8.0,2.0,5.116564417177914,0.1,1.0,0,0,18.5,night_mode
4.0,6.0,1.0,0.0,0.5,0.5,0.5,0.5,0.0,10.0,1.0,5.134556574923548,0.11,1.0,1,0,20.5,night_mode
4.0,7.0,1.0,0.0,0.5,0.5,0.5,0.5,0.0,11.0,1.0,5.155487804878049,0.12,0.0,0,1,7.5,night_mode
1.0,4.0,2.0,0.0,0.5,0.5,0.5,0.5,1.0,12.0,-5.0,5.161094224924012,0.07,0.0,0,0,7.3,night_mode
0.0,2.0,3.0,0.0,0.5,0.5,0.5,0.5,2.0,7.0,-2.0,5.145015105740181,0.05,0.0,0,0,8.6,night_mode
0.0,1.0,3.0,0.0,0.5,0.5,0.5,0.5,3.0,5.0,-1.0,5.141566265060241,0.04,0.0,0,0,8.9,night_mode
0.0,0.0,4.0,0.0,0.5,0.5,0.5,0.5,4.0,4.0,0.0,5.122754491017964,0.04,0.0,2,0,11.2,night_mode
0.0,0.0,4.0,1.0,0.5,0.5,0.5,0.5,0.0,4.0,1.0,5.122388059701493,0.05,0.0,0,0,10.0,night_mode
0.0,0.0,5.0,2.0,0.5,0.5,0.5,0.5,0.0,5.0,2.0,5.112759643916914,0.07,0.0,0,0,14.0,night_mode
0.0,0.0,5.0,3.0,0.5,0.5,0.5,0.5,0.0,7.0,1.0,5.121301775147929,0.08,0.0,2,0,16.0,night_mode
1.0,0.0,6.0,3.0,0.5,0.5,0.5,0.5,0.0,8.0,2.0,5.120588235294117,0.1,1.0,0,0,6.5,night_mode
2.0,0.0,5.0,0.0,0.5,0.5,0.5,0.5,1.0,10.0,-3.0,5.111111111111111,0.07,1.0,0,0,7.3,night_mode
2.0,0.0,4.0,0.0,0.5,0.5,0.5,0.5,2.0,7.0,-1.0,5.098837209302325,0.06,1.0,0,0,7.6,night_mode
3.0,0.0,3.0,0.0,0.5,0.5,0.5,0.5,3.0,6.0,0.0,5.086705202312139,0.06,1.0,0,0,9.9,night_mode
3.0,0.0,2.0,0.0,0.5,0.5,0.5,0.5,4.0,6.0,-1.0,5.07183908045977,0.05,1.0,0,0,10.2,night_mode
3.0,0.0,2.0,0.0,0.5,0.5,0.5,0.5,5.0,5.0,0.0,5.07163323782235,0.05,1.0,0,0,11.0,night_mode
3.0,0.0,0.0,0.0,0.5,0.5,0.5,0.5,6.0,5.0,-2.0,5.080229226361031,0.03,1.0,1,0,10.8,night_mode
3.0,0.0,0.0,0.0,0.5,0.5,0.5,0.5,0.0,3.0,0.0,5.074285714285714,0.03,1.0,0,0,6.0,night_mode
3.0,1.0,1.0,1.0,0.5,0.5,0.5,0.5,0.0,3.0,3.0,5.048158640226629,0.06,1.0,0,0,9.0,night_mode
3.0,1.0,2.0,2.0,0.5,0.5,0.5,0.5,0.0,6.0,2.0,5.042253521126761,0.08,1.0,1,0,10.0,night_mode
4.0,2.0,3.0,3.0,0.5,0.5,0.5,0.5,0.0,8.0,4.0,5.0194986072423395,0.12,0.0,0,1,15.0,night_mode
1.0,0.0,3.0,3.0,0.5,0.5,0.5,0.5,1.0,12.0,-5.0,5.025,0.07,0.0,0,0,13.3,night_mode
1.0,0.0,3.0,4.0,0.5,0.5,0.5,0.5,2.0,7.0,1.0,5.005509641873278,0.08,0.0,0,0,16.1,night_mode
0.0,0.0,4.0,5.0,0.5,0.5,0.5,0.5,3.0,8.0,1.0,4.975476839237057,0.09,0.0,2,0,20.4,night_mode
0.0,0.0,4.0,6.0,0.5,0.5,0.5,0.5,0.0,9.0,1.0,4.962162162162162,0.1,0.0,0,0,20.0,night_mode
1.0,1.0,4.0,7.0,0.5,0.5,0.5,0.5,0.0,10.0,3.0,4.957104557640751,0.13,0.0,0,1,23.0,night_mode
1.0,1.0,5.0,8.0,0.5,0.5,0.5,0.5,0.0,13.0,2.0,4.970666666666666,0.15,0.0,2,1,27.0,night_mode
2.0,2.0,6.0,8.0,0.5,0.5,0.5,0.5,0.0,15.0,3.0,4.978835978835979,0.18,1.0,0,1,15.0,night_mode
2.0,2.0,6.0,7.0,0.5,0.5,0.5,0.5,1.0,18.0,-1.0,4.997368421052632,0.17,1.0,0,1,15.3,night_mode
2.0,2.0,4.0,7.0,0.5,0.5,0.5,0.5,2.0,17.0,-2.0,5.0236220472440944,0.15,1.0,0,1,15.1,night_mode
3.0,2.0,1.0,7.0,0.5,0.5,0.5,0.5,3.0,15.0,-2.0,5.031331592689295,0.13,1.0,0,1,16.4,night_mode
4.0,2.0,1.0,5.0,0.5,0.5,0.5,0.5,4.0,13.0,-1.0,5.023316062176166,0.12,1.0,0,1,18.2,night_mode
4.0,3.0,0.0,4.0,0.5,0.5,0.5,0.5,5.0,12.0,-1.0,5.025773195876289,0.11,1.0,1,0,20.0,night_mode
4.0,4.0,0.0,3.0,0.5,0.5,0.5,0.5,0.0,11.0,0.0,5.028205128205128,0.11,1.0,0,0,17.5,night_mode
5.0,5.0,0.0,3.0,0.5,0.5,0.5,0.5,0.0,11.0,2.0,5.035714285714286,0.13,1.0,0,1,21.5,night_mode
5.0,6.0,1.0,3.0,0.5,0.5,0.5,0.5,0.0,13.0,2.0,5.048223350253807,0.15,1.0,1,1,24.0,night_mode
6.0,7.0,1.0,3.0,0.5,0.5,0.5,0.5,0.0,15.0,2.0,5.065656565656566,0.17,0.0,0,1,14.5,night_mode
6.0,4.0,2.0,4.0,0.5,0.5,0.5,0.5,1.0,17.0,-1.0,5.067669172932331,0.16,0.0,0,1,17.8,night_mode
4.0,3.0,2.0,4.0,0.5,0.5,0.5,0.5,2.0,16.0,-3.0,5.0875,0.13,0.0,0,1,17.1,night_mode
2.0,1.0,2.0,4.0,0.5,0.5,0.5,0.5,3.0,13.0,-4.0,5.097256857855362,0.09,0.0,2,0,15.9,night_mode
0.0,0.0,3.0,4.0,0.5,0.5,0.5,0.5,0.0,9.0,-2.0,5.101990049751244,0.07,0.0,0,0,14.0,night_mode
1.0,1.0,4.0,5.0,0.5,0.5,0.5,0.5,0.0,7.0,4.0,5.078817733990148,0.11,0.0,0,0,19.0,night_mode
2.0,1.0,5.0,6.0,0.5,0.5,0.5,0.5,0.0,11.0,3.0,5.075794621026895,0.14,0.0,2,1,23.5,night_mode
2.0,2.0,6.0,7.0,0.5,0.5,0.5,0.5,0.0,14.0,3.0,5.080097087378641,0.17,1.0,0,1,14.5,night_mode
3.0,2.0,6.0,6.0,0.5,0.5,0.5,0.5,1.0,17.0,0.0,5.096618357487923,0.17,1.0,0,1,16.8,night_mode
3.0,2.0,4.0,3.0,0.5,0.5,0.5,0.5,2.0,17.0,-5.0,5.125603864734299,0.12,1.0,0,1,15.1,night_mode
4.0,2.0,3.0,0.0,0.5,0.5,0.5,0.5,3.0,12.0,-3.0,5.134939759036144,0.09,1.0,1,0,15.9,night_mode
5.0,2.0,2.0,0.0,0.5,0.5,0.5,0.5,0.0,9.0,0.0,5.13189448441247,0.09,1.0,0,0,15.0,night_mode
5.0,3.0,2.0,1.0,0.5,0.5,0.5,0.5,0.0,9.0,2.0,5.133651551312649,0.11,1.0,0,0,17.5,night_mode
6.0,4.0,3.0,1.0,0.5,0.5,0.5,0.5,0.0,11.0,3.0,5.130331753554502,0.14,1.0,1,1,22.0,night_mode
6.0,5.0,3.0,1.0,0.5,0.5,0.5,0.5,0.0,14.0,1.0,5.153664302600473,0.15,0.0,0,1,13.5,night_mode
4.0,4.0,4.0,2.0,0.5,0.5,0.5,0.5,1.0,15.0,-1.0,5.150234741784038,0.14,0.0,0,1,16.8,night_mode
2.0,2.0,5.0,3.0,0.5,0.5,0.5,0.5,2.0,14.0,-2.0,5.142191142191142,0.12,0.0,0,1,19.6,night_mode
1.0,0.0,5.0,4.0,0.5,0.5,0.5,0.5,3.0,12.0,-2.0,5.1415313225058,0.1,0.0,2,0,20.9,night_mode
0.0,0.0,5.0,4.0,0.5,0.5,0.5,0.5,0.0,10.0,-1.0,5.150462962962963,0.09,0.0,0,0,18.0,night_mode
0.0,1.0,5.0,4.0,0.5,0.5,0.5,0.5,0.0,9.0,1.0,5.161662817551963,0.1,0.0,0,0,18.5,night_mode
0.0,1.0,6.0,5.0,0.5,0.5,0.5,0.5,0.0,10.0,2.0,5.165517241379311,0.12,0.0,2,1,22.5,night_mode
0.0,2.0,6.0,6.0,0.5,0.5,0.5,0.5,0.0,12.0,2.0,5.173913043478261,0.14,1.0,0,1,10.0,night_mode
0.0,3.0,4.0,6.0,0.5,0.5,0.5,0.5,1.0,14.0,-1.0,5.168181818181818,0.13,1.0,0,1,11.8,night_mode
0.0,3.0,2.0,5.0,0.5,0.5,0.5,0.5,2.0,13.0,-3.0,5.179138321995465,0.1,1.0,0,0,11.1,night_mode
0.0,4.0,0.0,3.0,0.5,0.5,0.5,0.5,3.0,10.0,-3.0,5.183257918552036,0.07,1.0,0,0,11.9,night_mode
0.0,5.0,0.0,2.0,0.5,0.5,0.5,0.5,4.0,7.0,0.0,5.187358916478555,0.07,1.0,1,0,14.2,night_mode
0.0,5.0,0.0,1.0,0.5,0.5,0.5,0.5,0.0,7.0,-1.0,5.1891891891891895,0.06,1.0,0,0,10.5,night_mode
0.0,6.0,1.0,2.0,0.5,0.5,0.5,0.5,0.0,6.0,3.0,5.174496644295302,0.09,1.0,0,0,13.5,night_mode
1.0,6.0,1.0,3.0,0.5,0.5,0.5,0.5,0.0,9.0,2.0,5.1759465478841875,0.11,1.0,1,0,16.0,night_mode
2.0,6.0,1.0,4.0,0.5,0.5,0.5,0.5,0.0,11.0,2.0,5.181818181818182,0.13,0.0,0,1,14.0,night_mode
1.0,5.0,1.0,5.0,0.5,0.5,0.5,0.5,1.0,13.0,-1.0,5.174008810572687,0.12,0.0,0,1,15.8,night_mode
0.0,3.0,2.0,6.0,0.5,0.5,0.5,0.5,2.0,12.0,-1.0,5.175438596491228,0.11,0.0,0,0,19.1,night_mode
0.0,1.0,2.0,7.0,0.5,0.5,0.5,0.5,3.0,11.0,-1.0,5.17467248908297,0.1,0.0,2,0,20.9,night_mode
0.0,1.0,2.0,7.0,0.5,0.5,0.5,0.5,0.0,10.0,0.0,5.173913043478261,0.1,0.0,0,0,18.5,night_mode
0.0,1.0,2.0,7.0,0.5,0.5,0.5,0.5,0.0,10.0,0.0,5.195652173913044,0.1,0.0,0,0,18.5,night_mode
0.0,2.0,2.0,7.0,0.5,0.5,0.5,0.5,0.0,10.0,1.0,5.20824295010846,0.11,0.0,2,0,19.0,night_mode
0.0,3.0,2.0,8.0,0.5,0.5,0.5,0.5,0.0,11.0,2.0,5.213822894168467,0.13,1.0,0,1,11.0,night_mode
1.0,4.0,0.0,5.0,0.5,0.5,0.5,0.5,1.0,13.0,-3.0,5.212903225806452,0.1,1.0,0,0,13.3,night_mode
2.0,5.0,0.0,3.0,0.5,0.5,0.5,0.5,2.0,10.0,0.0,5.211991434689508,0.1,1.0,0,0,17.1,night_mode
3.0,6.0,0.0,0.0,0.5,0.5,0.5,0.5,3.0,10.0,-1.0,5.208955223880597,0.09,1.0,1,0,20.4,night_mode
4.0,7.0,0.0,0.0,0.5,0.5,0.5,0.5,0.0,9.0,2.0,5.210191082802548,0.11,1.0,0,0,22.0,night_mode
4.0,7.0,0.0,1.0,0.5,0.5,0.5,0.5,0.0,11.0,1.0,5.22457627118644,0.12,1.0,0,1,22.5,night_mode
5.0,7.0,0.0,2.0,0.5,0.5,0.5,0.5,0.0,12.0,2.0,5.232067510548523,0.14,1.0,1,1,25.0,night_mode
6.0,8.0,0.0,2.0,0.5,0.5,0.5,0.5,0.0,14.0,2.0,5.243697478991597,0.16,0.0,0,1,11.0,night_mode
4.0,6.0,0.0,2.0,0.5,0.5,0.5,0.5,1.0,16.0,-4.0,5.2578616352201255,0.12,0.0,0,1,9.8,night_mode
3.0,5.0,1.0,2.0,0.5,0.5,0.5,0.5,2.0,12.0,-1.0,5.258872651356993,0.11,0.0,0,0,11.6,night_mode
0.0,2.0,2.0,2.0,0.5,0.5,0.5,0.5,3.0,11.0,-5.0,5.260416666666667,0.06,0.0,0,0,11.4,night_mode
0.0,0.0,2.0,2.0,0.5,0.5,0.5,0.5,4.0,6.0,-2.0,5.26875,0.04,0.0,2,0,11.2,night_mode
0.0,0.0,3.0,3.0,0.5,0.5,0.5,0.5,0.0,4.0,2.0,5.237603305785124,0.06,0.0,0,0,12.0,night_mode
1.0,1.0,4.0,4.0,0.5,0.5,0.5,0.5,0.0,6.0,4.0,5.215163934426229,0.1,0.0,0,0,17.0,night_mode
1.0,2.0,5.0,5.0,0.5,0.5,0.5,0.5,0.0,10.0,3.0,5.209775967413442,0.13,0.0,2,1,21.5,night_mode
2.0,2.0,6.0,5.0,0.5,0.5,0.5,0.5,0.0,13.0,2.0,5.219066937119676,0.15,1.0,0,1,13.5,night_mode
2.0,3.0,4.0,3.0,0.5,0.5,0.5,0.5,1.0,15.0,-3.0,5.232793522267206,0.12,1.0,0,1,14.3,night_mode
2.0,3.0,4.0,1.0,0.5,0.5,0.5,0.5,2.0,12.0,-2.0,5.231854838709677,0.1,1.0,0,0,14.1,night_mode
2.0,3.0,3.0,0.0,0.5,0.5,0.5,0.5,3.0,10.0,-2.0,5.237424547283702,0.08,1.0,0,0,13.9,night_mode
3.0,3.0,2.0,0.0,0.5,0.5,0.5,0.5,4.0,8.0,0.0,5.222,0.08,1.0,1,0,16.2,night_mode
4.0,4.0,2.0,0.0,0.5,0.5,0.5,0.5,0.0,8.0,2.0,5.210735586481113,0.1,1.0,0,0,17.0,night_mode
5.0,4.0,3.0,1.0,0.5,0.5,0.5,0.5,0.0,10.0,3.0,5.205533596837944,0.13,1.0,0,1,20.0,night_mode
6.0,5.0,3.0,1.0,0.5,0.5,0.5,0.5,0.0,13.0,2.0,5.214566929133858,0.15,1.0,1,1,24.0,night_mode
7.0,5.0,4.0,1.0,0.5,0.5,0.5,0.5,0.0,15.0,2.0,5.227450980392157,0.17,0.0,0,1,16.0,night_mode
6.0,4.0,5.0,2.0,0.5,0.5,0.5,0.5,1.0,17.0,0.0,5.230019493177388,0.17,0.0,0,1,19.8,night_mode
6.0,2.0,6.0,2.0,0.5,0.5,0.5,0.5,2.0,17.0,-1.0,5.2407766990291265,0.16,0.0,0,1,21.6,night_mode
5.0,0.0,7.0,3.0,0.5,0.5,0.5,0.5,3.0,16.0,-1.0,5.249516441005802,0.15,0.0,2,1,24.9,night_mode
5.0,0.0,7.0,4.0,0.5,0.5,0.5,0.5,0.0,15.0,1.0,5.2601156069364166,0.16,0.0,0,1,24.5,night_mode
6.0,0.0,7.0,5.0,0.5,0.5,0.5,0.5,0.0,16.0,2.0,5.27447216890595,0.18,0.0,0,1,27.0,night_mode
6.0,0.0,8.0,5.0,0.5,0.5,0.5,0.5,0.0,18.0,1.0,5.300766283524904,0.19,0.0,2,1,29.0,night_mode
7.0,0.0,8.0,6.0,0.5,0.5,0.5,0.5,0.0,19.0,2.0,5.320610687022901,0.21,1.0,0,1,21.0,night_mode
8.0,0.0,7.0,6.0,0.5,0.5,0.5,0.5,1.0,21.0,0.0,5.330170777988615,0.21,1.0,0,1,23.3,night_mode
9.0,1.0,5.0,4.0,0.5,0.5,0.5,0.5,2.0,21.0,-2.0,5.335849056603774,0.19,1.0,0,1,26.1,night_mode
10.0,1.0,4.0,3.0,0.5,0.5,0.5,0.5,3.0,19.0,-1.0,5.349624060150376,0.18,1.0,1,1,27.9,night_mode
10.0,2.0,3.0,0.0,0.5,0.5,0.5,0.5,0.0,18.0,-3.0,5.357677902621723,0.15,1.0,0,1,25.5,night_mode
11.0,2.0,4.0,1.0,0.5,0.5,0.5,0.5,0.0,15.0,3.0,5.361266294227188,0.18,1.0,0,1,28.5,night_mode
11.0,2.0,5.0,2.0,0.5,0.5,0.5,0.5,0.0,18.0,2.0,5.37847866419295,0.2,1.0,1,1,29.5,night_mode
12.0,3.0,6.0,3.0,0.5,0.5,0.5,0.5,0.0,20.0,4.0,5.383057090239411,0.24,0.0,0,1,25.5,night_mode
12.0,1.0,7.0,4.0,0.5,0.5,0.5,0.5,1.0,24.0,0.0,5.387568555758683,0.24,0.0,0,1,29.3,night_mode
9.0,0.0,7.0,4.0,0.5,0.5,0.5,0.5,2.0,24.0,-4.0,5.414233576642336,0.2,0.0,0,1,28.1,night_mode
8.0,0.0,7.0,5.0,0.5,0.5,0.5,0.5,3.0,20.0,0.0,5.430909090909091,0.2,0.0,2,1,30.4,night_mode
5.0,0.0,7.0,6.0,0.5,0.5,0.5,0.5,0.0,20.0,-2.0,5.443840579710145,0.18,0.0,0,1,28.5,night_mode
5.0,0.0,7.0,7.0,0.5,0.5,0.5,0.5,0.0,18.0,1.0,5.468354430379747,0.19,0.0,0,1,30.5,night_mode
5.0,1.0,7.0,8.0,0.5,0.5,0.5,0.5,0.0,19.0,2.0,5.486486486486487,0.21,0.0,2,1,33.0,night_mode
6.0,2.0,7.0,8.0,0.5,0.5,0.5,0.5,0.0,21.0,2.0,5.508078994614004,0.23,1.0,0,1,23.5,night_mode
6.0,2.0,6.0,8.0,0.5,0.5,0.5,0.5,1.0,23.0,-1.0,5.537634408602151,0.22,1.0,0,1,23.8,night_mode
6.0,3.0,5.0,5.0,0.5,0.5,0.5,0.5,2.0,22.0,-3.0,5.551785714285714,0.19,1.0,0,1,24.6,night_mode
6.0,3.0,4.0,2.0,0.5,0.5,0.5,0.5,3.0,19.0,-4.0,5.578571428571428,0.15,1.0,1,1,23.4,night_mode
6.0,3.0,3.0,0.0,0.5,0.5,0.5,0.5,0.0,15.0,-3.0,5.6,0.12,1.0,0,1,19.5,night_mode
6.0,4.0,4.0,0.0,0.5,0.5,0.5,0.5,0.0,12.0,2.0,5.604982206405694,0.14,1.0,0,1,22.0,night_mode
6.0,5.0,5.0,1.0,0.5,0.5,0.5,0.5,0.0,14.0,3.0,5.605309734513274,0.17,1.0,1,1,25.0,night_mode
6.0,5.0,6.0,2.0,0.5,0.5,0.5,0.5,0.0,17.0,2.0,5.619047619047619,0.19,0.0,0,1,21.5,night_mode
5.0,5.0,6.0,2.0,0.5,0.5,0.5,0.5,1.0,19.0,-1.0,5.640845070422535,0.18,0.0,0,1,21.8,night_mode
3.0,3.0,6.0,3.0,0.5,0.5,0.5,0.5,2.0,18.0,-3.0,5.6572934973637965,0.15,0.0,0,1,22.6,night_mode
1.0,1.0,7.0,4.0,0.5,0.5,0.5,0.5,3.0,15.0,-2.0,5.65034965034965,0.13,0.0,2,1,25.4,night_mode
0.0,0.0,7.0,5.0,0.5,0.5,0.5,0.5,0.0,13.0,-1.0,5.641739130434782,0.12,0.0,0,1,24.0,night_mode
0.0,0.0,8.0,6.0,0.5,0.5,0.5,0.5,0.0,12.0,2.0,5.646447140381283,0.14,0.0,0,1,28.0,night_mode
0.0,1.0,8.0,7.0,0.5,0.5,0.5,0.5,0.0,14.0,2.0,5.6545768566493955,0.16,0.0,2,1,30.5,night_mode
0.0,2.0,8.0,8.0,0.5,0.5,0.5,0.5,0.0,16.0,2.0,5.666092943201377,0.18,1.0,0,1,12.0,night_mode
0.0,3.0,8.0,8.0,0.5,0.5,0.5,0.5,1.0,18.0,1.0,5.669520547945205,0.19,1.0,0,1,14.8,night_mode
1.0,3.0,6.0,8.0,0.5,0.5,0.5,0.5,2.0,19.0,-1.0,5.671209540034072,0.18,1.0,0,1,16.6,night_mode
1.0,3.0,5.0,6.0,0.5,0.5,0.5,0.5,3.0,18.0,-3.0,5.67741935483871,0.15,1.0,0,1,15.9,night_mode
1.0,4.0,5.0,4.0,0.5,0.5,0.5,0.5,4.0,15.0,-1.0,5.672297297297297,0.14,1.0,0,1,17.7,night_mode
2.0,5.0,3.0,1.0,0.5,0.5,0.5,0.5,5.0,14.0,-3.0,5.66218487394958,0.11,1.0,1,0,20.0,night_mode
3.0,5.0,1.0,0.0,0.5,0.5,0.5,0.5,0.0,11.0,-2.0,5.648829431438127,0.09,1.0,0,0,16.5,night_mode
4.0,5.0,1.0,0.0,0.5,0.5,0.5,0.5,0.0,9.0,1.0,5.656093489148581,0.1,1.0,0,0,18.5,night_mode
4.0,5.0,1.0,0.0,0.5,0.5,0.5,0.5,0.0,10.0,0.0,5.672787979966611,0.1,1.0,1,0,18.5,night_mode
5.0,6.0,2.0,0.0,0.5,0.5,0.5,0.5,0.0,10.0,3.0,5.666112956810632,0.13,0.0,0,1,9.5,night_mode
3.0,5.0,2.0,1.0,0.5,0.5,0.5,0.5,1.0,13.0,-2.0,5.674958540630183,0.11,0.0,0,0,10.8,night_mode
0.0,5.0,2.0,1.0,0.5,0.5,0.5,0.5,2.0,11.0,-3.0,5.678807947019868,0.08,0.0,0,0,10.1,night_mode
0.0,5.0,2.0,1.0,0.5,0.5,0.5,0.5,3.0,8.0,0.0,5.673267326732673,0.08,0.0,0,0,10.9,night_mode
0.0,4.0,2.0,1.0,0.5,0.5,0.5,0.5,4.0,8.0,-1.0,5.666118421052632,0.07,0.0,0,0,11.2,night_mode
0.0,2.0,3.0,1.0,0.5,0.5,0.5,0.5,5.0,7.0,-1.0,5.648117839607202,0.06,0.0,0,0,13.0,night_mode
0.0,2.0,3.0,1.0,0.5,0.5,0.5,0.5,6.0,6.0,0.0,5.648692810457517,0.06,0.0,0,0,13.8,night_mode
0.0,0.0,3.0,1.0,0.5,0.5,0.5,0.5,7.0,6.0,-2.0,5.655228758169935,0.04,0.0,2,0,13.6,night_mode
0.0,0.0,4.0,1.0,0.5,0.5,0.5,0.5,0.0,4.0,1.0,5.644951140065147,0.05,0.0,0,0,10.0,night_mode
1.0,0.0,4.0,2.0,0.5,0.5,0.5,0.5,0.0,5.0,2.0,5.637987012987013,0.07,0.0,0,0,12.5,night_mode
2.0,1.0,4.0,2.0,0.5,0.5,0.5,0.5,0.0,7.0,2.0,5.634304207119741,0.09,0.0,2,0,13.5,night_mode
3.0,2.0,5.0,2.0,0.5,0.5,0.5,0.5,0.0,9.0,3.0,5.626409017713366,0.12,1.0,0,1,13.5,night_mode
3.0,2.0,5.0,0.0,0.5,0.5,0.5,0.5,1.0,12.0,-2.0,5.633440514469453,0.1,1.0,0,0,13.3,night_mode
3.0,2.0,5.0,0.0,0.5,0.5,0.5,0.5,2.0,10.0,0.0,5.640449438202247,0.1,1.0,0,0,14.1,night_mode
4.0,3.0,5.0,0.0,0.5,0.5,0.5,0.5,3.0,10.0,2.0,5.63258785942492,0.12,1.0,0,1,18.9,night_mode
4.0,3.0,3.0,0.0,0.5,0.5,0.5,0.5,4.0,12.0,-2.0,5.630573248407643,0.1,1.0,1,0,18.7,night_mode
4.0,4.0,3.0,0.0,0.5,0.5,0.5,0.5,0.0,10.0,1.0,5.630158730158731,0.11,1.0,0,0,17.5,night_mode
5.0,5.0,3.0,1.0,0.5,0.5,0.5,0.5,0.0,11.0,3.0,5.625592417061611,0.14,1.0,0,1,22.0,night_mode
5.0,5.0,3.0,2.0,0.5,0.5,0.5,0.5,0.0,14.0,1.0,5.640378548895899,0.15,1.0,1,1,22.5,night_mode
5.0,5.0,4.0,2.0,0.5,0.5,0.5,0.5,0.0,15.0,1.0,5.656692913385827,0.16,0.0,0,1,17.0,night_mode
2.0,3.0,4.0,3.0,0.5,0.5,0.5,0.5,1.0,16.0,-4.0,5.657770800627944,0.12,0.0,0,1,17.3,night_mode
0.0,3.0,4.0,4.0,0.5,0.5,0.5,0.5,2.0,12.0,-1.0,5.657276995305164,0.11,0.0,0,0,19.1,night_mode
0.0,1.0,5.0,4.0,0.5,0.5,0.5,0.5,3.0,11.0,-1.0,5.6640625,0.1,0.0,2,0,20.9,night_mode
0.0,1.0,6.0,4.0,0.5,0.5,0.5,0.5,0.0,10.0,1.0,5.654743390357698,0.11,0.0,0,0,20.5,night_mode
0.0,1.0,7.0,4.0,0.5,0.5,0.5,0.5,0.0,11.0,1.0,5.6645962732919255,0.12,0.0,0,1,22.5,night_mode
1.0,1.0,8.0,5.0,0.5,0.5,0.5,0.5,0.0,12.0,3.0,5.661514683153014,0.15,0.0,2,1,27.0,night_mode
1.0,2.0,9.0,5.0,0.5,0.5,0.5,0.5,0.0,15.0,2.0,5.670261941448382,0.17,1.0,0,1,13.0,night_mode
1.0,3.0,7.0,5.0,0.5,0.5,0.5,0.5,1.0,17.0,-1.0,5.67741935483871,0.16,1.0,0,1,14.8,night_mode
2.0,4.0,6.0,4.0,0.5,0.5,0.5,0.5,2.0,16.0,0.0,5.684532924961715,0.16,1.0,0,1,18.6,night_mode
2.0,4.0,6.0,1.0,0.5,0.5,0.5,0.5,3.0,16.0,-3.0,5.695718654434251,0.13,1.0,0,1,17.9,night_mode
2.0,4.0,5.0,0.0,0.5,0.5,0.5,0.5,4.0,13.0,-2.0,5.712538226299694,0.11,1.0,0,0,17.7,night_mode
2.0,5.0,3.0,0.0,0.5,0.5,0.5,0.5,5.0,11.0,-1.0,5.710365853658536,0.1,1.0,1,0,19.5,night_mode
2.0,6.0,1.0,0.0,0.5,0.5,0.5,0.5,0.0,10.0,-1.0,5.706686930091186,0.09,1.0,0,0,16.5,night_mode
2.0,6.0,1.0,1.0,0.5,0.5,0.5,0.5,0.0,9.0,1.0,5.713201820940819,0.1,1.0,0,0,17.0,night_mode
2.0,7.0,2.0,1.0,0.5,0.5,0.5,0.5,0.0,10.0,2.0,5.714069591527988,0.12,1.0,1,1,19.5,night_mode
3.0,8.0,3.0,2.0,0.5,0.5,0.5,0.5,0.0,12.0,4.0,5.70375939849624,0.16,0.0,0,1,15.5,night_mode
2.0,7.0,4.0,2.0,0.5,0.5,0.5,0.5,1.0,16.0,-1.0,5.709145427286357,0.15,0.0,0,1,17.3,night_mode
2.0,7.0,5.0,2.0,0.5,0.5,0.5,0.5,2.0,15.0,1.0,5.7074626865671645,0.16,0.0,0,1,20.1,night_mode
0.0,5.0,5.0,2.0,0.5,0.5,0.5,0.5,3.0,16.0,-4.0,5.7168405365126675,0.12,0.0,0,1,18.9,night_mode
0.0,3.0,5.0,3.0,0.5,0.5,0.5,0.5,4.0,12.0,-1.0,5.724702380952381,0.11,0.0,2,0,20.7,night_mode
0.0,1.0,6.0,3.0,0.5,0.5,0.5,0.5,0.0,11.0,-1.0,5.7310549777117386,0.1,0.0,0,0,18.5,night_mode
1.0,2.0,6.0,3.0,0.5,0.5,0.5,0.5,0.0,10.0,2.0,5.731851851851852,0.12,0.0,0,1,19.5,night_mode
2.0,3.0,7.0,3.0,0.5,0.5,0.5,0.5,0.0,12.0,3.0,5.728613569321534,0.15,0.0,2,1,22.5,night_mode
3.0,4.0,8.0,3.0,0.5,0.5,0.5,0.5,0.0,15.0,3.0,5.729809104258443,0.18,1.0,0,1,19.5,night_mode
3.0,4.0,6.0,1.0,0.5,0.5,0.5,0.5,1.0,18.0,-4.0,5.741935483870968,0.14,1.0,0,1,18.3,night_mode
3.0,5.0,5.0,0.0,0.5,0.5,0.5,0.5,2.0,14.0,-1.0,5.744152046783626,0.13,1.0,0,1,20.1,night_mode
4.0,6.0,3.0,0.0,0.5,0.5,0.5,0.5,3.0,13.0,0.0,5.746355685131196,0.13,1.0,1,1,23.9,night_mode
5.0,7.0,0.0,0.0,0.5,0.5,0.5,0.5,0.0,13.0,-1.0,5.747093023255814,0.12,1.0,0,1,24.0,night_mode
6.0,8.0,1.0,1.0,0.5,0.5,0.5,0.5,0.0,12.0,4.0,5.736994219653179,0.16,1.0,0,1,29.0,night_mode
6.0,9.0,2.0,1.0,0.5,0.5,0.5,0.5,0.0,16.0,2.0,5.746397694524496,0.18,1.0,1,1,31.5,night_mode
6.0,9.0,3.0,2.0,0.5,0.5,0.5,0.5,0.0,18.0,2.0,5.758620689655173,0.2,0.0,0,1,17.5,night_mode
3.0,7.0,4.0,3.0,0.5,0.5,0.5,0.5,1.0,20.0,-3.0,5.76647564469914,0.17,0.0,0,1,19.8,night_mode
0.0,6.0,5.0,4.0,0.5,0.5,0.5,0.5,2.0,17.0,-2.0,5.763195435092725,0.15,0.0,0,1,22.6,night_mode
0.0,5.0,6.0,5.0,0.5,0.5,0.5,0.5,3.0,15.0,1.0,5.769559032716927,0.16,0.0,2,1,26.9,night_mode
0.0,4.0,6.0,6.0,0.5,0.5,0.5,0.5,0.0,16.0,0.0,5.767705382436261,0.16,0.0,0,1,26.0,night_mode
0.0,5.0,7.0,6.0,0.5,0.5,0.5,0.5,0.0,16.0,2.0,5.77683615819209,0.18,0.0,0,1,28.5,night_mode
1.0,5.0,7.0,7.0,0.5,0.5,0.5,0.5,0.0,18.0,2.0,5.788732394366197,0.2,0.0,2,1,31.0,night_mode
2.0,5.0,8.0,7.0,0.5,0.5,0.5,0.5,0.0,20.0,2.0,5.803370786516854,0.22,1.0,0,1,21.5,night_mode
3.0,6.0,8.0,7.0,0.5,0.5,0.5,0.5,1.0,22.0,2.0,5.804469273743017,0.24,1.0,0,1,26.3,night_mode
3.0,6.0,7.0,4.0,0.5,0.5,0.5,0.5,2.0,24.0,-4.0,5.832402234636872,0.2,1.0,0,1,25.1,night_mode
3.0,6.0,7.0,2.0,0.5,0.5,0.5,0.5,3.0,20.0,-2.0,5.841225626740947,0.18,1.0,0,1,24.9,night_mode
3.0,6.0,7.0,0.0,0.5,0.5,0.5,0.5,4.0,18.0,-2.0,5.847222222222222,0.16,1.0,0,1,24.7,night_mode
4.0,6.0,6.0,0.0,0.5,0.5,0.5,0.5,5.0,16.0,0.0,5.853185595567867,0.16,1.0,1,1,27.0,night_mode
5.0,6.0,5.0,0.0,0.5,0.5,0.5,0.5,0.0,16.0,0.0,5.867219917012448,0.16,1.0,0,1,24.5,night_mode
6.0,7.0,5.0,1.0,0.5,0.5,0.5,0.5,0.0,16.0,3.0,5.869146005509642,0.19,1.0,0,1,29.0,night_mode
7.0,7.0,5.0,2.0,0.5,0.5,0.5,0.5,0.0,19.0,2.0,5.881868131868132,0.21,1.0,1,1,31.5,night_mode
8.0,8.0,6.0,3.0,0.5,0.5,0.5,0.5,0.0,21.0,4.0,5.883879781420765,0.25,0.0,0,1,26.0,night_mode
7.0,8.0,6.0,3.0,0.5,0.5,0.5,0.5,1.0,25.0,-1.0,5.900544959128065,0.24,0.0,0,1,26.3,night_mode
5.0,7.0,6.0,3.0,0.5,0.5,0.5,0.5,2.0,24.0,-3.0,5.921088435374149,0.21,0.0,0,1,25.6,night_mode
3.0,7.0,6.0,4.0,0.5,0.5,0.5,0.5,3.0,21.0,-1.0,5.924119241192412,0.2,0.0,0,1,27.4,night_mode
2.0,5.0,6.0,4.0,0.5,0.5,0.5,0.5,4.0,20.0,-3.0,5.939106901217862,0.17,0.0,2,1,26.7,night_mode
0.0,2.0,6.0,5.0,0.5,0.5,0.5,0.5,0.0,17.0,-4.0,5.940620782726046,0.13,0.0,0,1,23.0,night_mode
1.0,3.0,7.0,5.0,0.5,0.5,0.5,0.5,0.0,13.0,3.0,5.938172043010753,0.16,0.0,0,1,26.0,night_mode
2.0,3.0,8.0,5.0,0.5,0.5,0.5,0.5,0.0,16.0,2.0,5.946380697050938,0.18,0.0,2,1,28.5,night_mode
3.0,3.0,9.0,6.0,0.5,0.5,0.5,0.5,0.0,18.0,3.0,5.950600801068091,0.21,1.0,0,1,19.5,night_mode
3.0,3.0,8.0,6.0,0.5,0.5,0.5,0.5,1.0,21.0,-1.0,5.96138482023968,0.2,1.0,0,1,19.8,night_mode
4.0,3.0,6.0,6.0,0.5,0.5,0.5,0.5,2.0,20.0,-1.0,5.962864721485412,0.19,1.0,0,1,21.6,night_mode
5.0,4.0,3.0,5.0,0.5,0.5,0.5,0.5,3.0,19.0,-2.0,5.96957671957672,0.17,1.0,0,1,24.4,night_mode
6.0,4.0,2.0,4.0,0.5,0.5,0.5,0.5,4.0,17.0,-1.0,5.967061923583663,0.16,1.0,1,1,26.2,night_mode
6.0,4.0,0.0,4.0,0.5,0.5,0.5,0.5,0.0,16.0,-2.0,5.969776609724048,0.14,1.0,0,1,22.0,night_mode
7.0,4.0,0.0,5.0,0.5,0.5,0.5,0.5,0.0,14.0,2.0,5.975098296199214,0.16,1.0,0,1,24.5,night_mode
7.0,4.0,0.0,6.0,0.5,0.5,0.5,0.5,0.0,16.0,1.0,5.989528795811518,0.17,1.0,1,1,25.0,night_mode
8.0,5.0,0.0,6.0,0.5,0.5,0.5,0.5,0.0,17.0,2.0,5.9986945169712795,0.19,0.0,0,1,18.5,night_mode
7.0,5.0,0.0,6.0,0.5,0.5,0.5,0.5,1.0,19.0,-1.0,6.014341590612777,0.18,0.0,0,1,18.8,night_mode
6.0,3.0,1.0,6.0,0.5,0.5,0.5,0.5,2.0,18.0,-2.0,6.011688311688312,0.16,0.0,0,1,20.1,night_mode
4.0,1.0,1.0,7.0,0.5,0.5,0.5,0.5,3.0,16.0,-3.0,6.012953367875648,0.13,0.0,2,1,20.9,night_mode
2.0,0.0,1.0,8.0,0.5,0.5,0.5,0.5,0.0,13.0,-2.0,6.019404915912031,0.11,0.0,0,0,19.0,night_mode
3.0,1.0,2.0,9.0,0.5,0.5,0.5,0.5,0.0,11.0,4.0,6.007722007722008,0.15,0.0,0,1,24.0,night_mode
3.0,1.0,2.0,9.0,0.5,0.5,0.5,0.5,0.0,15.0,0.0,6.027027027027027,0.15,0.0,2,1,24.0,night_mode
3.0,2.0,3.0,10.0,0.5,0.5,0.5,0.5,0.0,15.0,3.0,6.026923076923077,0.18,1.0,0,1,16.5,night_mode
4.0,3.0,2.0,10.0,0.5,0.5,0.5,0.5,1.0,18.0,1.0,6.028097062579821,0.19,1.0,0,1,20.8,night_mode
5.0,4.0,0.0,7.0,0.5,0.5,0.5,0.5,2.0,19.0,-3.0,6.025445292620865,0.16,1.0,0,1,23.1,night_mode
6.0,5.0,0.0,7.0,0.5,0.5,0.5,0.5,3.0,16.0,2.0,6.017721518987342,0.18,1.0,1,1,27.9,night_mode
6.0,5.0,0.0,6.0,0.5,0.5,0.5,0.5,0.0,18.0,-1.0,6.0316055625790135,0.17,1.0,0,1,25.0,night_mode
7.0,5.0,1.0,7.0,0.5,0.5,0.5,0.5,0.0,17.0,3.0,6.034005037783375,0.2,1.0,0,1,28.0,night_mode
7.0,5.0,2.0,8.0,0.5,0.5,0.5,0.5,0.0,20.0,2.0,6.046482412060302,0.22,1.0,1,1,29.0,night_mode
8.0,6.0,2.0,8.0,0.5,0.5,0.5,0.5,0.0,22.0,2.0,6.06140350877193,0.24,0.0,0,1,27.0,night_mode
6.0,5.0,2.0,8.0,0.5,0.5,0.5,0.5,1.0,24.0,-3.0,6.0725,0.21,0.0,0,1,26.3,night_mode
5.0,2.0,2.0,8.0,0.5,0.5,0.5,0.5,2.0,21.0,-4.0,6.09375,0.17,0.0,0,1,25.1,night_mode
4.0,0.0,2.0,9.0,0.5,0.5,0.5,0.5,3.0,17.0,-2.0,6.104868913857678,0.15,0.0,2,1,26.4,night_mode
1.0,0.0,3.0,10.0,0.5,0.5,0.5,0.5,0.0,15.0,-1.0,6.099502487562189,0.14,0.0,0,1,26.5,night_mode
2.0,1.0,3.0,10.0,0.5,0.5,0.5,0.5,0.0,14.0,2.0,6.104218362282879,0.16,0.0,0,1,27.5,night_mode
3.0,2.0,4.0,11.0,0.5,0.5,0.5,0.5,0.0,16.0,4.0,6.098765432098766,0.2,0.0,2,1,32.5,night_mode
3.0,2.0,5.0,11.0,0.5,0.5,0.5,0.5,0.0,20.0,1.0,6.117139334155364,0.21,1.0,0,1,18.0,night_mode
4.0,2.0,3.0,10.0,0.5,0.5,0.5,0.5,1.0,21.0,-2.0,6.1330049261083746,0.19,1.0,0,1,19.3,night_mode
5.0,3.0,1.0,7.0,0.5,0.5,0.5,0.5,2.0,19.0,-3.0,6.130061349693252,0.16,1.0,0,1,21.6,night_mode
6.0,3.0,0.0,4.0,0.5,0.5,0.5,0.5,3.0,16.0,-3.0,6.130966952264382,0.13,1.0,1,1,22.4,night_mode
7.0,3.0,0.0,3.0,0.5,0.5,0.5,0.5,0.0,13.0,0.0,6.139364303178484,0.13,1.0,0,1,21.5,night_mode
8.0,3.0,0.0,4.0,0.5,0.5,0.5,0.5,0.0,13.0,2.0,6.142682926829268,0.15,1.0,0,1,24.0,night_mode
9.0,3.0,1.0,4.0,0.5,0.5,0.5,0.5,0.0,15.0,2.0,6.148418491484185,0.17,1.0,1,1,26.5,night_mode
10.0,4.0,1.0,4.0,0.5,0.5,0.5,0.5,0.0,17.0,2.0,6.156553398058253,0.19,0.0,0,1,17.0,night_mode
9.0,2.0,1.0,5.0,0.5,0.5,0.5,0.5,1.0,19.0,-2.0,6.16969696969697,0.17,0.0,0,1,18.3,night_mode
6.0,0.0,1.0,6.0,0.5,0.5,0.5,0.5,2.0,17.0,-4.0,6.177966101694915,0.13,0.0,0,1,18.6,night_mode
4.0,0.0,2.0,7.0,0.5,0.5,0.5,0.5,3.0,13.0,0.0,6.171290711700844,0.13,0.0,2,1,22.4,night_mode
1.0,0.0,2.0,8.0,0.5,0.5,0.5,0.5,0.0,13.0,-2.0,6.169675090252707,0.11,0.0,0,0,20.5,night_mode
2.0,1.0,3.0,9.0,0.5,0.5,0.5,0.5,0.0,11.0,4.0,6.158083832335329,0.15,0.0,0,1,25.5,night_mode
3.0,1.0,3.0,9.0,0.5,0.5,0.5,0.5,0.0,15.0,1.0,6.169856459330144,0.16,0.0,2,1,26.0,night_mode
4.0,2.0,4.0,10.0,0.5,0.5,0.5,0.5,0.0,16.0,4.0,6.164285714285715,0.2,1.0,0,1,19.0,night_mode
4.0,3.0,2.0,8.0,0.5,0.5,0.5,0.5,1.0,20.0,-3.0,6.1771700356718195,0.17,1.0,0,1,19.8,night_mode
4.0,4.0,1.0,6.0,0.5,0.5,0.5,0.5,2.0,17.0,-2.0,6.180308422301305,0.15,1.0,0,1,21.1,night_mode
5.0,4.0,0.0,4.0,0.5,0.5,0.5,0.5,3.0,15.0,-2.0,6.181065088757396,0.13,1.0,1,1,22.4,night_mode
5.0,5.0,0.0,2.0,0.5,0.5,0.5,0.5,0.0,13.0,-1.0,6.180637544273908,0.12,1.0,0,1,21.0,night_mode
6.0,6.0,1.0,3.0,0.5,0.5,0.5,0.5,0.0,12.0,4.0,6.170387779083431,0.16,1.0,0,1,26.0,night_mode
7.0,7.0,2.0,3.0,0.5,0.5,0.5,0.5,0.0,16.0,3.0,6.17096018735363,0.19,1.0,1,1,30.5,night_mode
8.0,8.0,2.0,4.0,0.5,0.5,0.5,0.5,0.0,19.0,3.0,6.175029171528588,0.22,0.0,0,1,20.0,night_mode
7.0,6.0,3.0,5.0,0.5,0.5,0.5,0.5,1.0,22.0,-1.0,6.177906976744186,0.21,0.0,0,1,23.3,night_mode
6.0,3.0,3.0,6.0,0.5,0.5,0.5,0.5,2.0,21.0,-3.0,6.191637630662021,0.18,0.0,0,1,24.1,night_mode
3.0,1.0,4.0,6.0,0.5,0.5,0.5,0.5,3.0,18.0,-4.0,6.200696055684455,0.14,0.0,2,1,24.4,night_mode
2.0,0.0,4.0,6.0,0.5,0.5,0.5,0.5,0.0,14.0,-2.0,6.207415990730012,0.12,0.0,0,1,21.0,night_mode
2.0,0.0,5.0,6.0,0.5,0.5,0.5,0.5,0.0,12.0,1.0,6.215277777777778,0.13,0.0,0,1,23.0,night_mode
3.0,0.0,6.0,7.0,0.5,0.5,0.5,0.5,0.0,13.0,3.0,6.2122260668973475,0.16,0.0,2,1,27.5,night_mode
4.0,0.0,6.0,7.0,0.5,0.5,0.5,0.5,0.0,16.0,1.0,6.224654377880184,0.17,1.0,0,1,14.5,night_mode
4.0,0.0,4.0,7.0,0.5,0.5,0.5,0.5,1.0,17.0,-2.0,6.234752589182969,0.15,1.0,0,1,14.3,night_mode
4.0,1.0,4.0,4.0,0.5,0.5,0.5,0.5,2.0,15.0,-2.0,6.2353616532721015,0.13,1.0,0,1,15.6,night_mode
4.0,1.0,3.0,1.0,0.5,0.5,0.5,0.5,3.0,13.0,-4.0,6.238532110091743,0.09,1.0,0,0,14.4,night_mode
5.0,1.0,3.0,0.0,0.5,0.5,0.5,0.5,4.0,9.0,0.0,6.2345537757437075,0.09,1.0,1,0,16.7,night_mode
6.0,1.0,2.0,0.0,0.5,0.5,0.5,0.5,0.0,9.0,0.0,6.2377142857142855,0.09,1.0,0,0,15.0,night_mode
7.0,1.0,3.0,1.0,0.5,0.5,0.5,0.5,0.0,9.0,3.0,6.230068337129841,0.12,1.0,0,1,18.0,night_mode
8.0,1.0,4.0,2.0,0.5,0.5,0.5,0.5,0.0,12.0,3.0,6.225879682179341,0.15,1.0,1,1,21.0,night_mode
9.0,1.0,4.0,3.0,0.5,0.5,0.5,0.5,0.0,15.0,2.0,6.231030577576444,0.17,0.0,0,1,19.0,night_mode
9.0,1.0,5.0,4.0,0.5,0.5,0.5,0.5,1.0,17.0,2.0,6.22435174746336,0.19,0.0,0,1,23.8,night_mode
7.0,0.0,6.0,5.0,0.5,0.5,0.5,0.5,2.0,19.0,-1.0,6.2166105499438835,0.18,0.0,0,1,27.1,night_mode
4.0,0.0,6.0,6.0,0.5,0.5,0.5,0.5,3.0,18.0,-2.0,6.2206047032474805,0.16,0.0,2,1,28.4,night_mode
2.0,0.0,7.0,6.0,0.5,0.5,0.5,0.5,0.0,16.0,-1.0,6.223463687150838,0.15,0.0,0,1,27.0,night_mode
3.0,0.0,8.0,7.0,0.5,0.5,0.5,0.5,0.0,15.0,3.0,6.22271714922049,0.18,0.0,0,1,31.5,night_mode
4.0,0.0,9.0,8.0,0.5,0.5,0.5,0.5,0.0,18.0,3.0,6.225305216426193,0.21,0.0,2,1,36.0,night_mode
4.0,0.0,9.0,8.0,0.5,0.5,0.5,0.5,0.0,21.0,0.0,6.248612652608213,0.21,1.0,0,1,16.5,night_mode
4.0,1.0,8.0,6.0,0.5,0.5,0.5,0.5,1.0,21.0,-2.0,6.262749445676275,0.19,1.0,0,1,17.8,night_mode
5.0,1.0,6.0,5.0,0.5,0.5,0.5,0.5,2.0,19.0,-2.0,6.267699115044247,0.17,1.0,0,1,19.1,night_mode
6.0,2.0,4.0,2.0,0.5,0.5,0.5,0.5,3.0,17.0,-3.0,6.269315673289183,0.14,1.0,0,1,21.4,night_mode
7.0,2.0,2.0,0.0,0.5,0.5,0.5,0.5,4.0,14.0,-3.0,6.2676211453744495,0.11,1.0,1,0,22.2,night_mode
8.0,3.0,0.0,0.0,0.5,0.5,0.5,0.5,0.0,11.0,0.0,6.259055982436882,0.11,1.0,0,0,22.0,night_mode
9.0,3.0,0.0,1.0,0.5,0.5,0.5,0.5,0.0,11.0,2.0,6.259583789704272,0.13,1.0,0,1,24.5,night_mode
9.0,4.0,0.0,1.0,0.5,0.5,0.5,0.5,0.0,13.0,1.0,6.2680525164113785,0.14,1.0,1,1,26.5,night_mode
9.0,4.0,0.0,1.0,0.5,0.5,0.5,0.5,0.0,14.0,0.0,6.283369803063457,0.14,0.0,0,1,8.5,night_mode
8.0,3.0,0.0,2.0,0.5,0.5,0.5,0.5,1.0,14.0,-1.0,6.283842794759825,0.13,0.0,0,1,10.3,night_mode
8.0,1.0,1.0,3.0,0.5,0.5,0.5,0.5,2.0,13.0,0.0,6.277475516866159,0.13,0.0,0,1,14.1,night_mode
5.0,0.0,2.0,4.0,0.5,0.5,0.5,0.5,3.0,13.0,-2.0,6.268980477223427,0.11,0.0,0,0,16.9,night_mode
3.0,0.0,2.0,5.0,0.5,0.5,0.5,0.5,4.0,11.0,-1.0,6.266233766233766,0.1,0.0,2,0,18.7,night_mode
1.0,0.0,3.0,6.0,0.5,0.5,0.5,0.5,0.0,10.0,0.0,6.256742179072276,0.1,0.0,0,0,18.5,night_mode
2.0,0.0,3.0,7.0,0.5,0.5,0.5,0.5,0.0,10.0,2.0,6.256189451022605,0.12,0.0,0,1,21.0,night_mode
2.0,1.0,4.0,7.0,0.5,0.5,0.5,0.5,0.0,12.0,2.0,6.257787325456499,0.14,0.0,2,1,23.5,night_mode
2.0,2.0,4.0,7.0,0.5,0.5,0.5,0.5,0.0,14.0,1.0,6.267167381974249,0.15,1.0,0,1,13.5,night_mode
3.0,2.0,1.0,5.0,0.5,0.5,0.5,0.5,1.0,15.0,-4.0,6.272240085744909,0.11,1.0,0,0,13.8,night_mode
4.0,2.0,0.0,5.0,0.5,0.5,0.5,0.5,2.0,11.0,0.0,6.270588235294118,0.11,1.0,0,0,16.1,night_mode
4.0,3.0,0.0,5.0,0.5,0.5,0.5,0.5,3.0,11.0,1.0,6.270010672358591,0.12,1.0,0,1,18.9,night_mode
4.0,4.0,0.0,3.0,0.5,0.5,0.5,0.5,4.0,12.0,-1.0,6.261702127659574,0.11,1.0,1,0,20.7,night_mode
5.0,5.0,0.0,1.0,0.5,0.5,0.5,0.5,0.0,11.0,0.0,6.246822033898305,0.11,1.0,0,0,20.5,night_mode
5.0,5.0,0.0,1.0,0.5,0.5,0.5,0.5,0.0,11.0,0.0,6.258474576271187,0.11,1.0,0,0,20.5,night_mode
5.0,6.0,0.0,2.0,0.5,0.5,0.5,0.5,0.0,11.0,2.0,6.258985200845666,0.13,1.0,1,1,23.0,night_mode
5.0,6.0,1.0,3.0,0.5,0.5,0.5,0.5,0.0,13.0,2.0,6.261603375527426,0.15,0.0,0,1,13.5,night_mode
5.0,6.0,1.0,3.0,0.5,0.5,0.5,0.5,1.0,15.0,0.0,6.2642105263157895,0.15,0.0,0,1,14.3,night_mode
4.0,4.0,1.0,3.0,0.5,0.5,0.5,0.5,2.0,15.0,-3.0,6.276842105263158,0.12,0.0,0,1,13.6,night_mode
3.0,2.0,1.0,3.0,0.5,0.5,0.5,0.5,3.0,12.0,-3.0,6.279705573080967,0.09,0.0,0,0,12.9,night_mode
2.0,0.0,2.0,4.0,0.5,0.5,0.5,0.5,4.0,9.0,-1.0,6.261780104712042,0.08,0.0,2,0,16.2,night_mode
0.0,0.0,3.0,5.0,0.5,0.5,0.5,0.5,0.0,8.0,0.0,6.25705329153605,0.08,0.0,0,0,16.0,night_mode
1.0,1.0,4.0,6.0,0.5,0.5,0.5,0.5,0.0,8.0,4.0,6.243496357960458,0.12,0.0,0,1,21.0,night_mode
1.0,1.0,4.0,7.0,0.5,0.5,0.5,0.5,0.0,12.0,1.0,6.250519750519751,0.13,0.0,2,1,23.0,night_mode
1.0,2.0,5.0,8.0,0.5,0.5,0.5,0.5,0.0,13.0,3.0,6.247668393782384,0.16,1.0,0,1,12.5,night_mode
2.0,2.0,5.0,8.0,0.5,0.5,0.5,0.5,1.0,16.0,1.0,6.2458677685950414,0.17,1.0,0,1,15.3,night_mode
3.0,3.0,5.0,6.0,0.5,0.5,0.5,0.5,2.0,17.0,0.0,6.237654320987654,0.17,1.0,0,1,19.1,night_mode
3.0,4.0,3.0,5.0,0.5,0.5,0.5,0.5,3.0,17.0,-2.0,6.240246406570842,0.15,1.0,0,1,20.4,night_mode
3.0,5.0,3.0,2.0,0.5,0.5,0.5,0.5,4.0,15.0,-2.0,6.24077868852459,0.13,1.0,1,1,21.7,night_mode
4.0,6.0,1.0,0.0,0.5,0.5,0.5,0.5,0.0,13.0,-2.0,6.232890704800817,0.11,1.0,0,0,20.5,night_mode
4.0,7.0,1.0,1.0,0.5,0.5,0.5,0.5,0.0,11.0,2.0,6.233435270132518,0.13,1.0,0,1,23.0,night_mode
5.0,8.0,1.0,2.0,0.5,0.5,0.5,0.5,0.0,13.0,3.0,6.230691056910569,0.16,1.0,1,1,27.5,night_mode
6.0,8.0,1.0,3.0,0.5,0.5,0.5,0.5,0.0,16.0,2.0,6.23630831643002,0.18,0.0,0,1,15.0,night_mode
4.0,6.0,1.0,4.0,0.5,0.5,0.5,0.5,1.0,18.0,-3.0,6.232558139534884,0.15,0.0,0,1,15.8,night_mode
1.0,3.0,2.0,4.0,0.5,0.5,0.5,0.5,2.0,15.0,-5.0,6.236363636363636,0.1,0.0,0,0,15.6,night_mode
0.0,2.0,2.0,4.0,0.5,0.5,0.5,0.5,3.0,10.0,-2.0,6.2444444444444445,0.08,0.0,2,0,15.4,night_mode
0.0,0.0,2.0,5.0,0.5,0.5,0.5,0.5,0.0,8.0,-1.0,6.238911290322581,0.07,0.0,0,0,14.0,night_mode
1.0,0.0,2.0,6.0,0.5,0.5,0.5,0.5,0.0,7.0,2.0,6.2354124748490944,0.09,0.0,0,0,16.5,night_mode
2.0,0.0,3.0,6.0,0.5,0.5,0.5,0.5,0.0,9.0,2.0,6.233935742971887,0.11,0.0,2,0,19.0,night_mode
3.0,1.0,3.0,6.0,0.5,0.5,0.5,0.5,0.0,11.0,2.0,6.234468937875752,0.13,1.0,0,1,12.5,night_mode
3.0,1.0,3.0,4.0,0.5,0.5,0.5,0.5,1.0,13.0,-2.0,6.2392392392392395,0.11,1.0,0,0,12.3,night_mode
3.0,2.0,2.0,2.0,0.5,0.5,0.5,0.5,2.0,11.0,-2.0,6.235764235764235,0.09,1.0,0,0,13.6,night_mode
3.0,3.0,2.0,1.0,0.5,0.5,0.5,0.5,3.0,9.0,0.0,6.2260956175298805,0.09,1.0,1,0,15.9,night_mode
4.0,3.0,2.0,0.0,0.5,0.5,0.5,0.5,0.0,9.0,0.0,6.222664015904573,0.09,1.0,0,0,15.0,night_mode
4.0,3.0,2.0,1.0,0.5,0.5,0.5,0.5,0.0,9.0,1.0,6.226415094339623,0.1,1.0,0,0,15.5,night_mode
4.0,3.0,2.0,1.0,0.5,0.5,0.5,0.5,0.0,10.0,0.0,6.236345580933466,0.1,1.0,1,0,15.5,night_mode
5.0,4.0,2.0,1.0,0.5,0.5,0.5,0.5,0.0,10.0,2.0,6.2358771060455895,0.12,0.0,0,1,10.5,night_mode
5.0,2.0,2.0,2.0,0.5,0.5,0.5,0.5,1.0,12.0,-1.0,6.234421364985163,0.11,0.0,0,0,12.3,night_mode
3.0,0.0,3.0,2.0,0.5,0.5,0.5,0.5,2.0,11.0,-3.0,6.230009871668312,0.08,0.0,0,0,13.1,night_mode
3.0,0.0,3.0,3.0,0.5,0.5,0.5,0.5,3.0,8.0,1.0,6.226600985221675,0.09,0.0,2,0,15.9,night_mode
3.0,0.0,4.0,4.0,0.5,0.5,0.5,0.5,0.0,9.0,2.0,6.212953876349362,0.11,0.0,0,0,17.5,night_mode
4.0,1.0,5.0,5.0,0.5,0.5,0.5,0.5,0.0,11.0,4.0,6.203323558162268,0.15,0.0,0,1,22.5,night_mode
4.0,1.0,6.0,5.0,0.5,0.5,0.5,0.5,0.0,15.0,1.0,6.212890625,0.16,0.0,2,1,24.5,night_mode
4.0,2.0,7.0,6.0,0.5,0.5,0.5,0.5,0.0,16.0,3.0,6.213242453748783,0.19,1.0,0,1,18.5,night_mode
4.0,3.0,5.0,5.0,0.5,0.5,0.5,0.5,1.0,19.0,-2.0,6.217687074829932,0.17,1.0,0,1,19.8,night_mode
5.0,3.0,5.0,5.0,0.5,0.5,0.5,0.5,2.0,17.0,1.0,6.217054263565892,0.18,1.0,0,1,22.6,night_mode
5.0,4.0,2.0,4.0,0.5,0.5,0.5,0.5,3.0,18.0,-3.0,6.21953578336557,0.15,1.0,1,1,23.4,night_mode
6.0,5.0,0.0,4.0,0.5,0.5,0.5,0.5,0.0,15.0,0.0,6.2160077145612345,0.15,1.0,0,1,24.0,night_mode
7.0,5.0,0.0,5.0,0.5,0.5,0.5,0.5,0.0,15.0,2.0,6.220404234841194,0.17,1.0,0,1,26.5,night_mode
8.0,6.0,1.0,5.0,0.5,0.5,0.5,0.5,0.0,17.0,3.0,6.221689059500959,0.2,1.0,1,1,31.0,night_mode
8.0,7.0,2.0,5.0,0.5,0.5,0.5,0.5,0.0,20.0,2.0,6.230842911877395,0.22,0.0,0,1,21.5,night_mode
6.0,5.0,2.0,6.0,0.5,0.5,0.5,0.5,1.0,22.0,-3.0,6.237093690248566,0.19,0.0,0,1,22.3,night_mode
5.0,3.0,3.0,6.0,0.5,0.5,0.5,0.5,2.0,19.0,-2.0,6.235462345090562,0.17,0.0,0,1,23.6,night_mode
4.0,3.0,4.0,7.0,0.5,0.5,0.5,0.5,3.0,17.0,1.0,6.228869895536562,0.18,0.0,2,1,27.9,night_mode
2.0,0.0,5.0,8.0,0.5,0.5,0.5,0.5,0.0,18.0,-3.0,6.231279620853081,0.15,0.0,0,1,27.0,night_mode
3.0,0.0,5.0,8.0,0.5,0.5,0.5,0.5,0.0,15.0,1.0,6.240530303030303,0.16,0.0,0,1,27.5,night_mode
4.0,0.0,5.0,8.0,0.5,0.5,0.5,0.5,0.0,16.0,1.0,6.250709555345317,0.17,0.0,2,1,28.0,night_mode
5.0,0.0,5.0,9.0,0.5,0.5,0.5,0.5,0.0,17.0,2.0,6.256846081208687,0.19,1.0,0,1,17.0,night_mode
5.0,1.0,5.0,8.0,0.5,0.5,0.5,0.5,1.0,19.0,0.0,6.257062146892656,0.19,1.0,0,1,19.3,night_mode
5.0,1.0,3.0,6.0,0.5,0.5,0.5,0.5,2.0,19.0,-4.0,6.271186440677966,0.15,1.0,0,1,18.1,night_mode
5.0,1.0,1.0,5.0,0.5,0.5,0.5,0.5,3.0,15.0,-3.0,6.2824858757062145,0.12,1.0,0,1,17.4,night_mode
5.0,1.0,0.0,4.0,0.5,0.5,0.5,0.5,4.0,12.0,-2.0,6.285983066792098,0.1,1.0,0,0,17.2,night_mode
6.0,1.0,0.0,4.0,0.5,0.5,0.5,0.5,5.0,10.0,1.0,6.278611632270169,0.11,1.0,1,0,20.0,night_mode
7.0,2.0,0.0,2.0,0.5,0.5,0.5,0.5,0.0,11.0,0.0,6.2712815715622074,0.11,1.0,0,0,19.0,night_mode
7.0,3.0,0.0,3.0,0.5,0.5,0.5,0.5,0.0,11.0,2.0,6.271708683473389,0.13,1.0,0,1,21.5,night_mode
8.0,4.0,1.0,4.0,0.5,0.5,0.5,0.5,0.0,13.0,4.0,6.264186046511628,0.17,1.0,1,1,26.5,night_mode
8.0,5.0,2.0,4.0,0.5,0.5,0.5,0.5,0.0,17.0,2.0,6.270194986072424,0.19,0.0,0,1,18.5,night_mode
6.0,3.0,2.0,5.0,0.5,0.5,0.5,0.5,1.0,19.0,-3.0,6.279220779220779,0.16,0.0,0,1,19.3,night_mode
5.0,2.0,2.0,5.0,0.5,0.5,0.5,0.5,2.0,16.0,-2.0,6.286376274328082,0.14,0.0,0,1,19.1,night_mode
3.0,1.0,2.0,6.0,0.5,0.5,0.5,0.5,3.0,14.0,-2.0,6.291666666666667,0.12,0.0,2,1,20.4,night_mode
3.0,0.0,2.0,7.0,0.5,0.5,0.5,0.5,0.0,12.0,0.0,6.285318559556787,0.12,0.0,0,1,19.5,night_mode
4.0,1.0,3.0,7.0,0.5,0.5,0.5,0.5,0.0,12.0,3.0,6.281767955801105,0.15,0.0,0,1,22.5,night_mode
5.0,2.0,3.0,7.0,0.5,0.5,0.5,0.5,0.0,15.0,2.0,6.285845588235294,0.17,0.0,2,1,23.5,night_mode
6.0,2.0,4.0,7.0,0.5,0.5,0.5,0.5,0.0,17.0,2.0,6.291743119266055,0.19,1.0,0,1,21.5,night_mode
7.0,2.0,4.0,5.0,0.5,0.5,0.5,0.5,1.0,19.0,-1.0,6.2967032967032965,0.18,1.0,0,1,23.3,night_mode
7.0,3.0,3.0,2.0,0.5,0.5,0.5,0.5,2.0,18.0,-3.0,6.298903107861061,0.15,1.0,0,1,24.1,night_mode
8.0,4.0,1.0,1.0,0.5,0.5,0.5,0.5,3.0,15.0,-1.0,6.294439380127621,0.14,1.0,1,1,27.4,night_mode
8.0,5.0,0.0,0.0,0.5,0.5,0.5,0.5,0.0,14.0,-1.0,6.289090909090909,0.13,1.0,0,1,26.0,night_mode
9.0,5.0,0.0,1.0,0.5,0.5,0.5,0.5,0.0,13.0,2.0,6.291288566243194,0.15,1.0,0,1,28.5,night_mode
10.0,5.0,0.0,1.0,0.5,0.5,0.5,0.5,0.0,15.0,1.0,6.300090661831369,0.16,1.0,1,1,30.5,night_mode
11.0,6.0,0.0,2.0,0.5,0.5,0.5,0.5,0.0,16.0,3.0,6.300180831826402,0.19,0.0,0,1,12.5,night_mode
11.0,5.0,1.0,3.0,0.5,0.5,0.5,0.5,1.0,19.0,1.0,6.30117222723174,0.2,0.0,0,1,16.8,night_mode
9.0,3.0,2.0,3.0,0.5,0.5,0.5,0.5,2.0,20.0,-3.0,6.299460431654676,0.17,0.0,0,1,17.6,night_mode
7.0,2.0,3.0,4.0,0.5,0.5,0.5,0.5,3.0,17.0,-1.0,6.291218637992832,0.16,0.0,2,1,20.9,night_mode
5.0,1.0,3.0,5.0,0.5,0.5,0.5,0.5,0.0,16.0,-2.0,6.292486583184258,0.14,0.0,0,1,19.0,night_mode
5.0,2.0,4.0,6.0,0.5,0.5,0.5,0.5,0.0,14.0,3.0,6.290811775200714,0.17,0.0,0,1,23.5,night_mode
5.0,2.0,5.0,6.0,0.5,0.5,0.5,0.5,0.0,17.0,1.0,6.301247771836007,0.18,0.0,2,1,25.5,night_mode
6.0,2.0,5.0,6.0,0.5,0.5,0.5,0.5,0.0,18.0,1.0,6.312555654496883,0.19,1.0,0,1,21.5,night_mode
6.0,2.0,3.0,5.0,0.5,0.5,0.5,0.5,1.0,19.0,-3.0,6.3211743772241995,0.16,1.0,0,1,20.8,night_mode
7.0,3.0,2.0,5.0,0.5,0.5,0.5,0.5,2.0,16.0,1.0,6.319432120674357,0.17,1.0,0,1,25.1,night_mode
8.0,4.0,0.0,2.0,0.5,0.5,0.5,0.5,3.0,17.0,-3.0,6.320637732506643,0.14,1.0,1,1,27.4,night_mode
8.0,5.0,0.0,0.0,0.5,0.5,0.5,0.5,0.0,14.0,-1.0,6.320954907161804,0.13,1.0,0,1,26.0,night_mode
9.0,6.0,1.0,0.0,0.5,0.5,0.5,0.5,0.0,13.0,3.0,6.318342151675485,0.16,1.0,0,1,30.5,night_mode
9.0,7.0,1.0,1.0,0.5,0.5,0.5,0.5,0.0,16.0,2.0,6.32306338028169,0.18,1.0,1,1,33.0,night_mode
9.0,7.0,2.0,2.0,0.5,0.5,0.5,0.5,0.0,18.0,2.0,6.329525483304042,0.2,0.0,0,1,16.0,night_mode
8.0,5.0,3.0,3.0,0.5,0.5,0.5,0.5,1.0,20.0,-1.0,6.3350877192982455,0.19,0.0,0,1,19.3,night_mode
6.0,3.0,4.0,3.0,0.5,0.5,0.5,0.5,2.0,19.0,-3.0,6.33800350262697,0.16,0.0,0,1,20.1,night_mode
4.0,3.0,5.0,3.0,0.5,0.5,0.5,0.5,3.0,16.0,-1.0,6.340034965034965,0.15,0.0,2,1,21.9,night_mode
2.0,2.0,5.0,4.0,0.5,0.5,0.5,0.5,0.0,15.0,-2.0,6.340314136125654,0.13,0.0,0,1,20.0,night_mode
3.0,2.0,5.0,4.0,0.5,0.5,0.5,0.5,0.0,13.0,1.0,6.346992153443766,0.14,0.0,0,1,20.5,night_mode
3.0,3.0,5.0,4.0,0.5,0.5,0.5,0.5,0.0,14.0,1.0,6.354529616724738,0.15,0.0,2,1,21.0,night_mode
4.0,4.0,6.0,5.0,0.5,0.5,0.5,0.5,0.0,15.0,4.0,6.348958333333333,0.19,1.0,0,1,21.5,night_mode
5.0,5.0,4.0,4.0,0.5,0.5,0.5,0.5,1.0,19.0,-1.0,6.348051948051948,0.18,1.0,0,1,24.8,night_mode
6.0,6.0,1.0,3.0,0.5,0.5,0.5,0.5,2.0,18.0,-2.0,6.3454231433506045,0.16,1.0,0,1,27.6,night_mode
6.0,6.0,0.0,3.0,0.5,0.5,0.5,0.5,3.0,16.0,-1.0,6.347413793103448,0.15,1.0,1,1,27.9,night_mode
6.0,7.0,0.0,0.0,0.5,0.5,0.5,0.5,0.0,15.0,-2.0,6.347676419965577,0.13,1.0,0,1,26.0,night_mode
7.0,8.0,1.0,1.0,0.5,0.5,0.5,0.5,0.0,13.0,4.0,6.340480274442538,0.17,1.0,0,1,31.0,night_mode
8.0,9.0,1.0,1.0,0.5,0.5,0.5,0.5,0.0,17.0,2.0,6.345890410958904,0.19,1.0,1,1,35.0,night_mode
8.0,10.0,2.0,2.0,0.5,0.5,0.5,0.5,0.0,19.0,3.0,6.348420153714773,0.22,0.0,0,1,17.0,night_mode
6.0,8.0,3.0,2.0,0.5,0.5,0.5,0.5,1.0,22.0,-3.0,6.353793691389599,0.19,0.0,0,1,17.8,night_mode
4.0,8.0,3.0,2.0,0.5,0.5,0.5,0.5,2.0,19.0,-2.0,6.362862010221465,0.17,0.0,0,1,17.6,night_mode
3.0,5.0,4.0,2.0,0.5,0.5,0.5,0.5,3.0,17.0,-3.0,6.36936170212766,0.14,0.0,0,1,18.4,night_mode
2.0,3.0,5.0,2.0,0.5,0.5,0.5,0.5,4.0,14.0,-2.0,6.363327674023769,0.12,0.0,0,1,19.7,night_mode
0.0,1.0,6.0,2.0,0.5,0.5,0.5,0.5,5.0,12.0,-3.0,6.354784081287045,0.09,0.0,2,0,20.5,night_mode
0.0,0.0,6.0,3.0,0.5,0.5,0.5,0.5,0.0,9.0,0.0,6.346283783783784,0.09,0.0,0,0,18.0,night_mode
1.0,1.0,6.0,3.0,0.5,0.5,0.5,0.5,0.0,9.0,2.0,6.344856661045531,0.11,0.0,0,0,19.0,night_mode
2.0,2.0,6.0,4.0,0.5,0.5,0.5,0.5,0.0,11.0,3.0,6.340622371740959,0.14,0.0,2,1,22.0,night_mode
3.0,2.0,6.0,5.0,0.5,0.5,0.5,0.5,0.0,14.0,2.0,6.343408900083963,0.16,1.0,0,1,15.5,night_mode
4.0,3.0,4.0,4.0,0.5,0.5,0.5,0.5,1.0,16.0,-1.0,6.340033500837521,0.15,1.0,0,1,18.8,night_mode
4.0,3.0,3.0,3.0,0.5,0.5,0.5,0.5,2.0,15.0,-2.0,6.3456066945606695,0.13,1.0,0,1,18.6,night_mode
4.0,3.0,2.0,2.0,0.5,0.5,0.5,0.5,3.0,13.0,-2.0,6.349498327759197,0.11,1.0,1,0,18.4,night_mode
5.0,3.0,0.0,0.0,0.5,0.5,0.5,0.5,0.0,11.0,-3.0,6.345575959933222,0.08,1.0,0,0,16.0,night_mode
5.0,3.0,1.0,0.0,0.5,0.5,0.5,0.5,0.0,8.0,1.0,6.347789824854045,0.09,1.0,0,0,16.5,night_mode
6.0,3.0,2.0,0.0,0.5,0.5,0.5,0.5,0.0,9.0,2.0,6.3463780183180685,0.11,1.0,1,0,19.0,night_mode
6.0,3.0,3.0,1.0,0.5,0.5,0.5,0.5,0.0,11.0,2.0,6.346633416458853,0.13,0.0,0,1,12.5,night_mode
4.0,1.0,3.0,1.0,0.5,0.5,0.5,0.5,1.0,13.0,-4.0,6.348837209302325,0.09,0.0,0,0,11.3,night_mode
2.0,0.0,3.0,1.0,0.5,0.5,0.5,0.5,2.0,9.0,-3.0,6.348547717842323,0.06,0.0,0,0,10.6,night_mode
0.0,0.0,3.0,2.0,0.5,0.5,0.5,0.5,3.0,6.0,-1.0,6.34742951907131,0.05,0.0,2,0,12.4,night_mode
0.0,0.0,4.0,3.0,0.5,0.5,0.5,0.5,0.0,5.0,2.0,6.337468982630273,0.07,0.0,0,0,14.0,night_mode
0.0,0.0,5.0,4.0,0.5,0.5,0.5,0.5,0.0,7.0,2.0,6.334434351775392,0.09,0.0,0,0,18.0,night_mode
0.0,1.0,6.0,4.0,0.5,0.5,0.5,0.5,0.0,9.0,2.0,6.333058532563891,0.11,0.0,2,0,20.5,night_mode
1.0,2.0,7.0,5.0,0.5,0.5,0.5,0.5,0.0,11.0,4.0,6.324568611339359,0.15,1.0,0,1,12.0,night_mode
1.0,2.0,4.0,5.0,0.5,0.5,0.5,0.5,1.0,15.0,-3.0,6.329228243021347,0.12,1.0,0,1,11.3,night_mode
1.0,3.0,4.0,5.0,0.5,0.5,0.5,0.5,2.0,12.0,1.0,6.324324324324325,0.13,1.0,0,1,14.1,night_mode
2.0,3.0,3.0,2.0,0.5,0.5,0.5,0.5,3.0,13.0,-3.0,6.3221586263287,0.1,1.0,0,0,14.9,night_mode
2.0,4.0,2.0,0.0,0.5,0.5,0.5,0.5,4.0,10.0,-2.0,6.318367346938776,0.08,1.0,1,0,16.2,night_mode
3.0,5.0,0.0,0.0,0.5,0.5,0.5,0.5,0.0,8.0,0.0,6.304312449145647,0.08,1.0,0,0,16.0,night_mode
4.0,5.0,0.0,0.0,0.5,0.5,0.5,0.5,0.0,8.0,1.0,6.3065040650406505,0.09,1.0,0,0,18.0,night_mode
5.0,5.0,0.0,1.0,0.5,0.5,0.5,0.5,0.0,9.0,2.0,6.305194805194805,0.11,1.0,1,0,20.5,night_mode
6.0,6.0,1.0,1.0,0.5,0.5,0.5,0.5,0.0,11.0,3.0,6.301214574898785,0.14,0.0,0,1,10.0,night_mode
6.0,4.0,2.0,2.0,0.5,0.5,0.5,0.5,1.0,14.0,0.0,6.292171105730428,0.14,0.0,0,1,13.8,night_mode
4.0,1.0,3.0,3.0,0.5,0.5,0.5,0.5,2.0,14.0,-3.0,6.290894439967768,0.11,0.0,0,0,16.1,night_mode
3.0,0.0,3.0,4.0,0.5,0.5,0.5,0.5,3.0,11.0,-1.0,6.293880837359098,0.1,0.0,2,0,17.9,night_mode
1.0,0.0,4.0,5.0,0.5,0.5,0.5,0.5,0.0,10.0,0.0,6.286746987951807,0.1,0.0,0,0,18.5,night_mode
1.0,1.0,4.0,6.0,0.5,0.5,0.5,0.5,0.0,10.0,2.0,6.286287089013633,0.12,0.0,0,1,21.0,night_mode
2.0,2.0,5.0,6.0,0.5,0.5,0.5,0.5,0.0,12.0,3.0,6.2832,0.15,0.0,2,1,24.0,night_mode
3.0,2.0,6.0,7.0,0.5,0.5,0.5,0.5,0.0,15.0,3.0,6.2825219473264164,0.18,1.0,0,1,16.5,night_mode
3.0,2.0,5.0,6.0,0.5,0.5,0.5,0.5,1.0,18.0,-2.0,6.290271132376396,0.16,1.0,0,1,16.3,night_mode
3.0,2.0,3.0,5.0,0.5,0.5,0.5,0.5,2.0,16.0,-3.0,6.295617529880478,0.13,1.0,0,1,15.6,night_mode
4.0,3.0,1.0,2.0,0.5,0.5,0.5,0.5,3.0,13.0,-3.0,6.288553259141494,0.1,1.0,1,0,17.9,night_mode
4.0,3.0,0.0,0.0,0.5,0.5,0.5,0.5,0.0,10.0,-3.0,6.289118347895155,0.07,1.0,0,0,14.0,night_mode
4.0,4.0,0.0,1.0,0.5,0.5,0.5,0.5,0.0,7.0,2.0,6.2862807295796985,0.09,1.0,0,0,16.5,night_mode
4.0,4.0,1.0,1.0,0.5,0.5,0.5,0.5,0.0,9.0,1.0,6.289223454833597,0.1,1.0,1,0,17.0,night_mode
4.0,5.0,1.0,1.0,0.5,0.5,0.5,0.5,0.0,10.0,1.0,6.292953285827395,0.11,0.0,0,0,8.5,night_mode
1.0,4.0,1.0,1.0,0.5,0.5,0.5,0.5,1.0,11.0,-4.0,6.293512658227848,0.07,0.0,0,0,7.3,night_mode
1.0,1.0,1.0,1.0,0.5,0.5,0.5,0.5,2.0,7.0,-3.0,6.291699604743083,0.04,0.0,0,0,6.6,night_mode
1.0,0.0,1.0,1.0,0.5,0.5,0.5,0.5,3.0,4.0,-1.0,6.289099526066351,0.03,0.0,0,0,6.9,night_mode
0.0,0.0,1.0,1.0,0.5,0.5,0.5,0.5,4.0,3.0,-1.0,6.280757097791798,0.02,0.0,2,0,7.2,night_mode
0.0,0.0,2.0,1.0,0.5,0.5,0.5,0.5,0.0,2.0,1.0,6.278171788810087,0.03,0.0,0,0,6.0,night_mode
1.0,0.0,2.0,1.0,0.5,0.5,0.5,0.5,0.0,3.0,1.0,6.276377952755905,0.04,0.0,0,0,6.5,night_mode
2.0,1.0,2.0,2.0,0.5,0.5,0.5,0.5,0.0,4.0,3.0,6.267085624509034,0.07,0.0,2,0,9.5,night_mode
2.0,2.0,2.0,3.0,0.5,0.5,0.5,0.5,0.0,7.0,2.0,6.264313725490196,0.09,1.0,0,0,10.5,night_mode
2.0,3.0,1.0,1.0,0.5,0.5,0.5,0.5,1.0,9.0,-2.0,6.25508607198748,0.07,1.0,0,0,11.8,night_mode
2.0,4.0,0.0,0.0,0.5,0.5,0.5,0.5,2.0,7.0,-1.0,6.24512099921936,0.06,1.0,0,0,13.6,night_mode
3.0,4.0,0.0,0.0,0.5,0.5,0.5,0.5,3.0,6.0,1.0,6.235981308411215,0.07,1.0,1,0,16.4,night_mode
4.0,5.0,0.0,0.0,0.5,0.5,0.5,0.5,0.0,7.0,2.0,6.233281493001555,0.09,1.0,0,0,18.0,night_mode
5.0,6.0,1.0,0.0,0.5,0.5,0.5,0.5,0.0,9.0,3.0,6.228083785880528,0.12,1.0,0,1,22.5,night_mode
5.0,6.0,2.0,1.0,0.5,0.5,0.5,0.5,0.0,12.0,2.0,6.229279628195197,0.14,1.0,1,1,23.5,night_mode
5.0,7.0,3.0,1.0,0.5,0.5,0.5,0.5,0.0,14.0,2.0,6.232018561484919,0.16,0.0,0,1,14.0,night_mode
3.0,4.0,3.0,1.0,0.5,0.5,0.5,0.5,1.0,16.0,-5.0,6.240525908739365,0.11,0.0,0,0,12.3,night_mode
1.0,3.0,4.0,1.0,0.5,0.5,0.5,0.5,2.0,11.0,-2.0,6.2330246913580245,0.09,0.0,0,0,13.6,night_mode
0.0,1.0,5.0,1.0,0.5,0.5,0.5,0.5,3.0,9.0,-2.0,6.233616037008481,0.07,0.0,2,0,14.9,night_mode
0.0,0.0,5.0,2.0,0.5,0.5,0.5,0.5,0.0,7.0,0.0,6.234206471494607,0.07,0.0,0,0,14.0,night_mode
1.0,1.0,5.0,3.0,0.5,0.5,0.5,0.5,0.0,7.0,3.0,6.227517294388932,0.1,0.0,0,0,17.0,night_mode
2.0,2.0,6.0,3.0,0.5,0.5,0.5,0.5,0.0,10.0,3.0,6.223159509202454,0.13,0.0,2,1,20.0,night_mode
3.0,3.0,7.0,4.0,0.5,0.5,0.5,0.5,0.0,13.0,4.0,6.217125382262997,0.17,1.0,0,1,17.5,night_mode
4.0,4.0,6.0,4.0,0.5,0.5,0.5,0.5,1.0,17.0,1.0,6.211890243902439,0.18,1.0,0,1,21.8,night_mode
5.0,4.0,4.0,4.0,0.5,0.5,0.5,0.5,2.0,18.0,-1.0,6.2106463878327,0.17,1.0,0,1,23.6,night_mode
6.0,5.0,3.0,1.0,0.5,0.5,0.5,0.5,3.0,17.0,-2.0,6.212604403948368,0.15,1.0,1,1,26.4,night_mode
7.0,6.0,2.0,0.0,0.5,0.5,0.5,0.5,0.0,15.0,0.0,6.209848484848485,0.15,1.0,0,1,27.0,night_mode
8.0,7.0,2.0,0.0,0.5,0.5,0.5,0.5,0.0,15.0,2.0,6.213313161875946,0.17,1.0,0,1,31.0,night_mode
9.0,8.0,2.0,0.0,0.5,0.5,0.5,0.5,0.0,17.0,2.0,6.218277945619335,0.19,1.0,1,1,35.0,night_mode
9.0,8.0,3.0,1.0,0.5,0.5,0.5,0.5,0.0,19.0,2.0,6.22473604826546,0.21,0.0,0,1,16.5,night_mode
9.0,6.0,4.0,2.0,0.5,0.5,0.5,0.5,1.0,21.0,0.0,6.226486079759217,0.21,0.0,0,1,20.3,night_mode
7.0,4.0,4.0,2.0,0.5,0.5,0.5,0.5,2.0,21.0,-4.0,6.234586466165413,0.17,0.0,0,1,19.1,night_mode
7.0,3.0,5.0,3.0,0.5,0.5,0.5,0.5,3.0,17.0,1.0,6.229385307346327,0.18,0.0,2,1,23.4,night_mode
6.0,2.0,6.0,4.0,0.5,0.5,0.5,0.5,0.0,18.0,0.0,6.233532934131737,0.18,0.0,0,1,24.0,night_mode
7.0,2.0,6.0,5.0,0.5,0.5,0.5,0.5,0.0,18.0,2.0,6.2391629297458895,0.2,0.0,0,1,26.5,night_mode
7.0,3.0,7.0,6.0,0.5,0.5,0.5,0.5,0.0,20.0,3.0,6.242356450410142,0.23,0.0,2,1,31.0,night_mode
7.0,3.0,7.0,7.0,0.5,0.5,0.5,0.5,0.0,23.0,1.0,6.25558867362146,0.24,1.0,0,1,27.0,night_mode
8.0,4.0,5.0,5.0,0.5,0.5,0.5,0.5,1.0,24.0,-2.0,6.262648809523809,0.22,1.0,0,1,29.8,night_mode
8.0,5.0,5.0,3.0,0.5,0.5,0.5,0.5,2.0,22.0,-1.0,6.2642910170749815,0.21,1.0,0,1,31.6,night_mode
9.0,6.0,4.0,0.0,0.5,0.5,0.5,0.5,3.0,21.0,-2.0,6.269088213491475,0.19,1.0,1,1,34.4,night_mode
10.0,7.0,4.0,0.0,0.5,0.5,0.5,0.5,0.0,19.0,2.0,6.266075388026607,0.21,1.0,0,1,36.0,night_mode
10.0,8.0,4.0,1.0,0.5,0.5,0.5,0.5,0.0,21.0,2.0,6.27380073800738,0.23,1.0,0,1,38.5,night_mode
10.0,9.0,5.0,2.0,0.5,0.5,0.5,0.5,0.0,23.0,3.0,6.279086892488954,0.26,1.0,1,1,41.5,night_mode
11.0,9.0,5.0,2.0,0.5,0.5,0.5,0.5,0.0,26.0,1.0,6.294334069168507,0.27,0.0,0,1,24.0,night_mode
8.0,6.0,5.0,3.0,0.5,0.5,0.5,0.5,1.0,27.0,-5.0,6.305882352941176,0.22,0.0,0,1,23.8,night_mode
6.0,4.0,6.0,4.0,0.5,0.5,0.5,0.5,2.0,22.0,-2.0,6.311306901615271,0.2,0.0,0,1,26.6,night_mode
3.0,2.0,6.0,4.0,0.5,0.5,0.5,0.5,3.0,20.0,-5.0,6.317681584739545,0.15,0.0,2,1,24.9,night_mode
2.0,0.0,7.0,4.0,0.5,0.5,0.5,0.5,0.0,15.0,-2.0,6.313323572474378,0.13,0.0,0,1,23.0,night_mode
3.0,0.0,8.0,4.0,0.5,0.5,0.5,0.5,0.0,13.0,2.0,6.315058479532164,0.15,0.0,0,1,25.5,night_mode
3.0,0.0,9.0,5.0,0.5,0.5,0.5,0.5,0.0,15.0,2.0,6.3182481751824815,0.17,0.0,2,1,29.5,night_mode
3.0,1.0,9.0,6.0,0.5,0.5,0.5,0.5,0.0,17.0,2.0,6.322886297376093,0.19,1.0,0,1,15.5,night_mode
4.0,1.0,9.0,5.0,0.5,0.5,0.5,0.5,1.0,19.0,0.0,6.327510917030568,0.19,1.0,0,1,17.8,night_mode
4.0,2.0,8.0,2.0,0.5,0.5,0.5,0.5,2.0,19.0,-3.0,6.334545454545455,0.16,1.0,0,1,18.6,night_mode
4.0,2.0,7.0,0.0,0.5,0.5,0.5,0.5,3.0,16.0,-3.0,6.339389534883721,0.13,1.0,0,1,17.9,night_mode
4.0,2.0,6.0,0.0,0.5,0.5,0.5,0.5,4.0,13.0,-1.0,6.343500363108206,0.12,1.0,0,1,18.2,night_mode
5.0,2.0,5.0,0.0,0.5,0.5,0.5,0.5,5.0,12.0,0.0,6.343002175489485,0.12,1.0,0,1,20.5,night_mode
6.0,2.0,4.0,0.0,0.5,0.5,0.5,0.5,6.0,12.0,0.0,6.342505430847212,0.12,1.0,1,1,22.8,night_mode
6.0,3.0,2.0,0.0,0.5,0.5,0.5,0.5,0.0,12.0,-1.0,6.341287057122198,0.11,1.0,0,0,19.0,night_mode
6.0,3.0,3.0,0.0,0.5,0.5,0.5,0.5,0.0,11.0,1.0,6.345375722543353,0.12,1.0,0,1,19.5,night_mode
6.0,3.0,3.0,0.0,0.5,0.5,0.5,0.5,0.0,12.0,0.0,6.354046242774566,0.12,1.0,1,1,19.5,night_mode
6.0,3.0,4.0,1.0,0.5,0.5,0.5,0.5,0.0,12.0,2.0,6.354978354978355,0.14,0.0,0,1,14.5,night_mode
6.0,1.0,4.0,1.0,0.5,0.5,0.5,0.5,1.0,14.0,-2.0,6.354466858789626,0.12,0.0,0,1,14.3,night_mode
5.0,1.0,5.0,1.0,0.5,0.5,0.5,0.5,2.0,12.0,0.0,6.349388928828181,0.12,0.0,0,1,16.6,night_mode
4.0,0.0,6.0,2.0,0.5,0.5,0.5,0.5,3.0,12.0,0.0,6.344332855093257,0.12,0.0,2,1,20.4,night_mode
2.0,0.0,6.0,3.0,0.5,0.5,0.5,0.5,0.0,12.0,-1.0,6.338582677165355,0.11,0.0,0,0,19.0,night_mode
2.0,0.0,7.0,4.0,0.5,0.5,0.5,0.5,0.0,11.0,2.0,6.3388134381701216,0.13,0.0,0,1,23.0,night_mode
2.0,1.0,8.0,4.0,0.5,0.5,0.5,0.5,0.0,13.0,2.0,6.340471092077088,0.15,0.0,2,1,25.5,night_mode
2.0,1.0,8.0,4.0,0.5,0.5,0.5,0.5,0.0,15.0,0.0,6.3511777301927195,0.15,1.0,0,1,12.0,night_mode
2.0,1.0,7.0,4.0,0.5,0.5,0.5,0.5,1.0,15.0,-1.0,6.356633380884451,0.14,1.0,0,1,12.3,night_mode
2.0,2.0,7.0,3.0,0.5,0.5,0.5,0.5,2.0,14.0,0.0,6.353024911032028,0.14,1.0,0,1,14.6,night_mode
2.0,2.0,5.0,2.0,0.5,0.5,0.5,0.5,3.0,14.0,-3.0,6.36085409252669,0.11,1.0,0,0,13.9,night_mode
2.0,2.0,4.0,0.0,0.5,0.5,0.5,0.5,4.0,11.0,-3.0,6.362019914651493,0.08,1.0,0,0,13.2,night_mode
3.0,3.0,4.0,0.0,0.5,0.5,0.5,0.5,5.0,8.0,2.0,6.355571327182399,0.1,1.0,0,0,18.0,night_mode
3.0,4.0,2.0,0.0,0.5,0.5,0.5,0.5,6.0,10.0,-1.0,6.357446808510638,0.09,1.0,1,0,19.8,night_mode
4.0,4.0,1.0,0.0,0.5,0.5,0.5,0.5,0.0,9.0,0.0,6.359319631467045,0.09,1.0,0,0,16.5,night_mode
4.0,4.0,2.0,0.0,0.5,0.5,0.5,0.5,0.0,9.0,1.0,6.361898016997167,0.1,1.0,0,0,17.0,night_mode
4.0,5.0,3.0,1.0,0.5,0.5,0.5,0.5,0.0,10.0,3.0,6.357597173144876,0.13,1.0,1,1,20.0,night_mode
5.0,5.0,3.0,2.0,0.5,0.5,0.5,0.5,0.0,13.0,2.0,6.359209597741708,0.15,0.0,0,1,15.0,night_mode
4.0,3.0,4.0,2.0,0.5,0.5,0.5,0.5,1.0,15.0,-2.0,6.354929577464789,0.13,0.0,0,1,16.3,night_mode
2.0,0.0,5.0,3.0,0.5,0.5,0.5,0.5,2.0,13.0,-3.0,6.348559381588194,0.1,0.0,0,0,18.6,night_mode
1.0,0.0,5.0,3.0,0.5,0.5,0.5,0.5,3.0,10.0,-1.0,6.354884047786367,0.09,0.0,2,0,18.9,night_mode
0.0,0.0,6.0,4.0,0.5,0.5,0.5,0.5,0.0,9.0,1.0,6.352982456140351,0.1,0.0,0,0,20.0,night_mode
0.0,0.0,7.0,4.0,0.5,0.5,0.5,0.5,0.0,10.0,1.0,6.356241234221599,0.11,0.0,0,0,22.0,night_mode
1.0,1.0,8.0,5.0,0.5,0.5,0.5,0.5,0.0,11.0,4.0,6.348951048951049,0.15,0.0,2,1,27.0,night_mode
1.0,2.0,9.0,6.0,0.5,0.5,0.5,0.5,0.0,15.0,3.0,6.348220516399163,0.18,1.0,0,1,13.5,night_mode
1.0,2.0,9.0,5.0,0.5,0.5,0.5,0.5,1.0,18.0,-1.0,6.355648535564853,0.17,1.0,0,1,13.8,night_mode
1.0,2.0,8.0,3.0,0.5,0.5,0.5,0.5,2.0,17.0,-3.0,6.365411436541144,0.14,1.0,0,1,13.1,night_mode
2.0,2.0,7.0,3.0,0.5,0.5,0.5,0.5,3.0,14.0,0.0,6.361864996520529,0.14,1.0,0,1,15.4,night_mode
3.0,3.0,4.0,2.0,0.5,0.5,0.5,0.5,4.0,14.0,-2.0,6.356944444444444,0.12,1.0,0,1,18.2,night_mode
4.0,3.0,3.0,2.0,0.5,0.5,0.5,0.5,5.0,12.0,0.0,6.352044352044352,0.12,1.0,0,1,20.5,night_mode
5.0,4.0,1.0,2.0,0.5,0.5,0.5,0.5,6.0,12.0,0.0,6.342778161713891,0.12,1.0,1,1,24.3,night_mode
6.0,5.0,0.0,0.0,0.5,0.5,0.5,0.5,0.0,12.0,-1.0,6.337241379310345,0.11,1.0,0,0,22.0,night_mode
6.0,5.0,0.0,0.0,0.5,0.5,0.5,0.5,0.0,11.0,0.0,6.344827586206897,0.11,1.0,0,0,22.0,night_mode
7.0,5.0,0.0,1.0,0.5,0.5,0.5,0.5,0.0,11.0,2.0,6.345041322314049,0.13,1.0,1,1,24.5,night_mode
7.0,6.0,1.0,2.0,0.5,0.5,0.5,0.5,0.0,13.0,3.0,6.342955326460481,0.16,0.0,0,1,12.5,night_mode
5.0,5.0,1.0,3.0,0.5,0.5,0.5,0.5,1.0,16.0,-2.0,6.3438572409059715,0.14,0.0,0,1,13.8,night_mode
2.0,2.0,1.0,3.0,0.5,0.5,0.5,0.5,2.0,14.0,-6.0,6.349347975291695,0.08,0.0,0,0,11.6,night_mode
0.0,1.0,1.0,4.0,0.5,0.5,0.5,0.5,3.0,8.0,-2.0,6.344756682659356,0.06,0.0,2,0,12.9,night_mode
0.0,1.0,1.0,4.0,0.5,0.5,0.5,0.5,0.0,6.0,0.0,6.344520547945206,0.06,0.0,0,0,10.5,night_mode
0.0,1.0,2.0,4.0,0.5,0.5,0.5,0.5,0.0,6.0,1.0,6.344969199178645,0.07,0.0,0,0,12.5,night_mode
1.0,1.0,3.0,5.0,0.5,0.5,0.5,0.5,0.0,7.0,3.0,6.33879781420765,0.1,0.0,2,0,17.0,night_mode
2.0,2.0,4.0,6.0,0.5,0.5,0.5,0.5,0.0,10.0,4.0,6.331062670299728,0.14,1.0,0,1,13.0,night_mode
3.0,2.0,4.0,4.0,0.5,0.5,0.5,0.5,1.0,14.0,-1.0,6.331292517006803,0.13,1.0,0,1,14.8,night_mode
4.0,2.0,2.0,3.0,0.5,0.5,0.5,0.5,2.0,13.0,-2.0,6.334466349422161,0.11,1.0,0,0,16.1,night_mode
4.0,3.0,0.0,2.0,0.5,0.5,0.5,0.5,3.0,11.0,-2.0,6.336277173913044,0.09,1.0,1,0,17.4,night_mode
5.0,4.0,0.0,1.0,0.5,0.5,0.5,0.5,0.0,9.0,1.0,6.334464043419267,0.1,1.0,0,0,18.5,night_mode
5.0,5.0,0.0,2.0,0.5,0.5,0.5,0.5,0.0,10.0,2.0,6.334010840108401,0.12,1.0,0,1,21.0,night_mode
5.0,5.0,0.0,3.0,0.5,0.5,0.5,0.5,0.0,12.0,1.0,6.3385240352064995,0.13,1.0,1,1,21.5,night_mode
5.0,6.0,1.0,3.0,0.5,0.5,0.5,0.5,0.0,13.0,2.0,6.340094658553077,0.15,0.0,0,1,13.5,night_mode
4.0,4.0,1.0,4.0,0.5,0.5,0.5,0.5,1.0,15.0,-2.0,6.340310600945307,0.13,0.0,0,1,14.8,night_mode
4.0,4.0,1.0,5.0,0.5,0.5,0.5,0.5,2.0,13.0,1.0,6.336927223719677,0.14,0.0,0,1,17.6,night_mode
3.0,4.0,1.0,6.0,0.5,0.5,0.5,0.5,3.0,14.0,0.0,6.333557498318763,0.14,0.0,0,1,19.9,night_mode
2.0,4.0,1.0,7.0,0.5,0.5,0.5,0.5,4.0,14.0,0.0,6.330201342281879,0.14,0.0,0,1,22.2,night_mode
0.0,2.0,2.0,7.0,0.5,0.5,0.5,0.5,5.0,14.0,-3.0,6.333333333333333,0.11,0.0,2,0,23.0,night_mode
0.0,0.0,2.0,7.0,0.5,0.5,0.5,0.5,0.0,11.0,-2.0,6.330877427997321,0.09,0.0,0,0,18.0,night_mode
1.0,1.0,3.0,8.0,0.5,0.5,0.5,0.5,0.0,9.0,4.0,6.322645290581162,0.13,0.0,0,1,23.0,night_mode
2.0,2.0,3.0,8.0,0.5,0.5,0.5,0.5,0.0,13.0,2.0,6.324216144096064,0.15,0.0,2,1,24.0,night_mode
2.0,3.0,3.0,9.0,0.5,0.5,0.5,0.5,0.0,15.0,2.0,6.327115256495669,0.17,1.0,0,1,16.0,night_mode
2.0,4.0,1.0,7.0,0.5,0.5,0.5,0.5,1.0,17.0,-3.0,6.328010645375914,0.14,1.0,0,1,16.8,night_mode
3.0,5.0,0.0,4.0,0.5,0.5,0.5,0.5,2.0,14.0,-2.0,6.327574750830565,0.12,1.0,0,1,19.6,night_mode
3.0,5.0,0.0,1.0,0.5,0.5,0.5,0.5,3.0,12.0,-3.0,6.333554817275748,0.09,1.0,1,0,18.9,night_mode
4.0,6.0,0.0,0.0,0.5,0.5,0.5,0.5,0.0,9.0,1.0,6.327586206896552,0.1,1.0,0,0,20.0,night_mode
5.0,6.0,1.0,1.0,0.5,0.5,0.5,0.5,0.0,10.0,3.0,6.323626737260093,0.13,1.0,0,1,23.0,night_mode
5.0,6.0,1.0,1.0,0.5,0.5,0.5,0.5,0.0,13.0,0.0,6.3322303110522835,0.13,1.0,1,1,23.0,night_mode
6.0,6.0,2.0,2.0,0.5,0.5,0.5,0.5,0.0,13.0,3.0,6.3302509907529725,0.16,0.0,0,1,14.0,night_mode
3.0,5.0,3.0,3.0,0.5,0.5,0.5,0.5,1.0,16.0,-2.0,6.326961107448913,0.14,0.0,0,1,16.8,night_mode
3.0,3.0,4.0,4.0,0.5,0.5,0.5,0.5,2.0,14.0,0.0,6.323684210526316,0.14,0.0,0,1,20.6,night_mode
1.0,1.0,4.0,4.0,0.5,0.5,0.5,0.5,3.0,14.0,-4.0,6.321944809461235,0.1,0.0,2,0,19.4,night_mode
0.0,1.0,5.0,4.0,0.5,0.5,0.5,0.5,0.0,10.0,0.0,6.316065573770492,0.1,0.0,0,0,18.5,night_mode
1.0,2.0,5.0,5.0,0.5,0.5,0.5,0.5,0.0,10.0,3.0,6.31217277486911,0.13,0.0,0,1,21.5,night_mode
2.0,2.0,5.0,6.0,0.5,0.5,0.5,0.5,0.0,13.0,2.0,6.313725490196078,0.15,0.0,2,1,24.0,night_mode
3.0,3.0,5.0,7.0,0.5,0.5,0.5,0.5,0.0,15.0,3.0,6.313111545988258,0.18,1.0,0,1,18.0,night_mode
3.0,4.0,4.0,6.0,0.5,0.5,0.5,0.5,1.0,18.0,-1.0,6.311848958333333,0.17,1.0,0,1,19.8,night_mode
4.0,4.0,3.0,6.0,0.5,0.5,0.5,0.5,2.0,17.0,0.0,6.314694408322497,0.17,1.0,0,1,22.1,night_mode
4.0,5.0,2.0,3.0,0.5,0.5,0.5,0.5,3.0,17.0,-3.0,6.315584415584415,0.14,1.0,1,1,22.9,night_mode
4.0,5.0,0.0,0.0,0.5,0.5,0.5,0.5,0.0,14.0,-5.0,6.321428571428571,0.09,1.0,0,0,18.0,night_mode
5.0,6.0,0.0,1.0,0.5,0.5,0.5,0.5,0.0,9.0,3.0,6.316915100453662,0.12,1.0,0,1,22.5,night_mode
6.0,7.0,0.0,2.0,0.5,0.5,0.5,0.5,0.0,12.0,3.0,6.314359637774903,0.15,1.0,1,1,27.0,night_mode
6.0,8.0,0.0,3.0,0.5,0.5,0.5,0.5,0.0,15.0,2.0,6.3171834625323,0.17,0.0,0,1,13.0,night_mode
3.0,8.0,0.0,3.0,0.5,0.5,0.5,0.5,1.0,17.0,-3.0,6.322143318269852,0.14,0.0,0,1,12.3,night_mode
1.0,7.0,1.0,3.0,0.5,0.5,0.5,0.5,2.0,14.0,-2.0,6.321727917472598,0.12,0.0,0,1,13.6,night_mode
0.0,6.0,2.0,3.0,0.5,0.5,0.5,0.5,3.0,12.0,-1.0,6.324742268041237,0.11,0.0,0,0,15.4,night_mode
0.0,4.0,2.0,4.0,0.5,0.5,0.5,0.5,4.0,11.0,-1.0,6.323037323037323,0.1,0.0,0,0,17.2,night_mode
0.0,2.0,2.0,5.0,0.5,0.5,0.5,0.5,5.0,10.0,-1.0,6.320694087403599,0.09,0.0,2,0,19.0,night_mode
0.0,1.0,3.0,6.0,0.5,0.5,0.5,0.5,0.0,9.0,1.0,6.310897435897436,0.1,0.0,0,0,18.5,night_mode
1.0,1.0,4.0,7.0,0.5,0.5,0.5,0.5,0.0,10.0,3.0,6.3071017274472165,0.13,0.0,0,1,23.0,night_mode
1.0,1.0,5.0,7.0,0.5,0.5,0.5,0.5,0.0,13.0,1.0,6.312020460358056,0.14,0.0,2,1,25.0,night_mode
1.0,1.0,6.0,8.0,0.5,0.5,0.5,0.5,0.0,14.0,2.0,6.314176245210728,0.16,1.0,0,1,11.0,night_mode
1.0,1.0,5.0,6.0,0.5,0.5,0.5,0.5,1.0,16.0,-3.0,6.3184428844926614,0.13,1.0,0,1,10.3,night_mode
1.0,2.0,3.0,5.0,0.5,0.5,0.5,0.5,2.0,13.0,-2.0,6.313375796178344,0.11,1.0,0,0,11.6,night_mode
1.0,2.0,0.0,3.0,0.5,0.5,0.5,0.5,3.0,11.0,-5.0,6.313176320814768,0.06,1.0,0,0,9.9,night_mode
1.0,3.0,0.0,0.0,0.5,0.5,0.5,0.5,4.0,6.0,-2.0,6.3076923076923075,0.04,1.0,1,0,11.2,night_mode
2.0,3.0,0.0,0.0,0.5,0.5,0.5,0.5,0.0,4.0,1.0,6.2988578680203045,0.05,1.0,0,0,10.0,night_mode
3.0,4.0,0.0,1.0,0.5,0.5,0.5,0.5,0.0,5.0,3.0,6.291956934768841,0.08,1.0,0,0,14.5,night_mode
3.0,5.0,1.0,2.0,0.5,0.5,0.5,0.5,0.0,8.0,3.0,6.286978508217446,0.11,1.0,1,0,17.5,night_mode
4.0,5.0,2.0,2.0,0.5,0.5,0.5,0.5,0.0,11.0,2.0,6.287247474747475,0.13,0.0,0,1,12.5,night_mode
2.0,4.0,2.0,3.0,0.5,0.5,0.5,0.5,1.0,13.0,-2.0,6.2862547288776796,0.11,0.0,0,0,13.8,night_mode
0.0,3.0,3.0,3.0,0.5,0.5,0.5,0.5,2.0,11.0,-2.0,6.287964713295526,0.09,0.0,0,0,15.1,night_mode
0.0,1.0,3.0,3.0,0.5,0.5,0.5,0.5,3.0,9.0,-2.0,6.292375551354757,0.07,0.0,2,0,14.9,night_mode
0.0,0.0,3.0,3.0,0.5,0.5,0.5,0.5,0.0,7.0,-1.0,6.292191435768262,0.06,0.0,0,0,12.0,night_mode
1.0,1.0,4.0,4.0,0.5,0.5,0.5,0.5,0.0,6.0,4.0,6.282663316582915,0.1,0.0,0,0,17.0,night_mode
1.0,2.0,4.0,4.0,0.5,0.5,0.5,0.5,0.0,10.0,1.0,6.285624607658506,0.11,0.0,2,0,17.5,night_mode
2.0,3.0,4.0,5.0,0.5,0.5,0.5,0.5,0.0,11.0,3.0,6.282581453634085,0.14,1.0,0,1,14.5,night_mode
3.0,4.0,2.0,3.0,0.5,0.5,0.5,0.5,1.0,14.0,-2.0,6.282227784730914,0.12,1.0,0,1,17.3,night_mode
3.0,4.0,1.0,1.0,0.5,0.5,0.5,0.5,2.0,12.0,-3.0,6.283927454659162,0.09,1.0,0,0,16.6,night_mode
3.0,5.0,0.0,0.0,0.5,0.5,0.5,0.5,3.0,9.0,-1.0,6.285,0.08,1.0,1,0,18.4,night_mode
4.0,5.0,0.0,0.0,0.5,0.5,0.5,0.5,0.0,8.0,1.0,6.286695815115553,0.09,1.0,0,0,18.0,night_mode
4.0,6.0,1.0,1.0,0.5,0.5,0.5,0.5,0.0,9.0,3.0,6.282418952618454,0.12,1.0,0,1,21.0,night_mode
4.0,7.0,1.0,1.0,0.5,0.5,0.5,0.5,0.0,12.0,1.0,6.286604361370716,0.13,1.0,1,1,23.0,night_mode
4.0,8.0,1.0,1.0,0.5,0.5,0.5,0.5,0.0,13.0,1.0,6.2914072229140725,0.14,0.0,0,1,10.0,night_mode
2.0,7.0,1.0,2.0,0.5,0.5,0.5,0.5,1.0,14.0,-2.0,6.291044776119403,0.12,0.0,0,1,11.3,night_mode
2.0,4.0,1.0,3.0,0.5,0.5,0.5,0.5,2.0,12.0,-2.0,6.28944099378882,0.1,0.0,0,0,12.6,night_mode
1.0,2.0,2.0,4.0,0.5,0.5,0.5,0.5,3.0,10.0,-1.0,6.287220843672457,0.09,0.0,2,0,15.9,night_mode
0.0,0.0,2.0,5.0,0.5,0.5,0.5,0.5,0.0,9.0,-2.0,6.287662740235586,0.07,0.0,0,0,14.0,night_mode
0.0,1.0,3.0,6.0,0.5,0.5,0.5,0.5,0.0,7.0,3.0,6.282178217821782,0.1,0.0,0,0,18.5,night_mode
1.0,1.0,3.0,7.0,0.5,0.5,0.5,0.5,0.0,10.0,2.0,6.281829419035847,0.12,0.0,2,1,21.0,night_mode
1.0,2.0,3.0,7.0,0.5,0.5,0.5,0.5,0.0,12.0,1.0,6.285978999382335,0.13,1.0,0,1,11.0,night_mode
2.0,2.0,2.0,6.0,0.5,0.5,0.5,0.5,1.0,13.0,-1.0,6.285626156693399,0.12,1.0,0,1,12.8,night_mode
3.0,2.0,0.0,4.0,0.5,0.5,0.5,0.5,2.0,12.0,-3.0,6.283425754775108,0.09,1.0,0,0,13.6,night_mode
4.0,2.0,0.0,3.0,0.5,0.5,0.5,0.5,3.0,9.0,0.0,6.277367773677737,0.09,1.0,1,0,15.9,night_mode
4.0,3.0,0.0,2.0,0.5,0.5,0.5,0.5,0.0,9.0,0.0,6.271332105586249,0.09,1.0,0,0,15.0,night_mode
4.0,4.0,0.0,3.0,0.5,0.5,0.5,0.5,0.0,9.0,2.0,6.2703862660944205,0.11,1.0,0,0,17.5,night_mode
4.0,5.0,1.0,4.0,0.5,0.5,0.5,0.5,0.0,11.0,3.0,6.267441860465116,0.14,1.0,1,1,20.5,night_mode
5.0,6.0,2.0,4.0,0.5,0.5,0.5,0.5,0.0,14.0,3.0,6.26634086744044,0.17,0.0,0,1,17.5,night_mode
2.0,3.0,2.0,5.0,0.5,0.5,0.5,0.5,1.0,17.0,-5.0,6.26984126984127,0.12,0.0,0,1,17.3,night_mode
1.0,2.0,2.0,5.0,0.5,0.5,0.5,0.5,2.0,12.0,-2.0,6.272117144600366,0.1,0.0,0,0,17.1,night_mode
0.0,0.0,3.0,5.0,0.5,0.5,0.5,0.5,3.0,10.0,-2.0,6.269347958561853,0.08,0.0,2,0,18.4,night_mode
0.0,0.0,3.0,5.0,0.5,0.5,0.5,0.5,0.0,8.0,0.0,6.270401948842874,0.08,0.0,0,0,16.0,night_mode
0.0,0.0,4.0,5.0,0.5,0.5,0.5,0.5,0.0,8.0,1.0,6.2720632988435785,0.09,0.0,0,0,18.0,night_mode
0.0,1.0,4.0,5.0,0.5,0.5,0.5,0.5,0.0,9.0,1.0,6.274330900243309,0.1,0.0,2,0,18.5,night_mode
0.0,2.0,4.0,5.0,0.5,0.5,0.5,0.5,0.0,10.0,1.0,6.277203647416413,0.11,1.0,0,0,8.5,night_mode
1.0,2.0,3.0,4.0,0.5,0.5,0.5,0.5,1.0,11.0,-1.0,6.27565270188221,0.1,1.0,0,0,10.3,night_mode
1.0,3.0,3.0,3.0,0.5,0.5,0.5,0.5,2.0,10.0,0.0,6.274105518496058,0.1,1.0,0,0,12.6,night_mode
1.0,4.0,3.0,1.0,0.5,0.5,0.5,0.5,3.0,10.0,-1.0,6.268159806295399,0.09,1.0,0,0,14.4,night_mode
2.0,5.0,1.0,0.0,0.5,0.5,0.5,0.5,4.0,9.0,-1.0,6.261631419939577,0.08,1.0,1,0,17.7,night_mode
3.0,5.0,0.0,0.0,0.5,0.5,0.5,0.5,0.0,8.0,0.0,6.2551266586248495,0.08,1.0,0,0,16.0,night_mode
4.0,5.0,1.0,0.0,0.5,0.5,0.5,0.5,0.0,8.0,2.0,6.2536144578313255,0.1,1.0,0,0,18.5,night_mode
4.0,5.0,1.0,0.0,0.5,0.5,0.5,0.5,0.0,10.0,0.0,6.259638554216868,0.1,1.0,1,0,18.5,night_mode
4.0,6.0,1.0,0.0,0.5,0.5,0.5,0.5,0.0,10.0,1.0,6.262492474413004,0.11,0.0,0,0,7.0,night_mode
3.0,3.0,2.0,1.0,0.5,0.5,0.5,0.5,1.0,11.0,-2.0,6.256610576923077,0.09,0.0,0,0,9.8,night_mode
3.0,2.0,3.0,1.0,0.5,0.5,0.5,0.5,2.0,9.0,0.0,6.250749850029994,0.09,0.0,0,0,12.1,night_mode
2.0,0.0,4.0,1.0,0.5,0.5,0.5,0.5,3.0,9.0,-2.0,6.2511990407673865,0.07,0.0,2,0,13.4,night_mode
1.0,0.0,5.0,1.0,0.5,0.5,0.5,0.5,0.0,7.0,0.0,6.247904191616766,0.07,0.0,0,0,12.5,night_mode
1.0,1.0,5.0,1.0,0.5,0.5,0.5,0.5,0.0,7.0,1.0,6.248952722920407,0.08,0.0,0,0,13.0,night_mode
1.0,1.0,6.0,2.0,0.5,0.5,0.5,0.5,0.0,8.0,2.0,6.247459653317394,0.1,0.0,2,0,17.0,night_mode
2.0,1.0,7.0,2.0,0.5,0.5,0.5,0.5,0.0,10.0,2.0,6.247164179104478,0.12,1.0,0,1,10.5,night_mode
2.0,1.0,5.0,1.0,0.5,0.5,0.5,0.5,1.0,12.0,-3.0,6.248806682577565,0.09,1.0,0,0,9.8,night_mode
2.0,2.0,4.0,0.0,0.5,0.5,0.5,0.5,2.0,9.0,-1.0,6.246126340882002,0.08,1.0,0,0,11.6,night_mode
2.0,2.0,4.0,0.0,0.5,0.5,0.5,0.5,3.0,8.0,0.0,6.243452380952381,0.08,1.0,0,0,12.4,night_mode
2.0,2.0,2.0,0.0,0.5,0.5,0.5,0.5,4.0,8.0,-2.0,6.247023809523809,0.06,1.0,0,0,12.2,night_mode
3.0,2.0,2.0,0.0,0.5,0.5,0.5,0.5,5.0,6.0,1.0,6.243757431629013,0.07,1.0,1,0,15.0,night_mode
4.0,2.0,1.0,0.0,0.5,0.5,0.5,0.5,0.0,7.0,0.0,6.240498812351544,0.07,1.0,0,0,12.5,night_mode
4.0,3.0,1.0,0.0,0.5,0.5,0.5,0.5,0.0,7.0,1.0,6.241543026706231,0.08,1.0,0,0,14.5,night_mode
5.0,4.0,1.0,0.0,0.5,0.5,0.5,0.5,0.0,8.0,2.0,6.240071132187315,0.1,1.0,1,0,18.5,night_mode
5.0,4.0,1.0,1.0,0.5,0.5,0.5,0.5,0.0,10.0,1.0,6.242890995260663,0.11,0.0,0,0,8.5,night_mode
4.0,1.0,2.0,1.0,0.5,0.5,0.5,0.5,1.0,11.0,-3.0,6.243931320307874,0.08,0.0,0,0,9.3,night_mode
1.0,0.0,2.0,2.0,0.5,0.5,0.5,0.5,2.0,8.0,-3.0,6.243195266272189,0.05,0.0,0,0,10.1,night_mode
0.0,0.0,3.0,3.0,0.5,0.5,0.5,0.5,3.0,5.0,1.0,6.231995277449823,0.06,0.0,2,0,14.4,night_mode
0.0,0.0,4.0,4.0,0.5,0.5,0.5,0.5,0.0,6.0,2.0,6.2220259128386335,0.08,0.0,0,0,16.0,night_mode
1.0,1.0,4.0,4.0,0.5,0.5,0.5,0.5,0.0,8.0,2.0,6.220588235294118,0.1,0.0,0,0,17.0,night_mode
2.0,1.0,5.0,5.0,0.5,0.5,0.5,0.5,0.0,10.0,3.0,6.217263652378156,0.13,0.0,2,1,21.5,night_mode
2.0,2.0,5.0,6.0,0.5,0.5,0.5,0.5,0.0,13.0,2.0,6.218768328445748,0.15,1.0,0,1,13.5,night_mode
3.0,2.0,3.0,4.0,0.5,0.5,0.5,0.5,1.0,15.0,-3.0,6.218512009373169,0.12,1.0,0,1,14.3,night_mode
3.0,3.0,2.0,3.0,0.5,0.5,0.5,0.5,2.0,12.0,-1.0,6.217671152720889,0.11,1.0,0,0,16.1,night_mode
4.0,4.0,1.0,2.0,0.5,0.5,0.5,0.5,3.0,11.0,0.0,6.2095738470519555,0.11,1.0,1,0,19.9,night_mode
5.0,5.0,0.0,1.0,0.5,0.5,0.5,0.5,0.0,11.0,0.0,6.201514269073966,0.11,1.0,0,0,20.5,night_mode
5.0,5.0,0.0,1.0,0.5,0.5,0.5,0.5,0.0,11.0,0.0,6.207920792079208,0.11,1.0,0,0,20.5,night_mode
5.0,5.0,1.0,2.0,0.5,0.5,0.5,0.5,0.0,11.0,2.0,6.20826061663758,0.13,1.0,1,1,21.5,night_mode
6.0,6.0,2.0,2.0,0.5,0.5,0.5,0.5,0.0,13.0,3.0,6.206736353077816,0.16,0.0,0,1,14.0,night_mode
4.0,3.0,3.0,2.0,0.5,0.5,0.5,0.5,1.0,16.0,-4.0,6.206496519721577,0.12,0.0,0,1,14.3,night_mode
4.0,3.0,4.0,2.0,0.5,0.5,0.5,0.5,2.0,12.0,1.0,6.2032426172553565,0.13,0.0,0,1,17.1,night_mode
4.0,1.0,5.0,3.0,0.5,0.5,0.5,0.5,3.0,13.0,0.0,6.2,0.13,0.0,2,1,20.9,night_mode
2.0,0.0,6.0,3.0,0.5,0.5,0.5,0.5,0.0,13.0,-2.0,6.202772963604852,0.11,0.0,0,0,19.0,night_mode
2.0,1.0,6.0,3.0,0.5,0.5,0.5,0.5,0.0,11.0,1.0,6.206120092378753,0.12,0.0,0,1,19.5,night_mode
3.0,2.0,7.0,3.0,0.5,0.5,0.5,0.5,0.0,12.0,3.0,6.204034582132564,0.15,0.0,2,1,22.5,night_mode
3.0,3.0,8.0,3.0,0.5,0.5,0.5,0.5,0.0,15.0,2.0,6.206678180771445,0.17,1.0,0,1,17.5,night_mode
3.0,3.0,7.0,2.0,0.5,0.5,0.5,0.5,1.0,17.0,-2.0,6.21531375935521,0.15,1.0,0,1,17.3,night_mode
4.0,3.0,7.0,0.0,0.5,0.5,0.5,0.5,2.0,15.0,-1.0,6.212643678160919,0.14,1.0,0,1,19.1,night_mode
4.0,3.0,6.0,0.0,0.5,0.5,0.5,0.5,3.0,14.0,-1.0,6.2165422171166,0.13,1.0,0,1,19.4,night_mode
5.0,4.0,4.0,0.0,0.5,0.5,0.5,0.5,4.0,13.0,0.0,6.209742120343839,0.13,1.0,1,1,23.2,night_mode
6.0,5.0,3.0,0.0,0.5,0.5,0.5,0.5,0.0,13.0,1.0,6.210646823125358,0.14,1.0,0,1,23.5,night_mode
7.0,5.0,4.0,0.0,0.5,0.5,0.5,0.5,0.0,14.0,2.0,6.212692967409948,0.16,1.0,0,1,26.0,night_mode
8.0,6.0,4.0,0.0,0.5,0.5,0.5,0.5,0.0,16.0,2.0,6.2158766419189035,0.18,1.0,1,1,30.0,night_mode
8.0,7.0,4.0,0.0,0.5,0.5,0.5,0.5,0.0,18.0,1.0,6.223173515981735,0.19,0.0,0,1,15.5,night_mode
6.0,7.0,5.0,1.0,0.5,0.5,0.5,0.5,1.0,19.0,0.0,6.223361823361824,0.19,0.0,0,1,19.3,night_mode
4.0,7.0,6.0,1.0,0.5,0.5,0.5,0.5,2.0,19.0,-1.0,6.2265224815025615,0.18,0.0,0,1,21.1,night_mode
3.0,7.0,7.0,1.0,0.5,0.5,0.5,0.5,3.0,18.0,0.0,6.226136363636364,0.18,0.0,0,1,23.4,night_mode
2.0,6.0,8.0,2.0,0.5,0.5,0.5,0.5,4.0,18.0,0.0,6.229284903518729,0.18,0.0,2,1,27.2,night_mode
0.0,4.0,9.0,2.0,0.5,0.5,0.5,0.5,0.0,18.0,-3.0,6.230725623582766,0.15,0.0,0,1,24.0,night_mode
1.0,4.0,10.0,2.0,0.5,0.5,0.5,0.5,0.0,15.0,2.0,6.2332955832389585,0.17,0.0,0,1,26.5,night_mode
2.0,5.0,10.0,3.0,0.5,0.5,0.5,0.5,0.0,17.0,3.0,6.234030525720746,0.2,0.0,2,1,29.5,night_mode
2.0,6.0,11.0,3.0,0.5,0.5,0.5,0.5,0.0,20.0,2.0,6.2394127611518915,0.22,1.0,0,1,23.0,night_mode
2.0,6.0,10.0,2.0,0.5,0.5,0.5,0.5,1.0,22.0,-2.0,6.243654822335025,0.2,1.0,0,1,22.8,night_mode
3.0,6.0,8.0,2.0,0.5,0.5,0.5,0.5,2.0,20.0,-1.0,6.243806306306307,0.19,1.0,0,1,24.6,night_mode
4.0,6.0,5.0,0.0,0.5,0.5,0.5,0.5,3.0,19.0,-4.0,6.248733821046708,0.15,1.0,1,1,24.9,night_mode
4.0,7.0,4.0,0.0,0.5,0.5,0.5,0.5,0.0,15.0,0.0,6.250140528386734,0.15,1.0,0,1,24.0,night_mode
5.0,7.0,5.0,1.0,0.5,0.5,0.5,0.5,0.0,15.0,3.0,6.249719416386083,0.18,1.0,0,1,27.0,night_mode
6.0,8.0,6.0,2.0,0.5,0.5,0.5,0.5,0.0,18.0,4.0,6.248040313549832,0.22,1.0,1,1,32.0,night_mode
7.0,8.0,7.0,3.0,0.5,0.5,0.5,0.5,0.0,22.0,3.0,6.251537171604248,0.25,0.0,0,1,27.5,night_mode
6.0,7.0,8.0,4.0,0.5,0.5,0.5,0.5,1.0,25.0,0.0,6.255022321428571,0.25,0.0,0,1,31.3,night_mode
5.0,7.0,8.0,4.0,0.5,0.5,0.5,0.5,2.0,25.0,-1.0,6.264919129949805,0.24,0.0,0,1,31.6,night_mode
4.0,6.0,8.0,5.0,0.5,0.5,0.5,0.5,3.0,24.0,-1.0,6.274247491638796,0.23,0.0,2,1,33.4,night_mode
1.0,5.0,8.0,5.0,0.5,0.5,0.5,0.5,0.0,23.0,-4.0,6.284838350055741,0.19,0.0,0,1,29.0,night_mode
2.0,5.0,8.0,6.0,0.5,0.5,0.5,0.5,0.0,19.0,2.0,6.289532293986637,0.21,0.0,0,1,31.5,night_mode
3.0,5.0,8.0,6.0,0.5,0.5,0.5,0.5,0.0,21.0,1.0,6.2982749026154705,0.22,0.0,2,1,32.0,night_mode
3.0,5.0,8.0,6.0,0.5,0.5,0.5,0.5,0.0,22.0,0.0,6.310517529215359,0.22,1.0,0,1,23.0,night_mode
3.0,5.0,5.0,6.0,0.5,0.5,0.5,0.5,1.0,22.0,-3.0,6.317575083426029,0.19,1.0,0,1,22.3,night_mode
3.0,5.0,3.0,4.0,0.5,0.5,0.5,0.5,2.0,19.0,-4.0,6.322401334074486,0.15,1.0,0,1,21.1,night_mode
3.0,6.0,0.0,2.0,0.5,0.5,0.5,0.5,3.0,15.0,-4.0,6.321488062187673,0.11,1.0,1,0,21.4,night_mode
3.0,7.0,0.0,1.0,0.5,0.5,0.5,0.5,0.0,11.0,0.0,6.320576816417082,0.11,1.0,0,0,20.5,night_mode
3.0,7.0,0.0,1.0,0.5,0.5,0.5,0.5,0.0,11.0,0.0,6.326677759290072,0.11,1.0,0,0,20.5,night_mode
4.0,7.0,0.0,1.0,0.5,0.5,0.5,0.5,0.0,11.0,1.0,6.3298226164079825,0.12,1.0,1,1,22.5,night_mode
4.0,7.0,0.0,2.0,0.5,0.5,0.5,0.5,0.0,12.0,1.0,6.333518005540166,0.13,0.0,0,1,9.5,night_mode
1.0,5.0,1.0,3.0,0.5,0.5,0.5,0.5,1.0,13.0,-3.0,6.332042058660764,0.1,0.0,0,0,11.8,night_mode
0.0,2.0,2.0,4.0,0.5,0.5,0.5,0.5,2.0,10.0,-2.0,6.3259668508287294,0.08,0.0,0,0,14.6,night_mode
0.0,1.0,3.0,5.0,0.5,0.5,0.5,0.5,3.0,8.0,1.0,6.3239514348785875,0.09,0.0,2,0,18.9,night_mode
0.0,0.0,4.0,6.0,0.5,0.5,0.5,0.5,0.0,9.0,1.0,6.322491730981257,0.1,0.0,0,0,20.0,night_mode
1.0,0.0,5.0,6.0,0.5,0.5,0.5,0.5,0.0,10.0,2.0,6.322136563876652,0.12,0.0,0,1,22.5,night_mode
1.0,1.0,6.0,6.0,0.5,0.5,0.5,0.5,0.0,12.0,2.0,6.322882288228823,0.14,0.0,2,1,25.0,night_mode
2.0,2.0,7.0,7.0,0.5,0.5,0.5,0.5,0.0,14.0,4.0,6.318880351262349,0.18,1.0,0,1,15.0,night_mode
3.0,3.0,6.0,6.0,0.5,0.5,0.5,0.5,1.0,18.0,0.0,6.314895947426068,0.18,1.0,0,1,18.8,night_mode
3.0,3.0,3.0,4.0,0.5,0.5,0.5,0.5,2.0,18.0,-5.0,6.322015334063527,0.13,1.0,0,1,17.1,night_mode
4.0,4.0,2.0,3.0,0.5,0.5,0.5,0.5,3.0,13.0,0.0,6.315300546448087,0.13,1.0,1,1,20.9,night_mode
5.0,5.0,0.0,1.0,0.5,0.5,0.5,0.5,0.0,13.0,-2.0,6.314410480349345,0.11,1.0,0,0,20.5,night_mode
6.0,5.0,0.0,2.0,0.5,0.5,0.5,0.5,0.0,11.0,2.0,6.314612868047982,0.13,1.0,0,1,23.0,night_mode
7.0,5.0,1.0,3.0,0.5,0.5,0.5,0.5,0.0,13.0,3.0,6.313010342950463,0.16,1.0,1,1,26.0,night_mode
7.0,6.0,1.0,3.0,0.5,0.5,0.5,0.5,0.0,16.0,1.0,6.318824809575625,0.17,0.0,0,1,14.5,night_mode
5.0,4.0,1.0,3.0,0.5,0.5,0.5,0.5,1.0,17.0,-4.0,6.325897714907508,0.13,0.0,0,1,13.3,night_mode
4.0,3.0,2.0,3.0,0.5,0.5,0.5,0.5,2.0,13.0,-1.0,6.32554347826087,0.12,0.0,0,1,15.1,night_mode
4.0,2.0,3.0,4.0,0.5,0.5,0.5,0.5,3.0,12.0,1.0,6.3223005968529575,0.13,0.0,0,1,19.4,night_mode
4.0,1.0,4.0,5.0,0.5,0.5,0.5,0.5,4.0,13.0,1.0,6.316188413643746,0.14,0.0,2,1,23.7,night_mode
2.0,0.0,4.0,5.0,0.5,0.5,0.5,0.5,0.0,14.0,-3.0,6.3187229437229435,0.11,0.0,0,0,19.0,night_mode
3.0,1.0,4.0,5.0,0.5,0.5,0.5,0.5,0.0,11.0,2.0,6.318918918918919,0.13,0.0,0,1,20.0,night_mode
4.0,1.0,5.0,6.0,0.5,0.5,0.5,0.5,0.0,13.0,3.0,6.317323259579061,0.16,0.0,2,1,24.5,night_mode
4.0,2.0,5.0,7.0,0.5,0.5,0.5,0.5,0.0,16.0,2.0,6.320215633423181,0.18,1.0,0,1,18.0,night_mode
5.0,3.0,2.0,5.0,0.5,0.5,0.5,0.5,1.0,18.0,-3.0,6.321486268174475,0.15,1.0,0,1,20.3,night_mode
6.0,4.0,0.0,4.0,0.5,0.5,0.5,0.5,2.0,15.0,-1.0,6.318817204301075,0.14,1.0,0,1,23.6,night_mode
6.0,4.0,0.0,4.0,0.5,0.5,0.5,0.5,3.0,14.0,0.0,6.319548872180451,0.14,1.0,1,1,24.4,night_mode
6.0,5.0,0.0,3.0,0.5,0.5,0.5,0.5,0.0,14.0,0.0,6.320278969957082,0.14,1.0,0,1,23.5,night_mode
7.0,6.0,1.0,3.0,0.5,0.5,0.5,0.5,0.0,14.0,3.0,6.319228709159079,0.17,1.0,0,1,28.0,night_mode
7.0,7.0,1.0,3.0,0.5,0.5,0.5,0.5,0.0,17.0,1.0,6.325481798715203,0.18,1.0,1,1,30.0,night_mode
7.0,8.0,2.0,3.0,0.5,0.5,0.5,0.5,0.0,18.0,2.0,6.329411764705882,0.2,0.0,0,1,17.5,night_mode
5.0,6.0,3.0,3.0,0.5,0.5,0.5,0.5,1.0,20.0,-3.0,6.331730769230769,0.17,0.0,0,1,18.3,night_mode
4.0,5.0,4.0,4.0,0.5,0.5,0.5,0.5,2.0,17.0,0.0,6.330666666666667,0.17,0.0,0,1,22.1,night_mode
3.0,4.0,5.0,4.0,0.5,0.5,0.5,0.5,3.0,17.0,-1.0,6.332445391582312,0.16,0.0,0,1,23.9,night_mode
2.0,2.0,5.0,4.0,0.5,0.5,0.5,0.5,4.0,16.0,-3.0,6.3359957401490945,0.13,0.0,2,1,23.2,night_mode
1.0,0.0,6.0,5.0,0.5,0.5,0.5,0.5,0.0,13.0,-1.0,6.332270069112174,0.12,0.0,0,1,22.5,night_mode
1.0,0.0,6.0,6.0,0.5,0.5,0.5,0.5,0.0,12.0,1.0,6.335812964930924,0.13,0.0,0,1,24.5,night_mode
1.0,0.0,7.0,6.0,0.5,0.5,0.5,0.5,0.0,13.0,1.0,6.339883165161975,0.14,0.0,2,1,26.5,night_mode
2.0,1.0,7.0,7.0,0.5,0.5,0.5,0.5,0.0,14.0,3.0,6.33881230116649,0.17,1.0,0,1,13.0,night_mode
3.0,1.0,6.0,7.0,0.5,0.5,0.5,0.5,1.0,17.0,0.0,6.341101694915254,0.17,1.0,0,1,15.3,night_mode
4.0,1.0,6.0,6.0,0.5,0.5,0.5,0.5,2.0,17.0,0.0,6.340031729243786,0.17,1.0,0,1,17.6,night_mode
5.0,1.0,6.0,5.0,0.5,0.5,0.5,0.5,3.0,17.0,0.0,6.3389651531151,0.17,1.0,0,1,19.9,night_mode
6.0,2.0,4.0,5.0,0.5,0.5,0.5,0.5,4.0,17.0,0.0,6.337901950448076,0.17,1.0,0,1,23.7,night_mode
6.0,3.0,3.0,3.0,0.5,0.5,0.5,0.5,5.0,17.0,-2.0,6.342465753424658,0.15,1.0,1,1,25.0,night_mode
7.0,4.0,0.0,2.0,0.5,0.5,0.5,0.5,0.0,15.0,-2.0,6.33929510783798,0.13,1.0,0,1,23.0,night_mode
7.0,5.0,1.0,3.0,0.5,0.5,0.5,0.5,0.0,13.0,3.0,6.337710084033613,0.16,1.0,0,1,26.0,night_mode
7.0,6.0,1.0,4.0,0.5,0.5,0.5,0.5,0.0,16.0,2.0,6.340503672612802,0.18,1.0,1,1,28.5,night_mode
8.0,6.0,1.0,4.0,0.5,0.5,0.5,0.5,0.0,18.0,1.0,6.347142108023073,0.19,0.0,0,1,17.0,night_mode
8.0,5.0,1.0,4.0,0.5,0.5,0.5,0.5,1.0,19.0,-1.0,6.353249475890985,0.18,0.0,0,1,17.3,night_mode
6.0,3.0,1.0,5.0,0.5,0.5,0.5,0.5,2.0,18.0,-3.0,6.357778941854374,0.15,0.0,0,1,18.1,night_mode
4.0,2.0,2.0,5.0,0.5,0.5,0.5,0.5,3.0,15.0,-2.0,6.357927786499215,0.13,0.0,0,1,19.4,night_mode
1.0,2.0,3.0,5.0,0.5,0.5,0.5,0.5,4.0,13.0,-2.0,6.357030841610037,0.11,0.0,2,0,20.7,night_mode
0.0,2.0,3.0,5.0,0.5,0.5,0.5,0.5,0.0,11.0,-1.0,6.358934169278997,0.1,0.0,0,0,17.0,night_mode
0.0,2.0,3.0,5.0,0.5,0.5,0.5,0.5,0.0,10.0,0.0,6.364158829676071,0.1,0.0,0,0,17.0,night_mode
0.0,3.0,3.0,5.0,0.5,0.5,0.5,0.5,0.0,10.0,1.0,6.366579634464752,0.11,0.0,2,0,17.5,night_mode
0.0,3.0,3.0,5.0,0.5,0.5,0.5,0.5,0.0,11.0,0.0,6.372323759791123,0.11,1.0,0,0,10.0,night_mode
1.0,4.0,3.0,3.0,0.5,0.5,0.5,0.5,1.0,11.0,0.0,6.364773319437207,0.11,1.0,0,0,13.8,night_mode
2.0,5.0,0.0,3.0,0.5,0.5,0.5,0.5,2.0,11.0,-1.0,6.360041623309053,0.1,1.0,0,0,17.1,night_mode
2.0,5.0,0.0,0.0,0.5,0.5,0.5,0.5,3.0,10.0,-3.0,6.363683662851197,0.07,1.0,1,0,16.4,night_mode
3.0,5.0,0.0,0.0,0.5,0.5,0.5,0.5,0.0,7.0,1.0,6.361226611226611,0.08,1.0,0,0,16.0,night_mode
3.0,6.0,0.0,0.0,0.5,0.5,0.5,0.5,0.0,8.0,1.0,6.362597402597403,0.09,1.0,0,0,18.0,night_mode
3.0,7.0,1.0,1.0,0.5,0.5,0.5,0.5,0.0,9.0,3.0,6.358921161825726,0.12,1.0,1,1,21.0,night_mode
4.0,7.0,1.0,2.0,0.5,0.5,0.5,0.5,0.0,12.0,2.0,6.359585492227979,0.14,0.0,0,1,11.5,night_mode
3.0,6.0,2.0,3.0,0.5,0.5,0.5,0.5,1.0,14.0,0.0,6.356958096223487,0.14,0.0,0,1,15.3,night_mode
1.0,4.0,2.0,4.0,0.5,0.5,0.5,0.5,2.0,14.0,-3.0,6.3527892561983474,0.11,0.0,0,0,16.1,night_mode
1.0,2.0,2.0,4.0,0.5,0.5,0.5,0.5,3.0,11.0,-2.0,6.354155911202891,0.09,0.0,2,0,15.9,night_mode
0.0,0.0,2.0,5.0,0.5,0.5,0.5,0.5,0.0,9.0,-2.0,6.354489164086687,0.07,0.0,0,0,14.0,night_mode
0.0,1.0,3.0,6.0,0.5,0.5,0.5,0.5,0.0,7.0,3.0,6.349819680577022,0.1,0.0,0,0,18.5,night_mode
0.0,1.0,4.0,6.0,0.5,0.5,0.5,0.5,0.0,10.0,1.0,6.35221421215242,0.11,0.0,2,0,20.5,night_mode
0.0,2.0,4.0,6.0,0.5,0.5,0.5,0.5,0.0,11.0,1.0,6.355120946989192,0.12,1.0,0,1,9.0,night_mode
0.0,3.0,1.0,5.0,0.5,0.5,0.5,0.5,1.0,12.0,-3.0,6.353213367609254,0.09,1.0,0,0,9.8,night_mode
1.0,4.0,0.0,3.0,0.5,0.5,0.5,0.5,2.0,9.0,-1.0,6.347535934291581,0.08,1.0,0,0,13.1,night_mode
2.0,4.0,0.0,2.0,0.5,0.5,0.5,0.5,3.0,8.0,0.0,6.348383786557209,0.08,1.0,1,0,15.4,night_mode
2.0,4.0,0.0,0.0,0.5,0.5,0.5,0.5,0.0,8.0,-2.0,6.348205128205128,0.06,1.0,0,0,12.0,night_mode
3.0,4.0,0.0,0.0,0.5,0.5,0.5,0.5,0.0,6.0,1.0,6.348539210661199,0.07,1.0,0,0,14.0,night_mode
4.0,4.0,0.0,1.0,0.5,0.5,0.5,0.5,0.0,7.0,2.0,6.346646185355863,0.09,1.0,1,0,16.5,night_mode
5.0,4.0,1.0,2.0,0.5,0.5,0.5,0.5,0.0,9.0,3.0,6.343047034764826,0.12,0.0,0,1,10.5,night_mode
3.0,4.0,1.0,2.0,0.5,0.5,0.5,0.5,1.0,12.0,-2.0,6.344915687276443,0.1,0.0,0,0,10.3,night_mode
1.0,2.0,1.0,2.0,0.5,0.5,0.5,0.5,2.0,10.0,-4.0,6.341500765696784,0.06,0.0,0,0,9.1,night_mode
0.0,2.0,1.0,2.0,0.5,0.5,0.5,0.5,3.0,6.0,-1.0,6.340816326530613,0.05,0.0,0,0,9.4,night_mode
0.0,0.0,2.0,3.0,0.5,0.5,0.5,0.5,4.0,5.0,0.0,6.3336729495669895,0.05,0.0,2,0,13.2,night_mode
0.0,0.0,2.0,3.0,0.5,0.5,0.5,0.5,0.0,5.0,0.0,6.332993890020367,0.05,0.0,0,0,10.0,night_mode
1.0,0.0,2.0,4.0,0.5,0.5,0.5,0.5,0.0,5.0,2.0,6.330111902339776,0.07,0.0,0,0,12.5,night_mode
2.0,1.0,3.0,4.0,0.5,0.5,0.5,0.5,0.0,7.0,3.0,6.325545962417471,0.1,0.0,2,0,15.5,night_mode
2.0,1.0,3.0,5.0,0.5,0.5,0.5,0.5,0.0,10.0,1.0,6.327918781725888,0.11,1.0,0,0,10.0,night_mode
3.0,2.0,2.0,3.0,0.5,0.5,0.5,0.5,1.0,11.0,-1.0,6.3233654333502285,0.1,1.0,0,0,13.3,night_mode
4.0,2.0,1.0,1.0,0.5,0.5,0.5,0.5,2.0,10.0,-2.0,6.321012658227848,0.08,1.0,0,0,14.6,night_mode
4.0,3.0,0.0,0.0,0.5,0.5,0.5,0.5,3.0,8.0,-1.0,6.318158826504805,0.07,1.0,1,0,16.4,night_mode
4.0,4.0,0.0,0.0,0.5,0.5,0.5,0.5,0.0,7.0,1.0,6.315816068721577,0.08,1.0,0,0,16.0,night_mode
5.0,5.0,0.0,1.0,0.5,0.5,0.5,0.5,0.0,8.0,3.0,6.3118062563067605,0.11,1.0,0,0,20.5,night_mode
6.0,5.0,1.0,2.0,0.5,0.5,0.5,0.5,0.0,11.0,3.0,6.309319899244333,0.14,1.0,1,1,23.5,night_mode
7.0,5.0,2.0,3.0,0.5,0.5,0.5,0.5,0.0,14.0,3.0,6.308350100603621,0.17,0.0,0,1,16.0,night_mode
5.0,4.0,3.0,3.0,0.5,0.5,0.5,0.5,1.0,17.0,-2.0,6.306378704168759,0.15,0.0,0,1,17.3,night_mode
3.0,3.0,4.0,3.0,0.5,0.5,0.5,0.5,2.0,15.0,-2.0,6.3034102306920765,0.13,0.0,0,1,18.6,night_mode
1.0,1.0,5.0,4.0,0.5,0.5,0.5,0.5,3.0,13.0,-2.0,6.299449173760641,0.11,0.0,2,0,21.4,night_mode
0.0,0.0,6.0,4.0,0.5,0.5,0.5,0.5,0.0,11.0,-1.0,6.301301301301302,0.1,0.0,0,0,20.0,night_mode
0.0,0.0,6.0,5.0,0.5,0.5,0.5,0.5,0.0,10.0,1.0,6.303651825912956,0.11,0.0,0,0,22.0,night_mode
0.0,1.0,6.0,5.0,0.5,0.5,0.5,0.5,0.0,11.0,1.0,6.3065,0.12,0.0,2,1,22.5,night_mode
0.0,1.0,7.0,5.0,0.5,0.5,0.5,0.5,0.0,12.0,1.0,6.3098450774612695,0.13,1.0,0,1,8.0,night_mode
0.0,2.0,6.0,2.0,0.5,0.5,0.5,0.5,1.0,13.0,-3.0,6.308537194208687,0.1,1.0,0,0,8.8,night_mode
1.0,3.0,4.0,0.0,0.5,0.5,0.5,0.5,2.0,10.0,-2.0,6.30309072781655,0.08,1.0,0,0,11.6,night_mode
0.0,0.0,0.0,0.0,4.5,4.5,1.0,1.0,0.0,0.0,0.0,0.0,0.0,0.0,0,0,0.0,rush_hour_ns
2.0,2.0,2.0,0.0,4.5,4.5,1.0,1.0,1.0,6.0,0.0,0.6666666666666666,0.06,0.0,0,0,6.8,rush_hour_ns
3.0,6.0,2.0,1.0,4.5,4.5,1.0,1.0,2.0,6.0,6.0,1.0,0.12,0.0,0,1,12.1,rush_hour_ns
5.0,8.0,2.0,1.0,4.5,4.5,1.0,1.0,3.0,12.0,4.0,1.36,0.16,0.0,0,1,14.9,rush_hour_ns
7.0,11.0,2.0,3.0,4.5,4.5,1.0,1.0,4.0,16.0,7.0,1.6764705882352942,0.23,0.0,0,1,22.2,rush_hour_ns
10.0,14.0,2.0,4.0,4.5,4.5,1.0,1.0,5.0,23.0,7.0,1.891304347826087,0.3,0.0,0,2,28.0,rush_hour_ns
14.0,15.0,4.0,6.0,4.5,4.5,1.0,1.0,6.0,30.0,9.0,2.135593220338983,0.39,0.0,2,2,39.3,rush_hour_ns
18.0,17.0,4.0,7.0,4.5,4.5,1.0,1.0,0.0,39.0,7.0,2.4225352112676055,0.46,0.0,0,2,39.5,rush_hour_ns
24.0,20.0,6.0,8.0,4.5,4.5,1.0,1.0,0.0,46.0,12.0,2.7710843373493974,0.58,0.0,0,2,50.0,rush_hour_ns
27.0,26.0,7.0,9.0,4.5,4.5,1.0,1.0,0.0,58.0,11.0,3.1808510638297873,0.69,0.0,2,2,58.5,rush_hour_ns
30.0,31.0,9.0,10.0,4.5,4.5,1.0,1.0,0.0,69.0,11.0,3.6095238095238096,0.8,1.0,0,2,131.5,rush_hour_ns
36.0,34.0,7.0,9.0,4.5,4.5,1.0,1.0,1.0,80.0,6.0,3.9743589743589745,0.86,1.0,0,2,148.8,rush_hour_ns
41.0,40.0,6.0,8.0,4.5,4.5,1.0,1.0,2.0,86.0,9.0,4.341085271317829,0.95,1.0,0,2,170.6,rush_hour_ns
44.0,46.0,6.0,9.0,4.5,4.5,1.0,1.0,3.0,95.0,10.0,4.716312056737588,1.0,1.0,0,2,189.9,rush_hour_ns
48.0,49.0,4.0,8.0,4.5,4.5,1.0,1.0,4.0,105.0,4.0,5.16,1.0,1.0,0,2,203.2,rush_hour_ns
52.0,55.0,2.0,6.0,4.5,4.5,1.0,1.0,5.0,109.0,6.0,5.521739130434782,1.0,1.0,1,2,222.0,rush_hour_ns
58.0,59.0,3.0,6.0,4.5,4.5,1.0,1.0,0.0,115.0,11.0,5.833333333333333,1.0,1.0,0,2,238.5,rush_hour_ns
62.0,62.0,5.0,7.0,4.5,4.5,1.0,1.0,0.0,126.0,10.0,6.255434782608695,1.0,1.0,0,2,254.0,rush_hour_ns
65.0,66.0,6.0,8.0,4.5,4.5,1.0,1.0,0.0,136.0,9.0,6.715025906735751,1.0,1.0,1,2,269.0,rush_hour_ns
71.0,69.0,7.0,10.0,4.5,4.5,1.0,1.0,0.0,145.0,12.0,7.087804878048781,1.0,0.0,0,2,104.0,rush_hour_ns
72.0,74.0,7.0,11.0,4.5,4.5,1.0,1.0,1.0,157.0,7.0,7.52093023255814,1.0,0.0,0,2,109.8,rush_hour_ns
73.0,78.0,9.0,12.0,4.5,4.5,1.0,1.0,2.0,164.0,8.0,7.915929203539823,1.0,0.0,0,2,119.1,rush_hour_ns
75.0,80.0,9.0,13.0,4.5,4.5,1.0,1.0,3.0,172.0,5.0,8.401709401709402,1.0,0.0,0,2,123.9,rush_hour_ns
77.0,84.0,11.0,15.0,4.5,4.5,1.0,1.0,4.0,177.0,10.0,8.7165991902834,1.0,0.0,0,2,135.7,rush_hour_ns
78.0,86.0,11.0,15.0,4.5,4.5,1.0,1.0,5.0,187.0,3.0,9.188235294117646,1.0,0.0,2,2,138.0,rush_hour_ns
81.0,89.0,13.0,16.0,4.5,4.5,1.0,1.0,0.0,190.0,9.0,9.485074626865671,1.0,0.0,0,2,143.0,rush_hour_ns
84.0,93.0,13.0,16.0,4.5,4.5,1.0,1.0,0.0,199.0,7.0,9.992727272727272,1.0,0.0,0,2,146.5,rush_hour_ns
87.0,99.0,14.0,17.0,4.5,4.5,1.0,1.0,0.0,206.0,11.0,10.367132867132867,1.0,0.0,2,2,155.0,rush_hour_ns
93.0,102.0,16.0,19.0,4.5,4.5,1.0,1.0,0.0,217.0,13.0,10.68561872909699,1.0,1.0,0,2,407.5,rush_hour_ns
98.0,105.0,16.0,18.0,4.5,4.5,1.0,1.0,1.0,230.0,7.0,11.106796116504855,1.0,1.0,0,2,423.8,rush_hour_ns
104.0,111.0,15.0,16.0,4.5,4.5,1.0,1.0,2.0,237.0,9.0,11.457943925233645,1.0,1.0,0,2,447.1,rush_hour_ns
109.0,117.0,15.0,17.0,4.5,4.5,1.0,1.0,3.0,246.0,12.0,11.749253731343284,1.0,1.0,0,2,470.4,rush_hour_ns
112.0,120.0,12.0,16.0,4.5,4.5,1.0,1.0,4.0,258.0,2.0,12.304985337243401,1.0,1.0,0,2,481.2,rush_hour_ns
116.0,126.0,12.0,15.0,4.5,4.5,1.0,1.0,5.0,260.0,9.0,12.577464788732394,1.0,1.0,1,2,501.5,rush_hour_ns
121.0,132.0,11.0,14.0,4.5,4.5,1.0,1.0,0.0,269.0,9.0,12.888586956521738,1.0,1.0,0,2,518.5,rush_hour_ns
127.0,135.0,13.0,14.0,4.5,4.5,1.0,1.0,0.0,278.0,11.0,13.277044854881266,1.0,1.0,0,2,537.5,rush_hour_ns
131.0,139.0,13.0,15.0,4.5,4.5,1.0,1.0,0.0,289.0,9.0,13.737113402061855,1.0,1.0,1,2,554.0,rush_hour_ns
135.0,145.0,13.0,16.0,4.5,4.5,1.0,1.0,0.0,298.0,11.0,14.132832080200501,1.0,0.0,0,2,198.0,rush_hour_ns
135.0,146.0,13.0,18.0,4.5,4.5,1.0,1.0,1.0,309.0,3.0,14.621621621621621,1.0,0.0,0,2,203.3,rush_hour_ns
137.0,149.0,13.0,19.0,4.5,4.5,1.0,1.0,2.0,312.0,6.0,15.069711538461538,1.0,0.0,0,2,208.6,rush_hour_ns
139.0,151.0,15.0,20.0,4.5,4.5,1.0,1.0,3.0,318.0,7.0,15.442622950819672,1.0,0.0,0,2,217.4,rush_hour_ns
140.0,151.0,15.0,21.0,4.5,4.5,1.0,1.0,4.0,325.0,2.0,15.910344827586206,1.0,0.0,0,2,220.7,rush_hour_ns
140.0,154.0,17.0,21.0,4.5,4.5,1.0,1.0,5.0,327.0,5.0,16.335585585585587,1.0,0.0,2,2,227.0,rush_hour_ns
140.0,159.0,19.0,21.0,4.5,4.5,1.0,1.0,0.0,332.0,7.0,16.685714285714287,1.0,0.0,0,2,229.5,rush_hour_ns
144.0,165.0,21.0,22.0,4.5,4.5,1.0,1.0,0.0,339.0,13.0,16.974358974358974,1.0,0.0,0,2,240.5,rush_hour_ns
148.0,170.0,22.0,22.0,4.5,4.5,1.0,1.0,0.0,352.0,10.0,17.376569037656903,1.0,0.0,2,2,247.0,rush_hour_ns
154.0,173.0,23.0,23.0,4.5,4.5,1.0,1.0,0.0,362.0,11.0,17.74846625766871,1.0,1.0,0,2,677.0,rush_hour_ns
157.0,177.0,23.0,23.0,4.5,4.5,1.0,1.0,1.0,373.0,7.0,18.118,1.0,1.0,0,2,691.8,rush_hour_ns
163.0,181.0,23.0,20.0,4.5,4.5,1.0,1.0,2.0,380.0,7.0,18.44921875,1.0,1.0,0,2,711.1,rush_hour_ns
169.0,185.0,20.0,20.0,4.5,4.5,1.0,1.0,3.0,387.0,7.0,18.778625954198475,1.0,1.0,0,2,730.4,rush_hour_ns
175.0,188.0,20.0,20.0,4.5,4.5,1.0,1.0,4.0,394.0,9.0,19.11007462686567,1.0,1.0,0,2,749.2,rush_hour_ns
178.0,191.0,19.0,19.0,4.5,4.5,1.0,1.0,5.0,403.0,4.0,19.577205882352942,1.0,1.0,1,2,761.0,rush_hour_ns
183.0,196.0,18.0,17.0,4.5,4.5,1.0,1.0,0.0,407.0,7.0,19.899280575539567,1.0,1.0,0,2,775.5,rush_hour_ns
188.0,201.0,20.0,19.0,4.5,4.5,1.0,1.0,0.0,414.0,14.0,20.16140350877193,1.0,1.0,0,2,797.5,rush_hour_ns
193.0,206.0,21.0,21.0,4.5,4.5,1.0,1.0,0.0,428.0,13.0,20.46826758147513,1.0,1.0,1,2,819.0,rush_hour_ns
199.0,212.0,23.0,23.0,4.5,4.5,1.0,1.0,0.0,441.0,16.0,20.684474123539232,1.0,0.0,0,2,297.5,rush_hour_ns
200.0,216.0,24.0,23.0,4.5,4.5,1.0,1.0,1.0,457.0,6.0,21.07049180327869,1.0,0.0,0,2,302.8,rush_hour_ns
203.0,217.0,25.0,25.0,4.5,4.5,1.0,1.0,2.0,463.0,7.0,21.454106280193237,1.0,0.0,0,2,311.6,rush_hour_ns
207.0,218.0,26.0,26.0,4.5,4.5,1.0,1.0,3.0,470.0,7.0,21.835443037974684,1.0,0.0,0,2,318.9,rush_hour_ns
209.0,220.0,27.0,26.0,4.5,4.5,1.0,1.0,4.0,477.0,5.0,22.246105919003114,1.0,0.0,0,2,323.7,rush_hour_ns
213.0,222.0,28.0,28.0,4.5,4.5,1.0,1.0,5.0,482.0,9.0,22.51981707317073,1.0,0.0,2,2,333.5,rush_hour_ns
216.0,223.0,30.0,29.0,4.5,4.5,1.0,1.0,0.0,491.0,7.0,22.89505247376312,1.0,0.0,0,2,337.5,rush_hour_ns
221.0,228.0,30.0,30.0,4.5,4.5,1.0,1.0,0.0,498.0,11.0,23.27433628318584,1.0,0.0,0,2,344.5,rush_hour_ns
225.0,231.0,32.0,32.0,4.5,4.5,1.0,1.0,0.0,509.0,11.0,23.657474600870827,1.0,0.0,2,2,356.0,rush_hour_ns
230.0,235.0,32.0,34.0,4.5,4.5,1.0,1.0,0.0,520.0,11.0,24.044285714285714,1.0,1.0,0,2,963.0,rush_hour_ns
235.0,239.0,32.0,34.0,4.5,4.5,1.0,1.0,1.0,531.0,9.0,24.39747191011236,1.0,1.0,0,2,981.8,rush_hour_ns
241.0,245.0,31.0,33.0,4.5,4.5,1.0,1.0,2.0,540.0,10.0,24.650618982118296,1.0,1.0,0,2,1005.6,rush_hour_ns
246.0,249.0,31.0,33.0,4.5,4.5,1.0,1.0,3.0,550.0,9.0,25.006765899864682,1.0,1.0,0,2,1024.4,rush_hour_ns
249.0,255.0,32.0,33.0,4.5,4.5,1.0,1.0,4.0,559.0,10.0,25.364846870838882,1.0,1.0,0,2,1043.7,rush_hour_ns
253.0,260.0,30.0,31.0,4.5,4.5,1.0,1.0,5.0,569.0,5.0,25.751968503937007,1.0,1.0,1,2,1060.5,rush_hour_ns
258.0,266.0,29.0,30.0,4.5,4.5,1.0,1.0,0.0,574.0,9.0,26.10594315245478,1.0,1.0,0,2,1077.5,rush_hour_ns
264.0,269.0,30.0,31.0,4.5,4.5,1.0,1.0,0.0,583.0,11.0,26.496815286624205,1.0,1.0,0,2,1096.5,rush_hour_ns
270.0,274.0,30.0,31.0,4.5,4.5,1.0,1.0,0.0,594.0,11.0,26.89070351758794,1.0,1.0,1,2,1118.5,rush_hour_ns
274.0,277.0,31.0,31.0,4.5,4.5,1.0,1.0,0.0,605.0,8.0,27.385572139303484,1.0,0.0,0,2,399.5,rush_hour_ns
274.0,277.0,32.0,31.0,4.5,4.5,1.0,1.0,1.0,613.0,1.0,27.90628853267571,1.0,0.0,0,2,402.3,rush_hour_ns
276.0,279.0,32.0,33.0,4.5,4.5,1.0,1.0,2.0,614.0,6.0,28.287104622871045,1.0,0.0,0,2,409.1,rush_hour_ns
279.0,281.0,34.0,35.0,4.5,4.5,1.0,1.0,3.0,620.0,9.0,28.668667466986793,1.0,0.0,0,2,420.4,rush_hour_ns
280.0,284.0,36.0,37.0,4.5,4.5,1.0,1.0,4.0,629.0,8.0,29.015384615384615,1.0,0.0,0,2,431.2,rush_hour_ns
283.0,285.0,36.0,37.0,4.5,4.5,1.0,1.0,5.0,637.0,4.0,29.425730994152048,1.0,0.0,2,2,434.0,rush_hour_ns
287.0,287.0,36.0,37.0,4.5,4.5,1.0,1.0,0.0,641.0,6.0,29.833526011560693,1.0,0.0,0,2,433.0,rush_hour_ns
292.0,291.0,36.0,38.0,4.5,4.5,1.0,1.0,0.0,647.0,10.0,30.24342857142857,1.0,0.0,0,2,439.5,rush_hour_ns
296.0,294.0,36.0,38.0,4.5,4.5,1.0,1.0,0.0,657.0,7.0,30.756235827664398,1.0,0.0,2,2,443.0,rush_hour_ns
301.0,300.0,36.0,38.0,4.5,4.5,1.0,1.0,0.0,664.0,11.0,31.133258678611423,1.0,1.0,0,2,1239.0,rush_hour_ns
305.0,306.0,34.0,35.0,4.5,4.5,1.0,1.0,1.0,675.0,5.0,31.54152823920266,1.0,1.0,0,2,1257.3,rush_hour_ns
309.0,310.0,33.0,35.0,4.5,4.5,1.0,1.0,2.0,680.0,7.0,31.98355263157895,1.0,1.0,0,2,1273.6,rush_hour_ns
313.0,315.0,31.0,35.0,4.5,4.5,1.0,1.0,3.0,687.0,7.0,32.31926406926407,1.0,1.0,0,2,1291.4,rush_hour_ns
319.0,319.0,30.0,33.0,4.5,4.5,1.0,1.0,4.0,694.0,7.0,32.723768736616705,1.0,1.0,0,2,1310.7,rush_hour_ns
325.0,325.0,28.0,32.0,4.5,4.5,1.0,1.0,5.0,701.0,9.0,32.98945147679325,1.0,1.0,1,2,1334.0,rush_hour_ns
331.0,328.0,29.0,30.0,4.5,4.5,1.0,1.0,0.0,710.0,8.0,33.325,1.0,1.0,0,2,1347.5,rush_hour_ns
337.0,334.0,31.0,31.0,4.5,4.5,1.0,1.0,0.0,718.0,15.0,33.56410256410256,1.0,1.0,0,2,1373.0,rush_hour_ns
342.0,337.0,32.0,33.0,4.5,4.5,1.0,1.0,0.0,733.0,11.0,33.94421906693712,1.0,1.0,1,2,1390.5,rush_hour_ns
348.0,343.0,34.0,33.0,4.5,4.5,1.0,1.0,0.0,744.0,14.0,34.227,1.0,0.0,0,2,479.5,rush_hour_ns
350.0,344.0,36.0,33.0,4.5,4.5,1.0,1.0,1.0,758.0,5.0,34.609297725024724,1.0,0.0,0,2,485.8,rush_hour_ns
355.0,346.0,37.0,33.0,4.5,4.5,1.0,1.0,2.0,763.0,8.0,34.99119373776908,1.0,0.0,0,2,492.1,rush_hour_ns
357.0,350.0,38.0,33.0,4.5,4.5,1.0,1.0,3.0,771.0,7.0,35.33752417794971,1.0,0.0,0,2,497.9,rush_hour_ns
360.0,353.0,40.0,34.0,4.5,4.5,1.0,1.0,4.0,778.0,9.0,35.65042979942693,1.0,0.0,0,2,507.7,rush_hour_ns
363.0,354.0,41.0,36.0,4.5,4.5,1.0,1.0,5.0,787.0,7.0,36.0643330179754,1.0,0.0,2,2,516.5,rush_hour_ns
366.0,357.0,42.0,36.0,4.5,4.5,1.0,1.0,0.0,794.0,7.0,36.44288389513109,1.0,0.0,0,2,517.5,rush_hour_ns
372.0,363.0,42.0,37.0,4.5,4.5,1.0,1.0,0.0,801.0,13.0,36.75763182238668,1.0,0.0,0,2,525.5,rush_hour_ns
377.0,368.0,42.0,38.0,4.5,4.5,1.0,1.0,0.0,814.0,11.0,37.142857142857146,1.0,0.0,2,2,532.5,rush_hour_ns
382.0,373.0,43.0,38.0,4.5,4.5,1.0,1.0,0.0,825.0,11.0,37.530371713508615,1.0,1.0,0,2,1550.5,rush_hour_ns
386.0,377.0,42.0,37.0,4.5,4.5,1.0,1.0,1.0,836.0,6.0,37.88161434977579,1.0,1.0,0,2,1566.3,rush_hour_ns
390.0,380.0,42.0,37.0,4.5,4.5,1.0,1.0,2.0,842.0,7.0,38.33362989323843,1.0,1.0,0,2,1581.1,rush_hour_ns
393.0,384.0,39.0,36.0,4.5,4.5,1.0,1.0,3.0,849.0,3.0,38.781112091791705,1.0,1.0,0,2,1593.9,rush_hour_ns
396.0,389.0,37.0,36.0,4.5,4.5,1.0,1.0,4.0,852.0,6.0,39.192475940507435,1.0,1.0,0,2,1609.7,rush_hour_ns
400.0,394.0,35.0,36.0,4.5,4.5,1.0,1.0,5.0,858.0,7.0,39.602775368603645,1.0,1.0,1,2,1627.5,rush_hour_ns
404.0,400.0,33.0,35.0,4.5,4.5,1.0,1.0,0.0,865.0,7.0,39.97766323024055,1.0,1.0,0,2,1642.0,rush_hour_ns
408.0,403.0,35.0,35.0,4.5,4.5,1.0,1.0,0.0,872.0,9.0,40.42199488491048,1.0,1.0,0,2,1657.0,rush_hour_ns
412.0,408.0,37.0,36.0,4.5,4.5,1.0,1.0,0.0,881.0,12.0,40.766244725738396,1.0,1.0,1,2,1676.5,rush_hour_ns
418.0,412.0,37.0,36.0,4.5,4.5,1.0,1.0,0.0,893.0,10.0,41.18075313807531,1.0,0.0,0,2,561.0,rush_hour_ns
420.0,414.0,37.0,36.0,4.5,4.5,1.0,1.0,1.0,903.0,4.0,41.6955074875208,1.0,0.0,0,2,563.8,rush_hour_ns
420.0,419.0,39.0,37.0,4.5,4.5,1.0,1.0,2.0,907.0,8.0,42.03706754530478,1.0,0.0,0,2,573.1,rush_hour_ns
422.0,422.0,39.0,37.0,4.5,4.5,1.0,1.0,3.0,915.0,5.0,42.51472995090016,1.0,0.0,0,2,576.4,rush_hour_ns
426.0,423.0,41.0,39.0,4.5,4.5,1.0,1.0,4.0,920.0,9.0,42.85413290113452,1.0,0.0,0,2,587.7,rush_hour_ns
429.0,426.0,41.0,40.0,4.5,4.5,1.0,1.0,5.0,929.0,7.0,43.296862429605795,1.0,0.0,2,2,593.5,rush_hour_ns
431.0,430.0,43.0,41.0,4.5,4.5,1.0,1.0,0.0,936.0,9.0,43.635856573705176,1.0,0.0,0,2,598.5,rush_hour_ns
437.0,434.0,45.0,41.0,4.5,4.5,1.0,1.0,0.0,945.0,12.0,43.97790055248619,1.0,0.0,0,2,607.5,rush_hour_ns
441.0,438.0,47.0,43.0,4.5,4.5,1.0,1.0,0.0,957.0,12.0,44.322908522283036,1.0,0.0,2,2,619.5,rush_hour_ns
444.0,441.0,48.0,43.0,4.5,4.5,1.0,1.0,0.0,969.0,7.0,44.84059097978227,1.0,1.0,0,2,1815.5,rush_hour_ns
447.0,446.0,47.0,42.0,4.5,4.5,1.0,1.0,1.0,976.0,6.0,45.217424826522745,1.0,1.0,0,2,1831.3,rush_hour_ns
453.0,452.0,46.0,40.0,4.5,4.5,1.0,1.0,2.0,982.0,9.0,45.45579268292683,1.0,1.0,0,2,1854.6,rush_hour_ns
458.0,458.0,45.0,41.0,4.5,4.5,1.0,1.0,3.0,991.0,11.0,45.7315233785822,1.0,1.0,0,2,1877.4,rush_hour_ns
464.0,462.0,44.0,38.0,4.5,4.5,1.0,1.0,4.0,1002.0,6.0,46.1437125748503,1.0,1.0,0,2,1896.2,rush_hour_ns
469.0,467.0,42.0,38.0,4.5,4.5,1.0,1.0,5.0,1008.0,8.0,46.486646884273,1.0,1.0,1,2,1916.0,rush_hour_ns
475.0,472.0,41.0,36.0,4.5,4.5,1.0,1.0,0.0,1016.0,8.0,46.82941176470588,1.0,1.0,0,2,1932.5,rush_hour_ns
479.0,475.0,41.0,37.0,4.5,4.5,1.0,1.0,0.0,1024.0,8.0,47.30994152046784,1.0,1.0,0,2,1947.0,rush_hour_ns
483.0,481.0,43.0,39.0,4.5,4.5,1.0,1.0,0.0,1032.0,14.0,47.58755426917511,1.0,1.0,1,2,1969.0,rush_hour_ns
487.0,486.0,44.0,39.0,4.5,4.5,1.0,1.0,0.0,1046.0,10.0,48.00431034482759,1.0,0.0,0,2,652.5,rush_hour_ns
489.0,487.0,44.0,40.0,4.5,4.5,1.0,1.0,1.0,1056.0,4.0,48.48714285714286,1.0,0.0,0,2,656.8,rush_hour_ns
493.0,492.0,46.0,41.0,4.5,4.5,1.0,1.0,2.0,1060.0,12.0,48.73074204946997,1.0,0.0,0,2,668.1,rush_hour_ns
498.0,495.0,47.0,41.0,4.5,4.5,1.0,1.0,3.0,1072.0,9.0,49.11290322580645,1.0,0.0,0,2,674.9,rush_hour_ns
499.0,498.0,48.0,41.0,4.5,4.5,1.0,1.0,4.0,1081.0,5.0,49.561672473867596,1.0,0.0,0,2,679.7,rush_hour_ns
503.0,502.0,48.0,43.0,4.5,4.5,1.0,1.0,5.0,1086.0,10.0,49.8391994478951,1.0,0.0,2,2,688.5,rush_hour_ns
507.0,503.0,49.0,43.0,4.5,4.5,1.0,1.0,0.0,1096.0,6.0,50.252912954078134,1.0,0.0,0,2,689.0,rush_hour_ns
511.0,508.0,51.0,43.0,4.5,4.5,1.0,1.0,0.0,1102.0,11.0,50.63401360544218,1.0,0.0,0,2,697.5,rush_hour_ns
514.0,511.0,51.0,45.0,4.5,4.5,1.0,1.0,0.0,1113.0,8.0,51.11840324763193,1.0,0.0,2,2,704.5,rush_hour_ns
519.0,514.0,51.0,47.0,4.5,4.5,1.0,1.0,0.0,1121.0,10.0,51.534946236559136,1.0,1.0,0,2,2115.0,rush_hour_ns
523.0,519.0,49.0,46.0,4.5,4.5,1.0,1.0,1.0,1131.0,6.0,51.94993324432577,1.0,1.0,0,2,2132.3,rush_hour_ns
529.0,524.0,49.0,45.0,4.5,4.5,1.0,1.0,2.0,1137.0,10.0,52.22751322751323,1.0,1.0,0,2,2154.6,rush_hour_ns
532.0,527.0,48.0,43.0,4.5,4.5,1.0,1.0,3.0,1147.0,3.0,52.709210526315786,1.0,1.0,0,2,2165.9,rush_hour_ns
535.0,530.0,46.0,41.0,4.5,4.5,1.0,1.0,4.0,1150.0,2.0,53.222003929273086,1.0,1.0,0,2,2176.7,rush_hour_ns
541.0,535.0,45.0,40.0,4.5,4.5,1.0,1.0,5.0,1152.0,9.0,53.596228868660596,1.0,1.0,1,2,2198.5,rush_hour_ns
547.0,540.0,45.0,39.0,4.5,4.5,1.0,1.0,0.0,1161.0,10.0,53.93677419354839,1.0,1.0,0,2,2216.0,rush_hour_ns
552.0,543.0,45.0,39.0,4.5,4.5,1.0,1.0,0.0,1171.0,8.0,54.41655969191271,1.0,1.0,0,2,2232.0,rush_hour_ns
558.0,547.0,46.0,39.0,4.5,4.5,1.0,1.0,0.0,1179.0,11.0,54.79349904397706,1.0,1.0,1,2,2252.5,rush_hour_ns
564.0,552.0,46.0,39.0,4.5,4.5,1.0,1.0,0.0,1190.0,11.0,55.17215189873418,1.0,0.0,0,2,728.0,rush_hour_ns
564.0,554.0,46.0,40.0,4.5,4.5,1.0,1.0,1.0,1201.0,3.0,55.65239294710327,1.0,0.0,0,2,731.8,rush_hour_ns
564.0,556.0,47.0,40.0,4.5,4.5,1.0,1.0,2.0,1204.0,3.0,56.1296992481203,1.0,0.0,0,2,735.6,rush_hour_ns
565.0,556.0,49.0,41.0,4.5,4.5,1.0,1.0,3.0,1207.0,4.0,56.56947040498442,1.0,0.0,0,2,742.9,rush_hour_ns
567.0,559.0,50.0,43.0,4.5,4.5,1.0,1.0,4.0,1211.0,8.0,56.83323038912909,1.0,0.0,0,2,752.2,rush_hour_ns
569.0,561.0,52.0,43.0,4.5,4.5,1.0,1.0,5.0,1219.0,6.0,57.166155732679336,1.0,0.0,2,2,759.0,rush_hour_ns
572.0,563.0,52.0,43.0,4.5,4.5,1.0,1.0,0.0,1225.0,5.0,57.60243902439024,1.0,0.0,0,2,757.5,rush_hour_ns
577.0,568.0,54.0,44.0,4.5,4.5,1.0,1.0,0.0,1230.0,13.0,57.90139140955838,1.0,0.0,0,2,768.5,rush_hour_ns
583.0,574.0,54.0,46.0,4.5,4.5,1.0,1.0,0.0,1243.0,14.0,58.169166166766644,1.0,0.0,2,2,778.5,rush_hour_ns
588.0,579.0,54.0,46.0,4.5,4.5,1.0,1.0,0.0,1257.0,10.0,58.577817531305904,1.0,1.0,0,2,2384.0,rush_hour_ns
592.0,583.0,53.0,46.0,4.5,4.5,1.0,1.0,1.0,1267.0,7.0,59.02075919335706,1.0,1.0,0,2,2400.3,rush_hour_ns
597.0,589.0,53.0,44.0,4.5,4.5,1.0,1.0,2.0,1274.0,9.0,59.28941176470588,1.0,1.0,0,2,2422.1,rush_hour_ns
602.0,594.0,52.0,41.0,4.5,4.5,1.0,1.0,3.0,1283.0,6.0,59.69649122807017,1.0,1.0,0,2,2440.9,rush_hour_ns
608.0,597.0,51.0,39.0,4.5,4.5,1.0,1.0,4.0,1289.0,6.0,60.10232558139535,1.0,1.0,0,2,2458.2,rush_hour_ns
614.0,601.0,51.0,38.0,4.5,4.5,1.0,1.0,5.0,1295.0,9.0,60.43879907621247,1.0,1.0,1,2,2478.5,rush_hour_ns
619.0,604.0,50.0,36.0,4.5,4.5,1.0,1.0,0.0,1304.0,5.0,60.87823090178058,1.0,1.0,0,2,2489.0,rush_hour_ns
625.0,608.0,51.0,37.0,4.5,4.5,1.0,1.0,0.0,1309.0,12.0,61.21505989731888,1.0,1.0,0,2,2510.0,rush_hour_ns
629.0,613.0,51.0,39.0,4.5,4.5,1.0,1.0,0.0,1321.0,11.0,61.58843537414966,1.0,1.0,1,2,2529.0,rush_hour_ns
633.0,618.0,51.0,41.0,4.5,4.5,1.0,1.0,0.0,1332.0,11.0,61.96338028169014,1.0,0.0,0,2,809.5,rush_hour_ns
637.0,623.0,51.0,41.0,4.5,4.5,1.0,1.0,1.0,1343.0,9.0,62.338745800671894,1.0,0.0,0,2,814.8,rush_hour_ns
638.0,626.0,53.0,42.0,4.5,4.5,1.0,1.0,2.0,1352.0,7.0,62.74832962138085,1.0,0.0,0,2,823.6,rush_hour_ns
641.0,628.0,53.0,43.0,4.5,4.5,1.0,1.0,3.0,1359.0,6.0,63.22671840354767,1.0,0.0,0,2,828.9,rush_hour_ns
642.0,630.0,54.0,45.0,4.5,4.5,1.0,1.0,4.0,1365.0,6.0,63.563876651982376,1.0,0.0,0,2,837.2,rush_hour_ns
645.0,631.0,54.0,45.0,4.5,4.5,1.0,1.0,5.0,1371.0,4.0,64.0389254385965,1.0,0.0,2,2,840.0,rush_hour_ns
647.0,631.0,56.0,45.0,4.5,4.5,1.0,1.0,0.0,1375.0,4.0,64.51200873362446,1.0,0.0,0,2,841.0,rush_hour_ns
650.0,635.0,56.0,46.0,4.5,4.5,1.0,1.0,0.0,1379.0,8.0,64.98532608695652,1.0,0.0,0,2,846.5,rush_hour_ns
656.0,638.0,57.0,48.0,4.5,4.5,1.0,1.0,0.0,1387.0,12.0,65.31965442764579,1.0,0.0,2,2,857.0,rush_hour_ns
661.0,641.0,59.0,49.0,4.5,4.5,1.0,1.0,0.0,1399.0,11.0,65.69082125603865,1.0,1.0,0,2,2658.0,rush_hour_ns
665.0,644.0,58.0,50.0,4.5,4.5,1.0,1.0,1.0,1410.0,7.0,66.09663641217298,1.0,1.0,0,2,2672.8,rush_hour_ns
668.0,650.0,57.0,48.0,4.5,4.5,1.0,1.0,2.0,1417.0,6.0,66.46602972399151,1.0,1.0,0,2,2690.1,rush_hour_ns
671.0,656.0,57.0,47.0,4.5,4.5,1.0,1.0,3.0,1423.0,8.0,66.80010548523207,1.0,1.0,0,2,2708.4,rush_hour_ns
677.0,662.0,56.0,47.0,4.5,4.5,1.0,1.0,4.0,1431.0,11.0,67.03035060177918,1.0,1.0,0,2,2732.7,rush_hour_ns
683.0,668.0,53.0,46.0,4.5,4.5,1.0,1.0,5.0,1442.0,8.0,67.33108108108108,1.0,1.0,1,2,2755.5,rush_hour_ns
687.0,672.0,51.0,45.0,4.5,4.5,1.0,1.0,0.0,1450.0,5.0,67.7703052250388,1.0,1.0,0,2,2766.0,rush_hour_ns
690.0,675.0,51.0,47.0,4.5,4.5,1.0,1.0,0.0,1455.0,8.0,68.2447192168985,1.0,1.0,0,2,2779.0,rush_hour_ns
693.0,679.0,51.0,48.0,4.5,4.5,1.0,1.0,0.0,1463.0,8.0,68.71934325295022,1.0,1.0,1,2,2793.5,rush_hour_ns
697.0,683.0,53.0,48.0,4.5,4.5,1.0,1.0,0.0,1471.0,10.0,69.12455334354263,1.0,0.0,0,2,892.0,rush_hour_ns
699.0,687.0,55.0,49.0,4.5,4.5,1.0,1.0,1.0,1481.0,9.0,69.42444219066937,1.0,0.0,0,2,901.8,rush_hour_ns
702.0,690.0,56.0,49.0,4.5,4.5,1.0,1.0,2.0,1490.0,7.0,69.72392947103275,1.0,0.0,0,2,907.6,rush_hour_ns
706.0,692.0,57.0,51.0,4.5,4.5,1.0,1.0,3.0,1497.0,9.0,70.05908863294943,1.0,0.0,0,2,917.4,rush_hour_ns
709.0,697.0,57.0,52.0,4.5,4.5,1.0,1.0,4.0,1506.0,9.0,70.42978087649402,1.0,0.0,0,2,924.2,rush_hour_ns
710.0,700.0,58.0,52.0,4.5,4.5,1.0,1.0,5.0,1515.0,5.0,70.86911254338126,1.0,0.0,2,2,929.0,rush_hour_ns
714.0,702.0,59.0,52.0,4.5,4.5,1.0,1.0,0.0,1520.0,7.0,71.20256283883687,1.0,0.0,0,2,930.0,rush_hour_ns
720.0,707.0,61.0,54.0,4.5,4.5,1.0,1.0,0.0,1527.0,15.0,71.43444227005871,1.0,0.0,0,2,943.5,rush_hour_ns
724.0,710.0,61.0,55.0,4.5,4.5,1.0,1.0,0.0,1542.0,8.0,71.91130604288499,1.0,0.0,2,2,949.0,rush_hour_ns
730.0,713.0,62.0,56.0,4.5,4.5,1.0,1.0,0.0,1550.0,11.0,72.28453708191954,1.0,1.0,0,2,2945.0,rush_hour_ns
734.0,716.0,59.0,53.0,4.5,4.5,1.0,1.0,1.0,1561.0,1.0,72.79468599033817,1.0,1.0,0,2,2956.8,rush_hour_ns
740.0,721.0,58.0,53.0,4.5,4.5,1.0,1.0,2.0,1562.0,10.0,73.09505520883341,1.0,1.0,0,2,2979.1,rush_hour_ns
743.0,724.0,57.0,52.0,4.5,4.5,1.0,1.0,3.0,1572.0,4.0,73.53393881453155,1.0,1.0,0,2,2990.9,rush_hour_ns
748.0,729.0,55.0,49.0,4.5,4.5,1.0,1.0,4.0,1576.0,5.0,73.93625118934348,1.0,1.0,0,2,3009.2,rush_hour_ns
752.0,733.0,52.0,47.0,4.5,4.5,1.0,1.0,5.0,1581.0,3.0,74.37138796778778,1.0,1.0,1,2,3023.5,rush_hour_ns
757.0,739.0,51.0,46.0,4.5,4.5,1.0,1.0,0.0,1584.0,9.0,74.59595484477893,1.0,1.0,0,2,3040.5,rush_hour_ns
761.0,745.0,53.0,46.0,4.5,4.5,1.0,1.0,0.0,1593.0,12.0,74.92797006548176,1.0,1.0,0,2,3061.5,rush_hour_ns
767.0,750.0,55.0,47.0,4.5,4.5,1.0,1.0,0.0,1605.0,14.0,75.192843866171,1.0,1.0,1,2,3085.0,rush_hour_ns
770.0,755.0,56.0,47.0,4.5,4.5,1.0,1.0,0.0,1619.0,9.0,75.63304025913929,1.0,0.0,0,2,968.5,rush_hour_ns
774.0,755.0,57.0,48.0,4.5,4.5,1.0,1.0,1.0,1628.0,6.0,76.00230202578268,1.0,0.0,0,2,975.3,rush_hour_ns
776.0,758.0,59.0,48.0,4.5,4.5,1.0,1.0,2.0,1634.0,7.0,76.37104901511681,1.0,0.0,0,2,982.6,rush_hour_ns
778.0,759.0,59.0,50.0,4.5,4.5,1.0,1.0,3.0,1641.0,5.0,76.7733698130415,1.0,0.0,0,2,988.9,rush_hour_ns
783.0,763.0,59.0,52.0,4.5,4.5,1.0,1.0,4.0,1646.0,11.0,77.07207615593835,1.0,0.0,0,2,998.2,rush_hour_ns
786.0,767.0,59.0,53.0,4.5,4.5,1.0,1.0,5.0,1657.0,8.0,77.44068561118628,1.0,0.0,2,2,1004.5,rush_hour_ns
786.0,768.0,60.0,55.0,4.5,4.5,1.0,1.0,0.0,1665.0,4.0,77.87735849056604,1.0,0.0,0,2,1007.0,rush_hour_ns
789.0,773.0,62.0,57.0,4.5,4.5,1.0,1.0,0.0,1669.0,12.0,78.21090259159965,1.0,0.0,0,2,1019.0,rush_hour_ns
792.0,779.0,64.0,57.0,4.5,4.5,1.0,1.0,0.0,1681.0,11.0,78.58070253445976,1.0,0.0,2,2,1027.5,rush_hour_ns
797.0,782.0,64.0,58.0,4.5,4.5,1.0,1.0,0.0,1692.0,9.0,79.02081488042515,1.0,1.0,0,2,3219.0,rush_hour_ns
802.0,786.0,65.0,59.0,4.5,4.5,1.0,1.0,1.0,1701.0,11.0,79.3223249669749,1.0,1.0,0,2,3238.8,rush_hour_ns
808.0,789.0,65.0,59.0,4.5,4.5,1.0,1.0,2.0,1712.0,9.0,79.6592203241349,1.0,1.0,0,2,3257.6,rush_hour_ns
811.0,792.0,62.0,59.0,4.5,4.5,1.0,1.0,3.0,1721.0,3.0,80.13356612832824,1.0,1.0,0,2,3268.9,rush_hour_ns
815.0,797.0,62.0,59.0,4.5,4.5,1.0,1.0,4.0,1724.0,9.0,80.46851932262267,1.0,1.0,0,2,3287.7,rush_hour_ns
821.0,801.0,62.0,58.0,4.5,4.5,1.0,1.0,5.0,1733.0,9.0,80.80388768898489,1.0,1.0,1,2,3308.0,rush_hour_ns
826.0,806.0,61.0,57.0,4.5,4.5,1.0,1.0,0.0,1742.0,8.0,81.06955775010734,1.0,1.0,0,2,3323.0,rush_hour_ns
829.0,809.0,61.0,57.0,4.5,4.5,1.0,1.0,0.0,1750.0,6.0,81.61327623126338,1.0,1.0,0,2,3335.0,rush_hour_ns
832.0,813.0,61.0,58.0,4.5,4.5,1.0,1.0,0.0,1756.0,8.0,82.08749466495945,1.0,1.0,1,2,3349.5,rush_hour_ns
836.0,816.0,62.0,59.0,4.5,4.5,1.0,1.0,0.0,1764.0,9.0,82.52721088435374,1.0,0.0,0,2,1068.0,rush_hour_ns
837.0,819.0,64.0,59.0,4.5,4.5,1.0,1.0,1.0,1773.0,6.0,82.89589504866694,1.0,0.0,0,2,1074.8,rush_hour_ns
840.0,821.0,65.0,59.0,4.5,4.5,1.0,1.0,2.0,1779.0,6.0,83.33389544688028,1.0,0.0,0,2,1080.1,rush_hour_ns
843.0,824.0,67.0,60.0,4.5,4.5,1.0,1.0,3.0,1785.0,9.0,83.63186582809224,1.0,0.0,0,2,1089.9,rush_hour_ns
844.0,826.0,67.0,60.0,4.5,4.5,1.0,1.0,4.0,1794.0,3.0,84.17356754496026,1.0,0.0,0,2,1092.2,rush_hour_ns
847.0,830.0,69.0,61.0,4.5,4.5,1.0,1.0,5.0,1797.0,10.0,84.47004991680532,1.0,0.0,2,2,1102.5,rush_hour_ns
851.0,835.0,69.0,63.0,4.5,4.5,1.0,1.0,0.0,1807.0,11.0,84.7328370554177,1.0,0.0,0,2,1107.0,rush_hour_ns
855.0,839.0,71.0,65.0,4.5,4.5,1.0,1.0,0.0,1818.0,12.0,85.06748971193416,1.0,0.0,0,2,1119.0,rush_hour_ns
861.0,842.0,73.0,65.0,4.5,4.5,1.0,1.0,0.0,1830.0,11.0,85.43834494059811,1.0,0.0,2,2,1127.5,rush_hour_ns
867.0,848.0,74.0,66.0,4.5,4.5,1.0,1.0,0.0,1841.0,14.0,85.70672097759675,1.0,1.0,0,2,3500.0,rush_hour_ns
872.0,852.0,72.0,65.0,4.5,4.5,1.0,1.0,1.0,1855.0,6.0,86.1489448051948,1.0,1.0,0,2,3517.3,rush_hour_ns
875.0,857.0,70.0,64.0,4.5,4.5,1.0,1.0,2.0,1861.0,5.0,86.55497170573969,1.0,1.0,0,2,3532.6,rush_hour_ns
880.0,863.0,70.0,62.0,4.5,4.5,1.0,1.0,3.0,1866.0,9.0,86.85645355850423,1.0,1.0,0,2,3554.4,rush_hour_ns
883.0,867.0,67.0,61.0,4.5,4.5,1.0,1.0,4.0,1875.0,3.0,87.29567307692308,1.0,1.0,0,2,3567.2,rush_hour_ns
886.0,871.0,65.0,59.0,4.5,4.5,1.0,1.0,5.0,1878.0,3.0,87.73293413173653,1.0,1.0,1,2,3580.0,rush_hour_ns
891.0,874.0,64.0,57.0,4.5,4.5,1.0,1.0,0.0,1881.0,5.0,88.13399602385685,1.0,1.0,0,2,3590.5,rush_hour_ns
895.0,879.0,66.0,58.0,4.5,4.5,1.0,1.0,0.0,1886.0,12.0,88.46656113969134,1.0,1.0,0,2,3610.0,rush_hour_ns
900.0,882.0,66.0,58.0,4.5,4.5,1.0,1.0,0.0,1898.0,8.0,88.93925049309665,1.0,1.0,1,2,3626.0,rush_hour_ns
905.0,886.0,68.0,59.0,4.5,4.5,1.0,1.0,0.0,1906.0,12.0,89.27326266195524,1.0,0.0,0,2,1149.5,rush_hour_ns
909.0,889.0,69.0,60.0,4.5,4.5,1.0,1.0,1.0,1918.0,9.0,89.60765924189137,1.0,0.0,0,2,1157.8,rush_hour_ns
911.0,890.0,70.0,61.0,4.5,4.5,1.0,1.0,2.0,1927.0,5.0,90.0108991825613,1.0,0.0,0,2,1164.1,rush_hour_ns
915.0,892.0,70.0,62.0,4.5,4.5,1.0,1.0,3.0,1932.0,7.0,90.41372625048469,1.0,0.0,0,2,1169.9,rush_hour_ns
915.0,895.0,72.0,64.0,4.5,4.5,1.0,1.0,4.0,1939.0,7.0,90.78108108108108,1.0,0.0,0,2,1180.2,rush_hour_ns
918.0,896.0,72.0,65.0,4.5,4.5,1.0,1.0,5.0,1946.0,5.0,91.21739130434783,1.0,0.0,2,2,1185.0,rush_hour_ns
918.0,899.0,74.0,65.0,4.5,4.5,1.0,1.0,0.0,1951.0,5.0,91.65260736196319,1.0,0.0,0,2,1186.5,rush_hour_ns
922.0,902.0,75.0,66.0,4.5,4.5,1.0,1.0,0.0,1956.0,9.0,92.08826901031716,1.0,0.0,0,2,1194.0,rush_hour_ns
925.0,907.0,77.0,68.0,4.5,4.5,1.0,1.0,0.0,1965.0,12.0,92.41993153290224,1.0,0.0,2,2,1206.0,rush_hour_ns
930.0,910.0,78.0,68.0,4.5,4.5,1.0,1.0,0.0,1977.0,9.0,92.85746777862016,1.0,1.0,0,2,3753.0,rush_hour_ns
935.0,916.0,76.0,68.0,4.5,4.5,1.0,1.0,1.0,1986.0,9.0,93.15465861938891,1.0,1.0,0,2,3774.8,rush_hour_ns
938.0,920.0,73.0,67.0,4.5,4.5,1.0,1.0,2.0,1995.0,3.0,93.66102332580888,1.0,1.0,0,2,3787.6,rush_hour_ns
941.0,926.0,71.0,66.0,4.5,4.5,1.0,1.0,3.0,1998.0,6.0,94.06109445277362,1.0,1.0,0,2,3804.9,rush_hour_ns
944.0,931.0,68.0,67.0,4.5,4.5,1.0,1.0,4.0,2004.0,6.0,94.46041822255414,1.0,1.0,0,2,3820.7,rush_hour_ns
947.0,936.0,65.0,64.0,4.5,4.5,1.0,1.0,5.0,2010.0,2.0,94.92814594192107,1.0,1.0,1,2,3834.5,rush_hour_ns
950.0,939.0,63.0,61.0,4.5,4.5,1.0,1.0,0.0,2012.0,1.0,95.42888971407352,1.0,1.0,0,2,3840.0,rush_hour_ns
954.0,943.0,65.0,63.0,4.5,4.5,1.0,1.0,0.0,2013.0,12.0,95.75415896487985,1.0,1.0,0,2,3858.0,rush_hour_ns
958.0,949.0,65.0,65.0,4.5,4.5,1.0,1.0,0.0,2025.0,12.0,96.08097165991903,1.0,1.0,1,2,3879.0,rush_hour_ns
963.0,953.0,66.0,67.0,4.5,4.5,1.0,1.0,0.0,2037.0,12.0,96.4093074386222,1.0,0.0,0,2,1224.0,rush_hour_ns
964.0,953.0,67.0,67.0,4.5,4.5,1.0,1.0,1.0,2049.0,2.0,96.87687248812568,1.0,0.0,0,2,1227.3,rush_hour_ns
968.0,956.0,69.0,68.0,4.5,4.5,1.0,1.0,2.0,2051.0,10.0,97.16836363636364,1.0,0.0,0,2,1237.6,rush_hour_ns
972.0,961.0,71.0,69.0,4.5,4.5,1.0,1.0,3.0,2061.0,12.0,97.39095840867992,1.0,0.0,0,2,1248.9,rush_hour_ns
972.0,965.0,72.0,71.0,4.5,4.5,1.0,1.0,4.0,2073.0,7.0,97.71912135397912,1.0,0.0,0,2,1257.7,rush_hour_ns
974.0,965.0,73.0,73.0,4.5,4.5,1.0,1.0,5.0,2080.0,5.0,98.15183058147882,1.0,0.0,2,2,1265.5,rush_hour_ns
976.0,966.0,75.0,73.0,4.5,4.5,1.0,1.0,0.0,2085.0,5.0,98.51304969610297,1.0,0.0,0,2,1267.0,rush_hour_ns
979.0,970.0,75.0,75.0,4.5,4.5,1.0,1.0,0.0,2090.0,9.0,98.94511760513186,1.0,0.0,0,2,1274.5,rush_hour_ns
982.0,974.0,75.0,77.0,4.5,4.5,1.0,1.0,0.0,2099.0,9.0,99.37761989342806,1.0,0.0,2,2,1282.0,rush_hour_ns
985.0,977.0,77.0,78.0,4.5,4.5,1.0,1.0,0.0,2108.0,9.0,99.81055240793201,1.0,1.0,0,2,4001.5,rush_hour_ns
989.0,981.0,75.0,77.0,4.5,4.5,1.0,1.0,1.0,2117.0,5.0,100.24249911754325,1.0,1.0,0,2,4016.8,rush_hour_ns
993.0,984.0,75.0,76.0,4.5,4.5,1.0,1.0,2.0,2122.0,6.0,100.67382125263899,1.0,1.0,0,2,4031.1,rush_hour_ns
998.0,988.0,75.0,73.0,4.5,4.5,1.0,1.0,3.0,2128.0,6.0,101.06907433380084,1.0,1.0,0,2,4048.4,rush_hour_ns
1001.0,993.0,74.0,71.0,4.5,4.5,1.0,1.0,4.0,2134.0,5.0,101.46331236897275,1.0,1.0,0,2,4063.7,rush_hour_ns
1006.0,999.0,73.0,70.0,4.5,4.5,1.0,1.0,5.0,2139.0,9.0,101.75165217391304,1.0,1.0,1,2,4085.5,rush_hour_ns
1010.0,1005.0,71.0,67.0,4.5,4.5,1.0,1.0,0.0,2148.0,5.0,102.1098406098406,1.0,1.0,0,2,4099.0,rush_hour_ns
1014.0,1011.0,72.0,68.0,4.5,4.5,1.0,1.0,0.0,2153.0,12.0,102.43409247757074,1.0,1.0,0,2,4120.0,rush_hour_ns
1020.0,1014.0,73.0,68.0,4.5,4.5,1.0,1.0,0.0,2165.0,10.0,102.82977991746905,1.0,1.0,1,2,4138.5,rush_hour_ns
1026.0,1020.0,73.0,68.0,4.5,4.5,1.0,1.0,0.0,2175.0,12.0,103.15616438356165,1.0,0.0,0,2,1305.0,rush_hour_ns
1028.0,1024.0,75.0,69.0,4.5,4.5,1.0,1.0,1.0,2187.0,9.0,103.48294679399727,1.0,0.0,0,2,1314.8,rush_hour_ns
1029.0,1028.0,75.0,70.0,4.5,4.5,1.0,1.0,2.0,2196.0,6.0,103.91499489969398,1.0,0.0,0,2,1320.1,rush_hour_ns
1034.0,1028.0,76.0,72.0,4.5,4.5,1.0,1.0,3.0,2202.0,8.0,104.24111073484592,1.0,0.0,0,2,1329.4,rush_hour_ns
1039.0,1031.0,77.0,74.0,4.5,4.5,1.0,1.0,4.0,2210.0,11.0,104.49780923491743,1.0,0.0,0,2,1340.2,rush_hour_ns
1041.0,1035.0,78.0,75.0,4.5,4.5,1.0,1.0,5.0,2221.0,8.0,104.86030893216925,1.0,0.0,2,2,1348.0,rush_hour_ns
1046.0,1038.0,79.0,75.0,4.5,4.5,1.0,1.0,0.0,2229.0,9.0,105.22315155570425,1.0,0.0,0,2,1350.0,rush_hour_ns
1052.0,1044.0,79.0,77.0,4.5,4.5,1.0,1.0,0.0,2238.0,14.0,105.48251748251748,1.0,0.0,0,2,1360.0,rush_hour_ns
1056.0,1047.0,80.0,79.0,4.5,4.5,1.0,1.0,0.0,2252.0,10.0,105.88317291735811,1.0,0.0,2,2,1369.5,rush_hour_ns
1061.0,1052.0,82.0,79.0,4.5,4.5,1.0,1.0,0.0,2262.0,12.0,106.21487603305785,1.0,1.0,0,2,4306.5,rush_hour_ns
1066.0,1057.0,83.0,79.0,4.5,4.5,1.0,1.0,1.0,2274.0,11.0,106.51250822909809,1.0,1.0,0,2,4327.8,rush_hour_ns
1069.0,1061.0,83.0,77.0,4.5,4.5,1.0,1.0,2.0,2285.0,5.0,106.94945848375451,1.0,1.0,0,2,4341.6,rush_hour_ns
1073.0,1067.0,84.0,76.0,4.5,4.5,1.0,1.0,3.0,2290.0,10.0,107.28179143510951,1.0,1.0,0,2,4362.4,rush_hour_ns
1078.0,1073.0,85.0,75.0,4.5,4.5,1.0,1.0,4.0,2300.0,11.0,107.54506996420436,1.0,1.0,0,2,4385.2,rush_hour_ns
1082.0,1077.0,83.0,74.0,4.5,4.5,1.0,1.0,5.0,2311.0,5.0,107.9474537787869,1.0,1.0,1,2,4400.5,rush_hour_ns
1088.0,1082.0,82.0,74.0,4.5,4.5,1.0,1.0,0.0,2316.0,10.0,108.21052631578948,1.0,1.0,0,2,4418.0,rush_hour_ns
1094.0,1087.0,82.0,75.0,4.5,4.5,1.0,1.0,0.0,2326.0,12.0,108.54486973303312,1.0,1.0,0,2,4440.5,rush_hour_ns
1100.0,1091.0,82.0,76.0,4.5,4.5,1.0,1.0,0.0,2338.0,11.0,108.9150641025641,1.0,1.0,1,2,4461.0,rush_hour_ns
1103.0,1096.0,83.0,77.0,4.5,4.5,1.0,1.0,0.0,2349.0,10.0,109.32076677316294,1.0,0.0,0,2,1419.5,rush_hour_ns
1105.0,1098.0,84.0,77.0,4.5,4.5,1.0,1.0,1.0,2359.0,5.0,109.72547770700636,1.0,0.0,0,2,1424.3,rush_hour_ns
1107.0,1100.0,84.0,79.0,4.5,4.5,1.0,1.0,2.0,2364.0,6.0,110.1994917407878,1.0,0.0,0,2,1431.1,rush_hour_ns
1111.0,1100.0,84.0,80.0,4.5,4.5,1.0,1.0,3.0,2370.0,5.0,110.602596580114,1.0,0.0,0,2,1435.9,rush_hour_ns
1112.0,1100.0,86.0,82.0,4.5,4.5,1.0,1.0,4.0,2375.0,5.0,111.00473484848484,1.0,0.0,0,2,1445.2,rush_hour_ns
1115.0,1102.0,88.0,82.0,4.5,4.5,1.0,1.0,5.0,2380.0,7.0,111.40654499685337,1.0,0.0,2,2,1452.5,rush_hour_ns
1115.0,1103.0,89.0,82.0,4.5,4.5,1.0,1.0,0.0,2387.0,2.0,111.91177394034537,1.0,0.0,0,2,1451.0,rush_hour_ns
1118.0,1108.0,91.0,84.0,4.5,4.5,1.0,1.0,0.0,2389.0,12.0,112.24272755708476,1.0,0.0,0,2,1463.0,rush_hour_ns
1124.0,1112.0,91.0,85.0,4.5,4.5,1.0,1.0,0.0,2401.0,11.0,112.60972568578553,1.0,0.0,2,2,1470.0,rush_hour_ns
1128.0,1115.0,91.0,86.0,4.5,4.5,1.0,1.0,0.0,2412.0,8.0,113.08208955223881,1.0,1.0,0,2,4574.5,rush_hour_ns
1132.0,1118.0,90.0,85.0,4.5,4.5,1.0,1.0,1.0,2420.0,5.0,113.48326100433974,1.0,1.0,0,2,4588.3,rush_hour_ns
1136.0,1121.0,89.0,83.0,4.5,4.5,1.0,1.0,2.0,2425.0,4.0,113.95361781076066,1.0,1.0,0,2,4601.6,rush_hour_ns
1139.0,1124.0,90.0,82.0,4.5,4.5,1.0,1.0,3.0,2429.0,6.0,114.35295930949445,1.0,1.0,0,2,4614.4,rush_hour_ns
1144.0,1127.0,89.0,82.0,4.5,4.5,1.0,1.0,4.0,2435.0,7.0,114.71674347158218,1.0,1.0,0,2,4630.7,rush_hour_ns
1150.0,1131.0,88.0,81.0,4.5,4.5,1.0,1.0,5.0,2442.0,8.0,115.04530149984696,1.0,1.0,1,2,4650.5,rush_hour_ns
1153.0,1136.0,87.0,80.0,4.5,4.5,1.0,1.0,0.0,2450.0,6.0,115.51419847328245,1.0,1.0,0,2,4661.5,rush_hour_ns
1156.0,1140.0,87.0,80.0,4.5,4.5,1.0,1.0,0.0,2456.0,7.0,116.018281535649,1.0,1.0,0,2,4675.5,rush_hour_ns
1160.0,1144.0,88.0,81.0,4.5,4.5,1.0,1.0,0.0,2463.0,10.0,116.4170716889429,1.0,1.0,1,2,4692.5,rush_hour_ns
1163.0,1150.0,88.0,83.0,4.5,4.5,1.0,1.0,0.0,2473.0,11.0,116.78141083863154,1.0,0.0,0,2,1498.5,rush_hour_ns
1164.0,1152.0,88.0,85.0,4.5,4.5,1.0,1.0,1.0,2484.0,5.0,117.21557971014492,1.0,0.0,0,2,1504.8,rush_hour_ns
1168.0,1154.0,90.0,86.0,4.5,4.5,1.0,1.0,2.0,2489.0,9.0,117.50857142857143,1.0,0.0,0,2,1514.6,rush_hour_ns
1170.0,1157.0,91.0,87.0,4.5,4.5,1.0,1.0,3.0,2498.0,7.0,117.94271145770846,1.0,0.0,0,2,1521.9,rush_hour_ns
1172.0,1158.0,93.0,87.0,4.5,4.5,1.0,1.0,4.0,2505.0,5.0,118.3406100478469,1.0,0.0,0,2,1528.2,rush_hour_ns
1174.0,1160.0,93.0,87.0,4.5,4.5,1.0,1.0,5.0,2510.0,4.0,118.87910447761195,1.0,0.0,2,2,1531.0,rush_hour_ns
1177.0,1162.0,94.0,87.0,4.5,4.5,1.0,1.0,0.0,2514.0,6.0,119.27529761904762,1.0,0.0,0,2,1531.5,rush_hour_ns
1182.0,1167.0,95.0,87.0,4.5,4.5,1.0,1.0,0.0,2520.0,11.0,119.63690299614358,1.0,0.0,0,2,1538.5,rush_hour_ns
1186.0,1173.0,96.0,87.0,4.5,4.5,1.0,1.0,0.0,2531.0,11.0,119.99940863394441,1.0,0.0,2,2,1545.5,rush_hour_ns
1192.0,1178.0,97.0,88.0,4.5,4.5,1.0,1.0,0.0,2542.0,13.0,120.29248895434462,1.0,1.0,0,2,4832.5,rush_hour_ns
1196.0,1181.0,95.0,87.0,4.5,4.5,1.0,1.0,1.0,2555.0,4.0,120.76168086982075,1.0,1.0,0,2,4845.8,rush_hour_ns
1202.0,1184.0,94.0,86.0,4.5,4.5,1.0,1.0,2.0,2559.0,7.0,121.12419449326303,1.0,1.0,0,2,4863.6,rush_hour_ns
1205.0,1188.0,93.0,87.0,4.5,4.5,1.0,1.0,3.0,2566.0,7.0,121.48642335766424,1.0,1.0,0,2,4878.4,rush_hour_ns
1211.0,1194.0,92.0,86.0,4.5,4.5,1.0,1.0,4.0,2573.0,10.0,121.67218831734961,1.0,1.0,0,2,4902.2,rush_hour_ns
1215.0,1197.0,91.0,85.0,4.5,4.5,1.0,1.0,5.0,2583.0,5.0,122.10492753623188,1.0,1.0,1,2,4916.0,rush_hour_ns
1219.0,1201.0,88.0,84.0,4.5,4.5,1.0,1.0,0.0,2588.0,4.0,122.50115606936416,1.0,1.0,0,2,4926.0,rush_hour_ns
1222.0,1205.0,90.0,86.0,4.5,4.5,1.0,1.0,0.0,2592.0,11.0,122.86286372803227,1.0,1.0,0,2,4942.0,rush_hour_ns
1225.0,1210.0,92.0,88.0,4.5,4.5,1.0,1.0,0.0,2603.0,12.0,123.19035314384152,1.0,1.0,1,2,4960.0,rush_hour_ns
1228.0,1215.0,93.0,89.0,4.5,4.5,1.0,1.0,0.0,2615.0,10.0,123.58917835671343,1.0,0.0,0,2,1585.5,rush_hour_ns
1230.0,1218.0,93.0,90.0,4.5,4.5,1.0,1.0,1.0,2625.0,6.0,124.02284408909195,1.0,0.0,0,2,1590.8,rush_hour_ns
1233.0,1219.0,95.0,92.0,4.5,4.5,1.0,1.0,2.0,2631.0,8.0,124.35031303357997,1.0,0.0,0,2,1601.6,rush_hour_ns
1234.0,1222.0,95.0,93.0,4.5,4.5,1.0,1.0,3.0,2639.0,5.0,124.71234042553192,1.0,0.0,0,2,1606.4,rush_hour_ns
1234.0,1225.0,96.0,93.0,4.5,4.5,1.0,1.0,4.0,2644.0,4.0,125.14402942840974,1.0,0.0,0,2,1610.7,rush_hour_ns
1238.0,1225.0,96.0,93.0,4.5,4.5,1.0,1.0,5.0,2648.0,4.0,125.61010728402033,1.0,0.0,2,2,1613.5,rush_hour_ns
1240.0,1225.0,96.0,94.0,4.5,4.5,1.0,1.0,0.0,2652.0,3.0,126.11045364891518,1.0,0.0,0,2,1612.5,rush_hour_ns
1243.0,1228.0,98.0,94.0,4.5,4.5,1.0,1.0,0.0,2655.0,8.0,126.57548495923531,1.0,0.0,0,2,1619.5,rush_hour_ns
1249.0,1231.0,99.0,96.0,4.5,4.5,1.0,1.0,0.0,2663.0,12.0,126.89941159988793,1.0,0.0,2,2,1630.0,rush_hour_ns
1254.0,1234.0,101.0,98.0,4.5,4.5,1.0,1.0,0.0,2675.0,12.0,127.22451829098017,1.0,1.0,0,2,5075.5,rush_hour_ns
1257.0,1238.0,100.0,96.0,4.5,4.5,1.0,1.0,1.0,2687.0,4.0,127.65515320334262,1.0,1.0,0,2,5088.8,rush_hour_ns
1260.0,1243.0,100.0,96.0,4.5,4.5,1.0,1.0,2.0,2691.0,8.0,128.05027777777778,1.0,1.0,0,2,5105.6,rush_hour_ns
1264.0,1249.0,98.0,96.0,4.5,4.5,1.0,1.0,3.0,2699.0,8.0,128.37430786267996,1.0,1.0,0,2,5125.4,rush_hour_ns
1268.0,1253.0,96.0,97.0,4.5,4.5,1.0,1.0,4.0,2707.0,7.0,128.7336461495998,1.0,1.0,0,2,5141.7,rush_hour_ns
1273.0,1259.0,94.0,95.0,4.5,4.5,1.0,1.0,5.0,2714.0,7.0,129.05722145804677,1.0,1.0,1,2,5162.5,rush_hour_ns
1279.0,1262.0,93.0,96.0,4.5,4.5,1.0,1.0,0.0,2721.0,9.0,129.41662095447066,1.0,1.0,0,2,5176.5,rush_hour_ns
1284.0,1266.0,94.0,97.0,4.5,4.5,1.0,1.0,0.0,2730.0,11.0,129.7768662838392,1.0,1.0,0,2,5195.5,rush_hour_ns
1289.0,1269.0,95.0,99.0,4.5,4.5,1.0,1.0,0.0,2741.0,11.0,130.13794983642313,1.0,1.0,1,2,5213.0,rush_hour_ns
1294.0,1273.0,96.0,100.0,4.5,4.5,1.0,1.0,0.0,2752.0,11.0,130.49986409350367,1.0,0.0,0,2,1675.5,rush_hour_ns
1295.0,1274.0,97.0,100.0,4.5,4.5,1.0,1.0,1.0,2763.0,3.0,130.9669107675617,1.0,0.0,0,2,1679.3,rush_hour_ns
1298.0,1277.0,98.0,102.0,4.5,4.5,1.0,1.0,2.0,2766.0,9.0,131.29224114625575,1.0,0.0,0,2,1689.1,rush_hour_ns
1300.0,1280.0,100.0,103.0,4.5,4.5,1.0,1.0,3.0,2775.0,8.0,131.6176232821342,1.0,0.0,0,2,1698.4,rush_hour_ns
1302.0,1285.0,100.0,104.0,4.5,4.5,1.0,1.0,4.0,2783.0,8.0,132.01397473797365,1.0,0.0,0,2,1704.7,rush_hour_ns
1307.0,1288.0,102.0,105.0,4.5,4.5,1.0,1.0,5.0,2791.0,11.0,132.23394004282656,1.0,0.0,2,2,1715.5,rush_hour_ns
1309.0,1291.0,102.0,105.0,4.5,4.5,1.0,1.0,0.0,2802.0,5.0,132.7011217948718,1.0,0.0,0,2,1714.0,rush_hour_ns
1312.0,1297.0,103.0,107.0,4.5,4.5,1.0,1.0,0.0,2807.0,12.0,133.02768903088392,1.0,0.0,0,2,1724.5,rush_hour_ns
1315.0,1300.0,104.0,109.0,4.5,4.5,1.0,1.0,0.0,2819.0,9.0,133.46082337317398,1.0,0.0,2,2,1733.5,rush_hour_ns
1320.0,1304.0,106.0,110.0,4.5,4.5,1.0,1.0,0.0,2828.0,12.0,133.7887212073074,1.0,1.0,0,2,5356.0,rush_hour_ns
1326.0,1308.0,106.0,107.0,4.5,4.5,1.0,1.0,1.0,2840.0,7.0,134.11638954869358,1.0,1.0,0,2,5375.3,rush_hour_ns
1330.0,1311.0,106.0,107.0,4.5,4.5,1.0,1.0,2.0,2847.0,7.0,134.55002632964718,1.0,1.0,0,2,5390.1,rush_hour_ns
1333.0,1315.0,105.0,105.0,4.5,4.5,1.0,1.0,3.0,2854.0,4.0,134.94721638655463,1.0,1.0,0,2,5403.4,rush_hour_ns
1338.0,1319.0,104.0,104.0,4.5,4.5,1.0,1.0,4.0,2858.0,7.0,135.23789583878565,1.0,1.0,0,2,5421.2,rush_hour_ns
1343.0,1325.0,104.0,103.0,4.5,4.5,1.0,1.0,5.0,2865.0,10.0,135.5645708322463,1.0,1.0,1,2,5443.5,rush_hour_ns
1349.0,1329.0,102.0,102.0,4.5,4.5,1.0,1.0,0.0,2875.0,7.0,135.8556942277691,1.0,1.0,0,2,5458.0,rush_hour_ns
1355.0,1333.0,102.0,103.0,4.5,4.5,1.0,1.0,0.0,2882.0,11.0,136.21830438164378,1.0,1.0,0,2,5478.5,rush_hour_ns
1360.0,1336.0,103.0,103.0,4.5,4.5,1.0,1.0,0.0,2893.0,9.0,136.65183652353855,1.0,1.0,1,2,5495.0,rush_hour_ns
1366.0,1341.0,105.0,104.0,4.5,4.5,1.0,1.0,0.0,2902.0,14.0,136.91030927835052,1.0,0.0,0,2,1771.5,rush_hour_ns
1369.0,1345.0,106.0,105.0,4.5,4.5,1.0,1.0,1.0,2916.0,9.0,137.27499357491646,1.0,0.0,0,2,1779.8,rush_hour_ns
1373.0,1347.0,108.0,107.0,4.5,4.5,1.0,1.0,2.0,2925.0,10.0,137.53444302176698,1.0,0.0,0,2,1791.6,rush_hour_ns
1376.0,1349.0,108.0,109.0,4.5,4.5,1.0,1.0,3.0,2935.0,7.0,137.8993871297242,1.0,0.0,0,2,1798.9,rush_hour_ns
1377.0,1353.0,109.0,110.0,4.5,4.5,1.0,1.0,4.0,2942.0,7.0,138.26406926406926,1.0,0.0,0,2,1806.2,rush_hour_ns
1381.0,1354.0,109.0,112.0,4.5,4.5,1.0,1.0,5.0,2949.0,7.0,138.66370332740667,1.0,0.0,2,2,1813.5,rush_hour_ns
1382.0,1357.0,110.0,113.0,4.5,4.5,1.0,1.0,0.0,2956.0,6.0,139.06283253103624,1.0,0.0,0,2,1815.5,rush_hour_ns
1388.0,1360.0,112.0,115.0,4.5,4.5,1.0,1.0,0.0,2962.0,13.0,139.35757575757575,1.0,0.0,0,2,1828.0,rush_hour_ns
1393.0,1363.0,113.0,117.0,4.5,4.5,1.0,1.0,0.0,2975.0,11.0,139.72349534122387,1.0,0.0,2,2,1838.0,rush_hour_ns
1396.0,1368.0,113.0,117.0,4.5,4.5,1.0,1.0,0.0,2986.0,8.0,140.19502387534556,1.0,1.0,0,2,5643.0,rush_hour_ns
1400.0,1372.0,111.0,115.0,4.5,4.5,1.0,1.0,1.0,2994.0,4.0,140.63039117352056,1.0,1.0,0,2,5657.8,rush_hour_ns
1405.0,1375.0,111.0,116.0,4.5,4.5,1.0,1.0,2.0,2998.0,9.0,140.9954988747187,1.0,1.0,0,2,5675.1,rush_hour_ns
1408.0,1378.0,108.0,116.0,4.5,4.5,1.0,1.0,3.0,3007.0,3.0,141.4651859246319,1.0,1.0,0,2,5686.4,rush_hour_ns
1414.0,1381.0,107.0,115.0,4.5,4.5,1.0,1.0,4.0,3010.0,7.0,141.82877053260327,1.0,1.0,0,2,5704.2,rush_hour_ns
1418.0,1384.0,108.0,115.0,4.5,4.5,1.0,1.0,5.0,3017.0,8.0,142.19235542318194,1.0,1.0,1,2,5719.5,rush_hour_ns
1422.0,1388.0,107.0,116.0,4.5,4.5,1.0,1.0,0.0,3025.0,8.0,142.5559405940594,1.0,1.0,0,2,5731.5,rush_hour_ns
1425.0,1394.0,107.0,118.0,4.5,4.5,1.0,1.0,0.0,3033.0,11.0,142.9202666008393,1.0,1.0,0,2,5750.5,rush_hour_ns
1428.0,1397.0,109.0,120.0,4.5,4.5,1.0,1.0,0.0,3044.0,10.0,143.3203644422556,1.0,1.0,1,2,5764.5,rush_hour_ns
1434.0,1402.0,110.0,120.0,4.5,4.5,1.0,1.0,0.0,3054.0,12.0,143.65087159342008,1.0,0.0,0,2,1878.0,rush_hour_ns
1437.0,1407.0,112.0,122.0,4.5,4.5,1.0,1.0,1.0,3066.0,12.0,143.84152604548788,1.0,0.0,0,2,1890.8,rush_hour_ns
1439.0,1408.0,112.0,122.0,4.5,4.5,1.0,1.0,2.0,3078.0,3.0,144.347900390625,1.0,0.0,0,2,1893.1,rush_hour_ns
1439.0,1412.0,113.0,122.0,4.5,4.5,1.0,1.0,3.0,3081.0,5.0,144.78319123020705,1.0,0.0,0,2,1897.9,rush_hour_ns
1440.0,1414.0,115.0,123.0,4.5,4.5,1.0,1.0,4.0,3086.0,6.0,145.1827460510328,1.0,0.0,0,2,1906.2,rush_hour_ns
1443.0,1418.0,117.0,124.0,4.5,4.5,1.0,1.0,5.0,3092.0,10.0,145.44175345119885,1.0,0.0,2,2,1916.5,rush_hour_ns
1448.0,1419.0,119.0,126.0,4.5,4.5,1.0,1.0,0.0,3102.0,10.0,145.73660067600193,1.0,0.0,0,2,1923.5,rush_hour_ns
1453.0,1424.0,119.0,126.0,4.5,4.5,1.0,1.0,0.0,3112.0,10.0,146.13752408477842,1.0,0.0,0,2,1928.5,rush_hour_ns
1456.0,1429.0,121.0,126.0,4.5,4.5,1.0,1.0,0.0,3122.0,10.0,146.53892359442577,1.0,0.0,2,2,1936.5,rush_hour_ns
1459.0,1434.0,121.0,128.0,4.5,4.5,1.0,1.0,0.0,3132.0,10.0,146.9407957813998,1.0,1.0,0,2,5910.5,rush_hour_ns
1464.0,1438.0,118.0,127.0,4.5,4.5,1.0,1.0,1.0,3142.0,5.0,147.34194165471067,1.0,1.0,0,2,5927.3,rush_hour_ns
1469.0,1441.0,118.0,126.0,4.5,4.5,1.0,1.0,2.0,3147.0,7.0,147.7428435114504,1.0,1.0,0,2,5943.6,rush_hour_ns
1473.0,1445.0,115.0,125.0,4.5,4.5,1.0,1.0,3.0,3154.0,4.0,148.14278914802475,1.0,1.0,0,2,5958.4,rush_hour_ns
1477.0,1448.0,113.0,124.0,4.5,4.5,1.0,1.0,4.0,3158.0,4.0,148.612351543943,1.0,1.0,0,2,5971.7,rush_hour_ns
1482.0,1454.0,111.0,123.0,4.5,4.5,1.0,1.0,5.0,3162.0,8.0,148.97607202084814,1.0,1.0,1,2,5993.0,rush_hour_ns
1487.0,1458.0,111.0,122.0,4.5,4.5,1.0,1.0,0.0,3170.0,8.0,149.26924893717523,1.0,1.0,0,2,6006.5,rush_hour_ns
1490.0,1463.0,113.0,122.0,4.5,4.5,1.0,1.0,0.0,3178.0,10.0,149.66870876531573,1.0,1.0,0,2,6023.5,rush_hour_ns
1495.0,1467.0,114.0,123.0,4.5,4.5,1.0,1.0,0.0,3188.0,11.0,150.03360752056403,1.0,1.0,1,2,6042.5,rush_hour_ns
1501.0,1473.0,116.0,123.0,4.5,4.5,1.0,1.0,0.0,3199.0,14.0,150.29421410166316,1.0,0.0,0,2,1965.0,rush_hour_ns
1502.0,1475.0,118.0,123.0,4.5,4.5,1.0,1.0,1.0,3213.0,5.0,150.76548982931962,1.0,0.0,0,2,1971.3,rush_hour_ns
1504.0,1477.0,118.0,125.0,4.5,4.5,1.0,1.0,2.0,3218.0,6.0,151.2011199253383,1.0,0.0,0,2,1978.1,rush_hour_ns
1509.0,1481.0,120.0,125.0,4.5,4.5,1.0,1.0,3.0,3224.0,11.0,151.46116279069767,1.0,0.0,0,2,1987.4,rush_hour_ns
1510.0,1486.0,120.0,126.0,4.5,4.5,1.0,1.0,4.0,3235.0,7.0,151.8267223382046,1.0,0.0,0,2,1993.2,rush_hour_ns
1511.0,1488.0,120.0,127.0,4.5,4.5,1.0,1.0,5.0,3242.0,4.0,152.29705950451495,1.0,0.0,2,2,1997.5,rush_hour_ns
1513.0,1492.0,122.0,129.0,4.5,4.5,1.0,1.0,0.0,3246.0,10.0,152.5916435826408,1.0,0.0,0,2,2004.5,rush_hour_ns
1516.0,1498.0,124.0,130.0,4.5,4.5,1.0,1.0,0.0,3256.0,12.0,152.9224217311234,1.0,0.0,0,2,2015.0,rush_hour_ns
1522.0,1502.0,126.0,130.0,4.5,4.5,1.0,1.0,0.0,3268.0,12.0,153.25413223140495,1.0,0.0,2,2,2024.0,rush_hour_ns
1527.0,1507.0,128.0,130.0,4.5,4.5,1.0,1.0,0.0,3280.0,12.0,153.5867673992674,1.0,1.0,0,2,6197.0,rush_hour_ns
1530.0,1511.0,128.0,129.0,4.5,4.5,1.0,1.0,1.0,3292.0,6.0,153.98926450433987,1.0,1.0,0,2,6211.3,rush_hour_ns
1536.0,1515.0,128.0,128.0,4.5,4.5,1.0,1.0,2.0,3298.0,9.0,154.32164009111617,1.0,1.0,0,2,6231.6,rush_hour_ns
1540.0,1521.0,127.0,125.0,4.5,4.5,1.0,1.0,3.0,3307.0,6.0,154.72386363636363,1.0,1.0,0,2,6250.4,rush_hour_ns
1545.0,1524.0,124.0,123.0,4.5,4.5,1.0,1.0,4.0,3313.0,3.0,155.19532667876587,1.0,1.0,0,2,6264.7,rush_hour_ns
1551.0,1527.0,123.0,121.0,4.5,4.5,1.0,1.0,5.0,3316.0,6.0,155.56076035302104,1.0,1.0,1,2,6282.0,rush_hour_ns
1554.0,1532.0,123.0,122.0,4.5,4.5,1.0,1.0,0.0,3322.0,9.0,155.92641083521445,1.0,1.0,0,2,6294.5,rush_hour_ns
1560.0,1537.0,125.0,122.0,4.5,4.5,1.0,1.0,0.0,3331.0,13.0,156.2228224172856,1.0,1.0,0,2,6317.5,rush_hour_ns
1566.0,1543.0,127.0,124.0,4.5,4.5,1.0,1.0,0.0,3344.0,16.0,156.41578829333932,1.0,1.0,1,2,6343.5,rush_hour_ns
1572.0,1548.0,129.0,126.0,4.5,4.5,1.0,1.0,0.0,3360.0,15.0,156.64573088958426,1.0,0.0,0,2,2070.0,rush_hour_ns
1577.0,1548.0,131.0,127.0,4.5,4.5,1.0,1.0,1.0,3375.0,8.0,156.9808292465448,1.0,0.0,0,2,2079.3,rush_hour_ns
1581.0,1553.0,133.0,129.0,4.5,4.5,1.0,1.0,2.0,3383.0,13.0,157.21217507220618,1.0,0.0,0,2,2092.6,rush_hour_ns
1583.0,1554.0,134.0,129.0,4.5,4.5,1.0,1.0,3.0,3396.0,4.0,157.65232815964524,1.0,0.0,0,2,2096.9,rush_hour_ns
1586.0,1557.0,134.0,129.0,4.5,4.5,1.0,1.0,4.0,3400.0,6.0,158.1270473660912,1.0,0.0,0,2,2100.7,rush_hour_ns
1588.0,1558.0,135.0,130.0,4.5,4.5,1.0,1.0,5.0,3406.0,5.0,158.49613601236476,1.0,0.0,2,2,2107.0,rush_hour_ns
1590.0,1561.0,137.0,132.0,4.5,4.5,1.0,1.0,0.0,3411.0,9.0,158.79546455306033,1.0,0.0,0,2,2113.5,rush_hour_ns
1596.0,1565.0,138.0,134.0,4.5,4.5,1.0,1.0,0.0,3420.0,13.0,159.09593852908893,1.0,0.0,0,2,2124.5,rush_hour_ns
1599.0,1571.0,139.0,134.0,4.5,4.5,1.0,1.0,0.0,3433.0,10.0,159.50164293537787,1.0,0.0,2,2,2131.0,rush_hour_ns
1605.0,1575.0,141.0,134.0,4.5,4.5,1.0,1.0,0.0,3443.0,12.0,159.83832204500766,1.0,1.0,0,2,6497.5,rush_hour_ns
1610.0,1579.0,142.0,134.0,4.5,4.5,1.0,1.0,1.0,3455.0,10.0,160.140522875817,1.0,1.0,0,2,6516.8,rush_hour_ns
1615.0,1583.0,141.0,131.0,4.5,4.5,1.0,1.0,2.0,3465.0,5.0,160.51184525103238,1.0,1.0,0,2,6533.6,rush_hour_ns
1618.0,1588.0,139.0,129.0,4.5,4.5,1.0,1.0,3.0,3470.0,4.0,160.95206073752712,1.0,1.0,0,2,6548.4,rush_hour_ns
1621.0,1592.0,138.0,129.0,4.5,4.5,1.0,1.0,4.0,3474.0,6.0,161.32200822332828,1.0,1.0,0,2,6562.7,rush_hour_ns
1626.0,1595.0,138.0,126.0,4.5,4.5,1.0,1.0,5.0,3480.0,5.0,161.72619304685813,1.0,1.0,1,2,6578.0,rush_hour_ns
1631.0,1599.0,137.0,127.0,4.5,4.5,1.0,1.0,0.0,3485.0,9.0,162.06073659272022,1.0,1.0,0,2,6592.0,rush_hour_ns
1637.0,1605.0,138.0,128.0,4.5,4.5,1.0,1.0,0.0,3494.0,14.0,162.32681984109942,1.0,1.0,0,2,6617.0,rush_hour_ns
1640.0,1609.0,138.0,130.0,4.5,4.5,1.0,1.0,0.0,3508.0,9.0,162.7674667809687,1.0,1.0,1,2,6632.0,rush_hour_ns
1646.0,1615.0,138.0,132.0,4.5,4.5,1.0,1.0,0.0,3517.0,14.0,163.03504273504274,1.0,0.0,0,2,2170.5,rush_hour_ns
1647.0,1617.0,140.0,133.0,4.5,4.5,1.0,1.0,1.0,3531.0,6.0,163.40673630356,1.0,0.0,0,2,2178.8,rush_hour_ns
1648.0,1619.0,140.0,134.0,4.5,4.5,1.0,1.0,2.0,3537.0,4.0,163.8472340425532,1.0,0.0,0,2,2183.1,rush_hour_ns
1649.0,1621.0,142.0,135.0,4.5,4.5,1.0,1.0,3.0,3541.0,6.0,164.21757588622373,1.0,0.0,0,2,2191.4,rush_hour_ns
1651.0,1623.0,142.0,136.0,4.5,4.5,1.0,1.0,4.0,3547.0,5.0,164.72679101314117,1.0,0.0,0,2,2196.2,rush_hour_ns
1652.0,1628.0,144.0,137.0,4.5,4.5,1.0,1.0,5.0,3552.0,9.0,165.06173361522198,1.0,0.0,2,2,2206.0,rush_hour_ns
1654.0,1630.0,145.0,139.0,4.5,4.5,1.0,1.0,0.0,3561.0,7.0,165.50116058240135,1.0,0.0,0,2,2210.0,rush_hour_ns
1657.0,1634.0,147.0,140.0,4.5,4.5,1.0,1.0,0.0,3568.0,10.0,165.90608549168246,1.0,0.0,0,2,2219.5,rush_hour_ns
1660.0,1637.0,147.0,141.0,4.5,4.5,1.0,1.0,0.0,3578.0,7.0,166.41568544995795,1.0,0.0,2,2,2224.5,rush_hour_ns
1663.0,1642.0,147.0,142.0,4.5,4.5,1.0,1.0,0.0,3585.0,9.0,166.85561385099686,1.0,1.0,0,2,6754.5,rush_hour_ns
1666.0,1647.0,145.0,142.0,4.5,4.5,1.0,1.0,1.0,3594.0,6.0,167.29514034352744,1.0,1.0,0,2,6770.3,rush_hour_ns
1670.0,1653.0,144.0,142.0,4.5,4.5,1.0,1.0,2.0,3600.0,9.0,167.59473574263632,1.0,1.0,0,2,6790.6,rush_hour_ns
1673.0,1658.0,142.0,142.0,4.5,4.5,1.0,1.0,3.0,3609.0,6.0,167.99895768188452,1.0,1.0,0,2,6806.4,rush_hour_ns
1676.0,1664.0,140.0,141.0,4.5,4.5,1.0,1.0,4.0,3615.0,6.0,168.3677204658902,1.0,1.0,0,2,6823.7,rush_hour_ns
1682.0,1668.0,138.0,142.0,4.5,4.5,1.0,1.0,5.0,3621.0,9.0,168.70165975103734,1.0,1.0,1,2,6844.0,rush_hour_ns
1688.0,1674.0,137.0,141.0,4.5,4.5,1.0,1.0,0.0,3630.0,10.0,168.9660736450145,1.0,1.0,0,2,6863.0,rush_hour_ns
1693.0,1677.0,139.0,141.0,4.5,4.5,1.0,1.0,0.0,3640.0,10.0,169.37076796036334,1.0,1.0,0,2,6880.0,rush_hour_ns
1699.0,1683.0,140.0,141.0,4.5,4.5,1.0,1.0,0.0,3650.0,13.0,169.67160798847024,1.0,1.0,1,2,6904.5,rush_hour_ns
1703.0,1686.0,141.0,141.0,4.5,4.5,1.0,1.0,0.0,3663.0,8.0,170.14717368961973,1.0,0.0,0,2,2258.5,rush_hour_ns
1708.0,1690.0,141.0,141.0,4.5,4.5,1.0,1.0,1.0,3671.0,9.0,170.5180475799836,1.0,0.0,0,2,2263.8,rush_hour_ns
1712.0,1692.0,141.0,141.0,4.5,4.5,1.0,1.0,2.0,3680.0,6.0,170.92345476872697,1.0,0.0,0,2,2267.6,rush_hour_ns
1715.0,1694.0,142.0,142.0,4.5,4.5,1.0,1.0,3.0,3686.0,7.0,171.32863562091504,1.0,0.0,0,2,2274.9,rush_hour_ns
1717.0,1697.0,142.0,142.0,4.5,4.5,1.0,1.0,4.0,3693.0,5.0,171.76819571865443,1.0,0.0,0,2,2278.2,rush_hour_ns
1719.0,1698.0,144.0,142.0,4.5,4.5,1.0,1.0,5.0,3698.0,5.0,172.24221453287197,1.0,0.0,0,2,2284.5,rush_hour_ns
1719.0,1699.0,145.0,142.0,4.5,4.5,1.0,1.0,6.0,3703.0,2.0,172.71509855720382,1.0,0.0,0,2,2287.8,rush_hour_ns
1721.0,1700.0,146.0,143.0,4.5,4.5,1.0,1.0,7.0,3705.0,5.0,173.08211678832117,1.0,0.0,0,2,2294.1,rush_hour_ns
1725.0,1704.0,146.0,143.0,4.5,4.5,1.0,1.0,8.0,3710.0,8.0,173.449119967631,1.0,0.0,0,2,2298.9,rush_hour_ns
1725.0,1708.0,147.0,144.0,4.5,4.5,1.0,1.0,9.0,3718.0,6.0,173.85079749646678,1.0,0.0,0,2,2305.7,rush_hour_ns
1727.0,1711.0,147.0,144.0,4.5,4.5,1.0,1.0,10.0,3724.0,5.0,174.2869810560258,1.0,0.0,0,2,2309.0,rush_hour_ns
1728.0,1713.0,148.0,145.0,4.5,4.5,1.0,1.0,11.0,3729.0,5.0,174.75774647887323,1.0,0.0,0,2,2315.3,rush_hour_ns
1730.0,1718.0,148.0,147.0,4.5,4.5,1.0,1.0,12.0,3734.0,9.0,175.0881172219992,1.0,0.0,2,2,2323.6,rush_hour_ns
1735.0,1722.0,150.0,147.0,4.5,4.5,1.0,1.0,0.0,3743.0,11.0,175.34887910328263,1.0,0.0,0,2,2322.5,rush_hour_ns
1741.0,1726.0,150.0,147.0,4.5,4.5,1.0,1.0,0.0,3754.0,10.0,175.75049940071915,1.0,0.0,0,2,2327.5,rush_hour_ns
1744.0,1730.0,152.0,147.0,4.5,4.5,1.0,1.0,0.0,3764.0,9.0,176.18743768693918,1.0,0.0,2,2,2335.0,rush_hour_ns
1750.0,1734.0,152.0,149.0,4.5,4.5,1.0,1.0,0.0,3773.0,12.0,176.5197931171673,1.0,1.0,0,2,7118.5,rush_hour_ns
1754.0,1739.0,153.0,147.0,4.5,4.5,1.0,1.0,1.0,3785.0,8.0,176.852153205001,1.0,1.0,0,2,7136.8,rush_hour_ns
1759.0,1745.0,152.0,147.0,4.5,4.5,1.0,1.0,2.0,3793.0,10.0,177.07973882073605,1.0,1.0,0,2,7159.1,rush_hour_ns
1763.0,1751.0,151.0,148.0,4.5,4.5,1.0,1.0,3.0,3803.0,10.0,177.41294907224633,1.0,1.0,0,2,7179.9,rush_hour_ns
1767.0,1756.0,150.0,147.0,4.5,4.5,1.0,1.0,4.0,3813.0,7.0,177.81599684791175,1.0,1.0,0,2,7197.7,rush_hour_ns
1773.0,1759.0,148.0,146.0,4.5,4.5,1.0,1.0,5.0,3820.0,6.0,178.14858490566039,1.0,1.0,1,2,7215.0,rush_hour_ns
1779.0,1765.0,148.0,144.0,4.5,4.5,1.0,1.0,0.0,3826.0,10.0,178.41160329282636,1.0,1.0,0,2,7234.0,rush_hour_ns
1782.0,1771.0,149.0,144.0,4.5,4.5,1.0,1.0,0.0,3836.0,10.0,178.81494522691705,1.0,1.0,0,2,7252.5,rush_hour_ns
1788.0,1775.0,149.0,145.0,4.5,4.5,1.0,1.0,0.0,3846.0,11.0,179.1838766347843,1.0,1.0,1,2,7273.0,rush_hour_ns
1791.0,1781.0,151.0,145.0,4.5,4.5,1.0,1.0,0.0,3857.0,11.0,179.55336969224777,1.0,0.0,0,2,2378.0,rush_hour_ns
1791.0,1783.0,151.0,145.0,4.5,4.5,1.0,1.0,1.0,3868.0,2.0,180.06166115541723,1.0,0.0,0,2,2379.8,rush_hour_ns
1793.0,1784.0,151.0,146.0,4.5,4.5,1.0,1.0,2.0,3870.0,4.0,180.46418171228888,1.0,0.0,0,2,2384.1,rush_hour_ns
1796.0,1786.0,152.0,148.0,4.5,4.5,1.0,1.0,3.0,3874.0,8.0,180.83165439752034,1.0,0.0,0,2,2393.4,rush_hour_ns
1798.0,1791.0,154.0,148.0,4.5,4.5,1.0,1.0,4.0,3882.0,9.0,181.12927536231885,1.0,0.0,0,2,2401.7,rush_hour_ns
1800.0,1791.0,156.0,148.0,4.5,4.5,1.0,1.0,5.0,3891.0,4.0,181.56616512345678,1.0,0.0,2,2,2407.5,rush_hour_ns
1803.0,1794.0,158.0,148.0,4.5,4.5,1.0,1.0,0.0,3895.0,8.0,181.8280107733744,1.0,0.0,0,2,2410.5,rush_hour_ns
1808.0,1798.0,159.0,150.0,4.5,4.5,1.0,1.0,0.0,3903.0,12.0,182.16065259117082,1.0,0.0,0,2,2421.0,rush_hour_ns
1813.0,1801.0,159.0,150.0,4.5,4.5,1.0,1.0,0.0,3915.0,8.0,182.63319279417402,1.0,0.0,2,2,2425.0,rush_hour_ns
1816.0,1806.0,159.0,152.0,4.5,4.5,1.0,1.0,0.0,3923.0,10.0,183.03615149196634,1.0,1.0,0,2,7399.5,rush_hour_ns
1820.0,1812.0,158.0,151.0,4.5,4.5,1.0,1.0,1.0,3933.0,8.0,183.2991224723388,1.0,1.0,0,2,7419.3,rush_hour_ns
1825.0,1817.0,158.0,148.0,4.5,4.5,1.0,1.0,2.0,3941.0,7.0,183.63189950513893,1.0,1.0,0,2,7438.6,rush_hour_ns
1830.0,1820.0,158.0,146.0,4.5,4.5,1.0,1.0,3.0,3948.0,6.0,184.0341945288754,1.0,1.0,0,2,7454.4,rush_hour_ns
1836.0,1826.0,155.0,146.0,4.5,4.5,1.0,1.0,4.0,3954.0,9.0,184.29689276241,1.0,1.0,0,2,7477.7,rush_hour_ns
1839.0,1831.0,152.0,144.0,4.5,4.5,1.0,1.0,5.0,3963.0,3.0,184.7682557699584,1.0,1.0,1,2,7492.0,rush_hour_ns
1845.0,1837.0,150.0,141.0,4.5,4.5,1.0,1.0,0.0,3966.0,7.0,185.06472919418758,1.0,1.0,0,2,7509.5,rush_hour_ns
1849.0,1840.0,152.0,142.0,4.5,4.5,1.0,1.0,0.0,3973.0,10.0,185.46637784893576,1.0,1.0,0,2,7525.0,rush_hour_ns
1854.0,1846.0,152.0,144.0,4.5,4.5,1.0,1.0,0.0,3983.0,13.0,185.7641863960917,1.0,1.0,1,2,7548.0,rush_hour_ns
1857.0,1852.0,153.0,146.0,4.5,4.5,1.0,1.0,0.0,3996.0,12.0,186.09767529058868,1.0,0.0,0,2,2452.5,rush_hour_ns
1860.0,1855.0,155.0,146.0,4.5,4.5,1.0,1.0,1.0,4008.0,8.0,186.3614435302917,1.0,0.0,0,2,2460.3,rush_hour_ns
1865.0,1859.0,157.0,146.0,4.5,4.5,1.0,1.0,2.0,4016.0,11.0,186.62588586348377,1.0,0.0,0,2,2469.6,rush_hour_ns
1866.0,1862.0,159.0,146.0,4.5,4.5,1.0,1.0,3.0,4027.0,6.0,186.959620394492,1.0,0.0,0,2,2476.4,rush_hour_ns
1870.0,1862.0,160.0,148.0,4.5,4.5,1.0,1.0,4.0,4033.0,7.0,187.32794800371403,1.0,0.0,0,2,2485.2,rush_hour_ns
1872.0,1866.0,160.0,150.0,4.5,4.5,1.0,1.0,5.0,4040.0,8.0,187.69625648628613,1.0,0.0,2,2,2493.0,rush_hour_ns
1874.0,1870.0,161.0,152.0,4.5,4.5,1.0,1.0,0.0,4048.0,9.0,187.9604436229205,1.0,0.0,0,2,2498.0,rush_hour_ns
1880.0,1873.0,161.0,154.0,4.5,4.5,1.0,1.0,0.0,4057.0,11.0,188.32945950931563,1.0,0.0,0,2,2506.5,rush_hour_ns
1883.0,1877.0,162.0,156.0,4.5,4.5,1.0,1.0,0.0,4068.0,10.0,188.73356656232738,1.0,0.0,2,2,2516.0,rush_hour_ns
1887.0,1882.0,163.0,157.0,4.5,4.5,1.0,1.0,0.0,4078.0,11.0,189.1034546122749,1.0,1.0,0,2,7698.0,rush_hour_ns
1892.0,1886.0,163.0,155.0,4.5,4.5,1.0,1.0,1.0,4089.0,7.0,189.43839383938393,1.0,1.0,0,2,7715.8,rush_hour_ns
1898.0,1890.0,160.0,154.0,4.5,4.5,1.0,1.0,2.0,4096.0,6.0,189.80768526989937,1.0,1.0,0,2,7734.6,rush_hour_ns
1902.0,1894.0,159.0,151.0,4.5,4.5,1.0,1.0,3.0,4102.0,4.0,190.2109589041096,1.0,1.0,0,2,7749.4,rush_hour_ns
1907.0,1900.0,156.0,148.0,4.5,4.5,1.0,1.0,4.0,4106.0,5.0,190.5789281808239,1.0,1.0,0,2,7769.2,rush_hour_ns
1910.0,1905.0,155.0,147.0,4.5,4.5,1.0,1.0,5.0,4111.0,6.0,191.0160145586897,1.0,1.0,1,2,7785.0,rush_hour_ns
1915.0,1909.0,154.0,146.0,4.5,4.5,1.0,1.0,0.0,4117.0,7.0,191.34864717632104,1.0,1.0,0,2,7798.0,rush_hour_ns
1919.0,1914.0,155.0,146.0,4.5,4.5,1.0,1.0,0.0,4124.0,10.0,191.75113286206272,1.0,1.0,0,2,7816.5,rush_hour_ns
1923.0,1920.0,157.0,146.0,4.5,4.5,1.0,1.0,0.0,4134.0,12.0,192.08482546572617,1.0,1.0,1,2,7837.5,rush_hour_ns
1927.0,1925.0,159.0,148.0,4.5,4.5,1.0,1.0,0.0,4146.0,13.0,192.38469866474196,1.0,0.0,0,2,2540.0,rush_hour_ns
1931.0,1925.0,159.0,150.0,4.5,4.5,1.0,1.0,1.0,4159.0,6.0,192.78836455331412,1.0,0.0,0,2,2546.8,rush_hour_ns
1934.0,1928.0,160.0,150.0,4.5,4.5,1.0,1.0,2.0,4165.0,7.0,193.122393961179,1.0,0.0,0,2,2552.6,rush_hour_ns
1938.0,1931.0,162.0,151.0,4.5,4.5,1.0,1.0,3.0,4172.0,10.0,193.3874148440301,1.0,0.0,0,2,2562.9,rush_hour_ns
1941.0,1936.0,164.0,152.0,4.5,4.5,1.0,1.0,4.0,4182.0,11.0,193.6530758226037,1.0,0.0,0,2,2573.7,rush_hour_ns
1941.0,1939.0,165.0,154.0,4.5,4.5,1.0,1.0,5.0,4193.0,6.0,194.05694394858978,1.0,0.0,2,2,2582.0,rush_hour_ns
1942.0,1941.0,166.0,156.0,4.5,4.5,1.0,1.0,0.0,4199.0,6.0,194.49509891284976,1.0,0.0,0,2,2585.5,rush_hour_ns
1945.0,1945.0,168.0,158.0,4.5,4.5,1.0,1.0,0.0,4205.0,11.0,194.86446104589115,1.0,0.0,0,2,2597.0,rush_hour_ns
1950.0,1949.0,169.0,158.0,4.5,4.5,1.0,1.0,0.0,4216.0,10.0,195.26882102272728,1.0,0.0,2,2,2603.5,rush_hour_ns
1953.0,1954.0,169.0,159.0,4.5,4.5,1.0,1.0,0.0,4226.0,9.0,195.70803049104768,1.0,1.0,0,2,7978.0,rush_hour_ns
1958.0,1957.0,168.0,159.0,4.5,4.5,1.0,1.0,1.0,4235.0,7.0,196.11236949212528,1.0,1.0,0,2,7994.3,rush_hour_ns
1963.0,1962.0,167.0,156.0,4.5,4.5,1.0,1.0,2.0,4242.0,6.0,196.51633986928104,1.0,1.0,0,2,8013.1,rush_hour_ns
1967.0,1967.0,167.0,154.0,4.5,4.5,1.0,1.0,3.0,4248.0,7.0,196.88540197461214,1.0,1.0,0,2,8030.9,rush_hour_ns
1970.0,1971.0,166.0,154.0,4.5,4.5,1.0,1.0,4.0,4255.0,6.0,197.3235345889808,1.0,1.0,0,2,8045.2,rush_hour_ns
1973.0,1976.0,163.0,155.0,4.5,4.5,1.0,1.0,5.0,4261.0,6.0,197.72658583728693,1.0,1.0,1,2,8061.0,rush_hour_ns
1978.0,1979.0,162.0,154.0,4.5,4.5,1.0,1.0,0.0,4267.0,6.0,198.1640350877193,1.0,1.0,0,2,8072.0,rush_hour_ns
1984.0,1982.0,164.0,156.0,4.5,4.5,1.0,1.0,0.0,4273.0,13.0,198.46332924908106,1.0,1.0,0,2,8092.0,rush_hour_ns
1990.0,1985.0,166.0,158.0,4.5,4.5,1.0,1.0,0.0,4286.0,13.0,198.7635347537548,1.0,1.0,1,2,8112.0,rush_hour_ns
1994.0,1991.0,166.0,159.0,4.5,4.5,1.0,1.0,0.0,4299.0,11.0,199.13369356806695,1.0,0.0,0,2,2642.5,rush_hour_ns
1996.0,1992.0,166.0,161.0,4.5,4.5,1.0,1.0,1.0,4310.0,5.0,199.50330549756438,1.0,0.0,0,2,2648.8,rush_hour_ns
1999.0,1995.0,166.0,161.0,4.5,4.5,1.0,1.0,2.0,4315.0,6.0,199.87254731724258,1.0,0.0,0,2,2652.6,rush_hour_ns
2002.0,1998.0,166.0,162.0,4.5,4.5,1.0,1.0,3.0,4321.0,7.0,200.17221067221067,1.0,0.0,0,2,2658.4,rush_hour_ns
2006.0,2002.0,168.0,163.0,4.5,4.5,1.0,1.0,4.0,4328.0,11.0,200.40314498012788,1.0,0.0,0,2,2669.2,rush_hour_ns
2008.0,2003.0,169.0,165.0,4.5,4.5,1.0,1.0,5.0,4339.0,6.0,200.77233528803035,1.0,0.0,2,2,2677.5,rush_hour_ns
2011.0,2005.0,171.0,167.0,4.5,4.5,1.0,1.0,0.0,4345.0,9.0,201.03785271851342,1.0,0.0,0,2,2684.0,rush_hour_ns
2017.0,2010.0,172.0,169.0,4.5,4.5,1.0,1.0,0.0,4354.0,14.0,201.304497082046,1.0,0.0,0,2,2695.5,rush_hour_ns
2022.0,2014.0,174.0,169.0,4.5,4.5,1.0,1.0,0.0,4368.0,11.0,201.67534692479012,1.0,0.0,2,2,2704.0,rush_hour_ns
2027.0,2017.0,174.0,171.0,4.5,4.5,1.0,1.0,0.0,4379.0,10.0,202.08106721395586,1.0,1.0,0,2,8260.5,rush_hour_ns
2033.0,2022.0,173.0,170.0,4.5,4.5,1.0,1.0,1.0,4389.0,9.0,202.45237282348924,1.0,1.0,0,2,8282.3,rush_hour_ns
2036.0,2026.0,171.0,170.0,4.5,4.5,1.0,1.0,2.0,4398.0,5.0,202.89227884779274,1.0,1.0,0,2,8296.1,rush_hour_ns
2040.0,2029.0,168.0,169.0,4.5,4.5,1.0,1.0,3.0,4403.0,3.0,203.40057882192713,1.0,1.0,0,2,8308.9,rush_hour_ns
2045.0,2034.0,167.0,167.0,4.5,4.5,1.0,1.0,4.0,4406.0,7.0,203.80489462950374,1.0,1.0,0,2,8328.2,rush_hour_ns
2050.0,2040.0,166.0,166.0,4.5,4.5,1.0,1.0,5.0,4413.0,9.0,204.1054773613702,1.0,1.0,1,2,8350.0,rush_hour_ns
2056.0,2044.0,166.0,164.0,4.5,4.5,1.0,1.0,0.0,4422.0,8.0,204.4406837028262,1.0,1.0,0,2,8365.0,rush_hour_ns
2061.0,2050.0,167.0,166.0,4.5,4.5,1.0,1.0,0.0,4430.0,14.0,204.70774945129156,1.0,1.0,0,2,8388.5,rush_hour_ns
2067.0,2054.0,168.0,168.0,4.5,4.5,1.0,1.0,0.0,4444.0,13.0,205.01027628032344,1.0,1.0,1,2,8410.0,rush_hour_ns
2071.0,2060.0,169.0,170.0,4.5,4.5,1.0,1.0,0.0,4457.0,13.0,205.31366616238023,1.0,0.0,0,2,2743.5,rush_hour_ns
2076.0,2062.0,171.0,171.0,4.5,4.5,1.0,1.0,1.0,4470.0,10.0,205.58292805634747,1.0,0.0,0,2,2753.8,rush_hour_ns
2076.0,2063.0,172.0,173.0,4.5,4.5,1.0,1.0,2.0,4480.0,4.0,205.98945253641386,1.0,0.0,0,2,2761.1,rush_hour_ns
2079.0,2065.0,173.0,173.0,4.5,4.5,1.0,1.0,3.0,4484.0,6.0,206.39562092595688,1.0,0.0,0,2,2766.4,rush_hour_ns
2082.0,2066.0,175.0,175.0,4.5,4.5,1.0,1.0,4.0,4490.0,8.0,206.7327773144287,1.0,0.0,0,2,2777.2,rush_hour_ns
2085.0,2067.0,175.0,175.0,4.5,4.5,1.0,1.0,5.0,4498.0,4.0,207.2072297184741,1.0,0.0,2,2,2780.0,rush_hour_ns
2086.0,2069.0,177.0,176.0,4.5,4.5,1.0,1.0,0.0,4502.0,6.0,207.61233993015134,1.0,0.0,0,2,2783.5,rush_hour_ns
2089.0,2075.0,179.0,176.0,4.5,4.5,1.0,1.0,0.0,4508.0,11.0,207.98339973439576,1.0,0.0,0,2,2792.0,rush_hour_ns
2092.0,2079.0,180.0,177.0,4.5,4.5,1.0,1.0,0.0,4519.0,9.0,208.42366981601194,1.0,0.0,2,2,2799.5,rush_hour_ns
2098.0,2083.0,180.0,179.0,4.5,4.5,1.0,1.0,0.0,4528.0,12.0,208.7609594706369,1.0,1.0,0,2,8541.5,rush_hour_ns
2104.0,2088.0,179.0,179.0,4.5,4.5,1.0,1.0,1.0,4540.0,10.0,209.0640475404424,1.0,1.0,0,2,8563.8,rush_hour_ns
2110.0,2091.0,180.0,179.0,4.5,4.5,1.0,1.0,2.0,4550.0,10.0,209.4019769357496,1.0,1.0,0,2,8583.1,rush_hour_ns
2115.0,2097.0,179.0,177.0,4.5,4.5,1.0,1.0,3.0,4560.0,8.0,209.7054085155351,1.0,1.0,0,2,8604.4,rush_hour_ns
2120.0,2102.0,178.0,176.0,4.5,4.5,1.0,1.0,4.0,4568.0,8.0,210.07778142435183,1.0,1.0,0,2,8624.2,rush_hour_ns
2123.0,2107.0,177.0,175.0,4.5,4.5,1.0,1.0,5.0,4576.0,6.0,210.48427260812582,1.0,1.0,1,2,8640.0,rush_hour_ns
2129.0,2113.0,178.0,174.0,4.5,4.5,1.0,1.0,0.0,4582.0,12.0,210.6846405228758,1.0,1.0,0,2,8660.0,rush_hour_ns
2132.0,2119.0,178.0,176.0,4.5,4.5,1.0,1.0,0.0,4594.0,11.0,211.05773935736423,1.0,1.0,0,2,8679.0,rush_hour_ns
2136.0,2125.0,178.0,178.0,4.5,4.5,1.0,1.0,0.0,4605.0,12.0,211.39703727820284,1.0,1.0,1,2,8700.0,rush_hour_ns
2142.0,2129.0,178.0,179.0,4.5,4.5,1.0,1.0,0.0,4617.0,11.0,211.771205719857,1.0,0.0,0,2,2849.5,rush_hour_ns
2143.0,2132.0,179.0,181.0,4.5,4.5,1.0,1.0,1.0,4628.0,7.0,212.14517437145173,1.0,0.0,0,2,2858.3,rush_hour_ns
2146.0,2134.0,180.0,181.0,4.5,4.5,1.0,1.0,2.0,4635.0,6.0,212.6220638263405,1.0,0.0,0,2,2863.6,rush_hour_ns
2147.0,2138.0,180.0,181.0,4.5,4.5,1.0,1.0,3.0,4641.0,5.0,213.0295972828724,1.0,0.0,0,2,2866.9,rush_hour_ns
2151.0,2138.0,182.0,182.0,4.5,4.5,1.0,1.0,4.0,4646.0,7.0,213.4024862770423,1.0,0.0,0,2,2875.7,rush_hour_ns
2152.0,2140.0,182.0,183.0,4.5,4.5,1.0,1.0,5.0,4653.0,4.0,213.84362405287763,1.0,0.0,0,2,2880.0,rush_hour_ns
2154.0,2142.0,183.0,185.0,4.5,4.5,1.0,1.0,6.0,4657.0,7.0,214.21564209848728,1.0,0.0,2,2,2888.8,rush_hour_ns
2157.0,2143.0,184.0,187.0,4.5,4.5,1.0,1.0,0.0,4664.0,7.0,214.5530035335689,1.0,0.0,0,2,2892.0,rush_hour_ns
2163.0,2147.0,184.0,188.0,4.5,4.5,1.0,1.0,0.0,4671.0,11.0,214.92528459195125,1.0,0.0,0,2,2899.0,rush_hour_ns
2168.0,2151.0,184.0,190.0,4.5,4.5,1.0,1.0,0.0,4682.0,11.0,215.29801536491678,1.0,0.0,2,2,2907.5,rush_hour_ns
2173.0,2156.0,185.0,192.0,4.5,4.5,1.0,1.0,0.0,4693.0,13.0,215.6026193898738,1.0,1.0,0,2,8846.5,rush_hour_ns
2179.0,2159.0,182.0,190.0,4.5,4.5,1.0,1.0,1.0,4706.0,4.0,216.0098867804178,1.0,1.0,0,2,8862.8,rush_hour_ns
2185.0,2162.0,181.0,190.0,4.5,4.5,1.0,1.0,2.0,4710.0,8.0,216.38268067494428,1.0,1.0,0,2,8881.1,rush_hour_ns
2188.0,2166.0,180.0,188.0,4.5,4.5,1.0,1.0,3.0,4718.0,4.0,216.85818759936407,1.0,1.0,0,2,8894.4,rush_hour_ns
2194.0,2172.0,181.0,186.0,4.5,4.5,1.0,1.0,4.0,4722.0,11.0,217.12737944162436,1.0,1.0,0,2,8918.7,rush_hour_ns
2199.0,2176.0,180.0,187.0,4.5,4.5,1.0,1.0,5.0,4733.0,9.0,217.43121735000793,1.0,1.0,1,2,8937.5,rush_hour_ns
2203.0,2180.0,179.0,188.0,4.5,4.5,1.0,1.0,0.0,4742.0,8.0,217.83831199620673,1.0,1.0,0,2,8949.5,rush_hour_ns
2208.0,2186.0,181.0,190.0,4.5,4.5,1.0,1.0,0.0,4750.0,15.0,218.07442447177547,1.0,1.0,0,2,8973.5,rush_hour_ns
2211.0,2190.0,181.0,190.0,4.5,4.5,1.0,1.0,0.0,4765.0,7.0,218.58560403213104,1.0,1.0,1,2,8987.5,rush_hour_ns
2214.0,2195.0,183.0,191.0,4.5,4.5,1.0,1.0,0.0,4772.0,11.0,218.95959119496857,1.0,0.0,0,2,2952.5,rush_hour_ns
2219.0,2198.0,184.0,193.0,4.5,4.5,1.0,1.0,1.0,4783.0,11.0,219.19639215686274,1.0,0.0,0,2,2963.3,rush_hour_ns
2221.0,2200.0,184.0,193.0,4.5,4.5,1.0,1.0,2.0,4794.0,4.0,219.60454189506657,1.0,0.0,0,2,2966.1,rush_hour_ns
2226.0,2201.0,184.0,193.0,4.5,4.5,1.0,1.0,3.0,4798.0,6.0,220.04676258992805,1.0,0.0,0,2,2969.9,rush_hour_ns
2230.0,2202.0,185.0,195.0,4.5,4.5,1.0,1.0,4.0,4804.0,8.0,220.38573212613176,1.0,0.0,0,2,2979.2,rush_hour_ns
2233.0,2204.0,186.0,195.0,4.5,4.5,1.0,1.0,5.0,4812.0,6.0,220.82759158222916,1.0,0.0,0,2,2984.5,rush_hour_ns
2234.0,2204.0,186.0,195.0,4.5,4.5,1.0,1.0,6.0,4818.0,1.0,221.33727810650888,1.0,0.0,0,2,2985.8,rush_hour_ns
2237.0,2207.0,188.0,195.0,4.5,4.5,1.0,1.0,7.0,4819.0,8.0,221.70915591481423,1.0,0.0,2,2,2993.6,rush_hour_ns
2238.0,2210.0,189.0,197.0,4.5,4.5,1.0,1.0,0.0,4827.0,7.0,222.01194539249147,1.0,0.0,0,2,2996.0,rush_hour_ns
2242.0,2213.0,191.0,197.0,4.5,4.5,1.0,1.0,0.0,4834.0,9.0,222.45267234701782,1.0,0.0,0,2,3003.5,rush_hour_ns
2245.0,2219.0,192.0,197.0,4.5,4.5,1.0,1.0,0.0,4843.0,10.0,222.85924207269915,1.0,0.0,2,2,3010.0,rush_hour_ns
2249.0,2225.0,192.0,199.0,4.5,4.5,1.0,1.0,0.0,4853.0,12.0,223.19746796356338,1.0,1.0,0,2,9143.5,rush_hour_ns
2252.0,2229.0,190.0,198.0,4.5,4.5,1.0,1.0,1.0,4865.0,4.0,223.67293754818812,1.0,1.0,0,2,9156.8,rush_hour_ns
2256.0,2232.0,189.0,195.0,4.5,4.5,1.0,1.0,2.0,4869.0,3.0,224.18222427603203,1.0,1.0,0,2,9169.6,rush_hour_ns
2262.0,2238.0,189.0,196.0,4.5,4.5,1.0,1.0,3.0,4872.0,13.0,224.41616720454894,1.0,1.0,0,2,9194.9,rush_hour_ns
2265.0,2241.0,187.0,194.0,4.5,4.5,1.0,1.0,4.0,4885.0,2.0,224.95977276216797,1.0,1.0,0,2,9205.7,rush_hour_ns
2268.0,2245.0,186.0,191.0,4.5,4.5,1.0,1.0,5.0,4887.0,3.0,225.46825153374232,1.0,1.0,1,2,9218.5,rush_hour_ns
2271.0,2251.0,184.0,190.0,4.5,4.5,1.0,1.0,0.0,4890.0,6.0,225.83815648445872,1.0,1.0,0,2,9231.0,rush_hour_ns
2277.0,2255.0,184.0,192.0,4.5,4.5,1.0,1.0,0.0,4896.0,12.0,226.1740791685771,1.0,1.0,0,2,9252.0,rush_hour_ns
2281.0,2258.0,185.0,194.0,4.5,4.5,1.0,1.0,0.0,4908.0,10.0,226.5794292690371,1.0,1.0,1,2,9267.5,rush_hour_ns
2285.0,2264.0,186.0,195.0,4.5,4.5,1.0,1.0,0.0,4918.0,12.0,226.91622239146992,1.0,0.0,0,2,3036.5,rush_hour_ns
2287.0,2264.0,188.0,195.0,4.5,4.5,1.0,1.0,1.0,4930.0,4.0,227.35609978703985,1.0,0.0,0,2,3042.3,rush_hour_ns
2291.0,2266.0,188.0,196.0,4.5,4.5,1.0,1.0,2.0,4934.0,7.0,227.7958377639374,1.0,0.0,0,2,3048.1,rush_hour_ns
2291.0,2269.0,188.0,198.0,4.5,4.5,1.0,1.0,3.0,4941.0,5.0,228.20051569846808,1.0,0.0,0,2,3054.4,rush_hour_ns
2292.0,2272.0,188.0,200.0,4.5,4.5,1.0,1.0,4.0,4946.0,6.0,228.5702604482132,1.0,0.0,0,2,3061.2,rush_hour_ns
2294.0,2275.0,190.0,201.0,4.5,4.5,1.0,1.0,5.0,4952.0,8.0,228.93998488284203,1.0,0.0,2,2,3070.5,rush_hour_ns
2295.0,2276.0,192.0,202.0,4.5,4.5,1.0,1.0,0.0,4960.0,5.0,229.34384905660377,1.0,0.0,0,2,3073.5,rush_hour_ns
2301.0,2279.0,194.0,204.0,4.5,4.5,1.0,1.0,0.0,4965.0,13.0,229.64462187405846,1.0,0.0,0,2,3086.0,rush_hour_ns
2304.0,2283.0,196.0,206.0,4.5,4.5,1.0,1.0,0.0,4978.0,11.0,230.01503985561737,1.0,0.0,2,2,3097.5,rush_hour_ns
2309.0,2287.0,198.0,208.0,4.5,4.5,1.0,1.0,0.0,4989.0,13.0,230.31702191534075,1.0,1.0,0,2,9395.0,rush_hour_ns
2315.0,2290.0,196.0,207.0,4.5,4.5,1.0,1.0,1.0,5002.0,6.0,230.75700794483586,1.0,1.0,0,2,9412.3,rush_hour_ns
2319.0,2295.0,194.0,205.0,4.5,4.5,1.0,1.0,2.0,5008.0,5.0,231.1619518036222,1.0,1.0,0,2,9429.1,rush_hour_ns
2324.0,2300.0,194.0,205.0,4.5,4.5,1.0,1.0,3.0,5013.0,10.0,231.49798296727926,1.0,1.0,0,2,9449.9,rush_hour_ns
2327.0,2305.0,193.0,206.0,4.5,4.5,1.0,1.0,4.0,5023.0,8.0,231.9031776816351,1.0,1.0,0,2,9466.7,rush_hour_ns
2331.0,2311.0,192.0,205.0,4.5,4.5,1.0,1.0,5.0,5031.0,8.0,232.27375633005659,1.0,1.0,1,2,9486.5,rush_hour_ns
2335.0,2317.0,190.0,205.0,4.5,4.5,1.0,1.0,0.0,5039.0,8.0,232.60972346119536,1.0,1.0,0,2,9501.5,rush_hour_ns
2338.0,2321.0,192.0,207.0,4.5,4.5,1.0,1.0,0.0,5047.0,11.0,232.9807035772599,1.0,1.0,0,2,9517.5,rush_hour_ns
2341.0,2327.0,194.0,209.0,4.5,4.5,1.0,1.0,0.0,5058.0,13.0,233.28325925925927,1.0,1.0,1,2,9537.5,rush_hour_ns
2344.0,2333.0,195.0,211.0,4.5,4.5,1.0,1.0,0.0,5071.0,12.0,233.6209701271813,1.0,0.0,0,2,3150.5,rush_hour_ns
2346.0,2337.0,195.0,211.0,4.5,4.5,1.0,1.0,1.0,5083.0,6.0,234.0620292423571,1.0,0.0,0,2,3154.3,rush_hour_ns
2348.0,2339.0,196.0,212.0,4.5,4.5,1.0,1.0,2.0,5089.0,6.0,234.46822002654477,1.0,0.0,0,2,3161.1,rush_hour_ns
2349.0,2342.0,198.0,214.0,4.5,4.5,1.0,1.0,3.0,5095.0,8.0,234.83981154299175,1.0,0.0,0,2,3171.9,rush_hour_ns
2350.0,2343.0,198.0,214.0,4.5,4.5,1.0,1.0,4.0,5103.0,2.0,235.34887483453448,1.0,0.0,0,2,3173.7,rush_hour_ns
2354.0,2347.0,200.0,216.0,4.5,4.5,1.0,1.0,5.0,5105.0,12.0,235.54717534849595,1.0,0.0,2,2,3186.5,rush_hour_ns
2358.0,2350.0,202.0,216.0,4.5,4.5,1.0,1.0,0.0,5117.0,9.0,235.84944346807265,1.0,0.0,0,2,3190.0,rush_hour_ns
2363.0,2355.0,203.0,217.0,4.5,4.5,1.0,1.0,0.0,5126.0,12.0,236.18684210526317,1.0,0.0,0,2,3199.0,rush_hour_ns
2367.0,2359.0,204.0,218.0,4.5,4.5,1.0,1.0,0.0,5138.0,10.0,236.59357664233576,1.0,0.0,2,2,3207.0,rush_hour_ns
2370.0,2363.0,205.0,219.0,4.5,4.5,1.0,1.0,0.0,5148.0,9.0,237.03499052339993,1.0,1.0,0,2,9678.0,rush_hour_ns
2376.0,2366.0,202.0,218.0,4.5,4.5,1.0,1.0,1.0,5157.0,5.0,237.47597553873035,1.0,1.0,0,2,9694.8,rush_hour_ns
2379.0,2369.0,201.0,215.0,4.5,4.5,1.0,1.0,2.0,5162.0,2.0,238.01993017166134,1.0,1.0,0,2,9705.6,rush_hour_ns
2385.0,2373.0,199.0,214.0,4.5,4.5,1.0,1.0,3.0,5164.0,7.0,238.3907044299201,1.0,1.0,0,2,9724.9,rush_hour_ns
2388.0,2379.0,196.0,214.0,4.5,4.5,1.0,1.0,4.0,5171.0,6.0,238.79579405366206,1.0,1.0,0,2,9742.2,rush_hour_ns
2391.0,2382.0,196.0,214.0,4.5,4.5,1.0,1.0,5.0,5177.0,6.0,239.2005792903693,1.0,1.0,1,2,9755.0,rush_hour_ns
2394.0,2386.0,195.0,213.0,4.5,4.5,1.0,1.0,0.0,5183.0,5.0,239.63957188313566,1.0,1.0,0,2,9764.0,rush_hour_ns
2399.0,2389.0,196.0,213.0,4.5,4.5,1.0,1.0,0.0,5188.0,9.0,240.0787230969233,1.0,1.0,0,2,9780.5,rush_hour_ns
2403.0,2392.0,197.0,214.0,4.5,4.5,1.0,1.0,0.0,5197.0,9.0,240.51803231390653,1.0,1.0,1,2,9795.5,rush_hour_ns
2406.0,2396.0,197.0,215.0,4.5,4.5,1.0,1.0,0.0,5206.0,8.0,240.9920749279539,1.0,0.0,0,2,3225.0,rush_hour_ns
2408.0,2399.0,197.0,215.0,4.5,4.5,1.0,1.0,1.0,5214.0,5.0,241.43099726579365,1.0,0.0,0,2,3228.3,rush_hour_ns
2411.0,2404.0,198.0,215.0,4.5,4.5,1.0,1.0,2.0,5219.0,9.0,241.76583824163194,1.0,0.0,0,2,3235.1,rush_hour_ns
2411.0,2406.0,198.0,215.0,4.5,4.5,1.0,1.0,3.0,5228.0,2.0,242.27353616532722,1.0,0.0,0,2,3236.9,rush_hour_ns
2412.0,2409.0,200.0,217.0,4.5,4.5,1.0,1.0,4.0,5230.0,8.0,242.57269732130067,1.0,0.0,0,2,3247.7,rush_hour_ns
2415.0,2413.0,202.0,218.0,4.5,4.5,1.0,1.0,5.0,5238.0,10.0,242.80274442538592,1.0,0.0,2,2,3258.0,rush_hour_ns
2418.0,2415.0,202.0,218.0,4.5,4.5,1.0,1.0,0.0,5248.0,5.0,243.2406852248394,1.0,0.0,0,2,3256.5,rush_hour_ns
2423.0,2419.0,204.0,218.0,4.5,4.5,1.0,1.0,0.0,5253.0,11.0,243.60960661345496,1.0,0.0,0,2,3265.0,rush_hour_ns
2429.0,2423.0,205.0,219.0,4.5,4.5,1.0,1.0,0.0,5264.0,12.0,243.94436539556062,1.0,0.0,2,2,3274.0,rush_hour_ns
2435.0,2429.0,206.0,219.0,4.5,4.5,1.0,1.0,0.0,5276.0,13.0,244.24513563414288,1.0,1.0,0,2,9940.5,rush_hour_ns
2438.0,2434.0,205.0,218.0,4.5,4.5,1.0,1.0,1.0,5289.0,6.0,244.64969507871223,1.0,1.0,0,2,9956.3,rush_hour_ns
2442.0,2440.0,204.0,216.0,4.5,4.5,1.0,1.0,2.0,5295.0,7.0,245.0540999858377,1.0,1.0,0,2,9975.6,rush_hour_ns
2448.0,2446.0,203.0,214.0,4.5,4.5,1.0,1.0,3.0,5302.0,9.0,245.35453774385073,1.0,1.0,0,2,9998.9,rush_hour_ns
2451.0,2449.0,201.0,211.0,4.5,4.5,1.0,1.0,4.0,5311.0,1.0,245.89689265536722,1.0,1.0,0,2,10009.2,rush_hour_ns
2457.0,2455.0,200.0,211.0,4.5,4.5,1.0,1.0,5.0,5312.0,11.0,246.1966727759763,1.0,1.0,1,2,10033.5,rush_hour_ns
2462.0,2459.0,201.0,210.0,4.5,4.5,1.0,1.0,0.0,5323.0,9.0,246.49662257247397,1.0,1.0,0,2,10047.5,rush_hour_ns
2467.0,2462.0,202.0,210.0,4.5,4.5,1.0,1.0,0.0,5332.0,9.0,246.93548840477862,1.0,1.0,0,2,10064.0,rush_hour_ns
2470.0,2467.0,202.0,210.0,4.5,4.5,1.0,1.0,0.0,5341.0,8.0,247.40909729046749,1.0,1.0,1,2,10080.0,rush_hour_ns
2475.0,2470.0,204.0,211.0,4.5,4.5,1.0,1.0,0.0,5349.0,11.0,247.77894589290722,1.0,0.0,0,2,3302.5,rush_hour_ns
2479.0,2473.0,206.0,213.0,4.5,4.5,1.0,1.0,1.0,5360.0,11.0,247.97566433566433,1.0,0.0,0,2,3314.8,rush_hour_ns
2480.0,2474.0,206.0,214.0,4.5,4.5,1.0,1.0,2.0,5371.0,3.0,248.44928751047777,1.0,0.0,0,2,3318.6,rush_hour_ns
2480.0,2477.0,207.0,216.0,4.5,4.5,1.0,1.0,3.0,5374.0,6.0,248.78382147838215,1.0,0.0,0,2,3326.9,rush_hour_ns
2484.0,2479.0,208.0,217.0,4.5,4.5,1.0,1.0,4.0,5380.0,8.0,249.18774373259052,1.0,0.0,0,2,3334.7,rush_hour_ns
2486.0,2483.0,209.0,217.0,4.5,4.5,1.0,1.0,5.0,5388.0,7.0,249.55680712001111,1.0,0.0,2,2,3340.5,rush_hour_ns
2489.0,2485.0,209.0,217.0,4.5,4.5,1.0,1.0,0.0,5395.0,5.0,249.9948611111111,1.0,0.0,0,2,3339.0,rush_hour_ns
2493.0,2489.0,211.0,219.0,4.5,4.5,1.0,1.0,0.0,5400.0,12.0,250.32931225734887,1.0,0.0,0,2,3351.0,rush_hour_ns
2498.0,2492.0,213.0,220.0,4.5,4.5,1.0,1.0,0.0,5412.0,11.0,250.69887858230652,1.0,0.0,2,2,3361.0,rush_hour_ns
2501.0,2495.0,215.0,221.0,4.5,4.5,1.0,1.0,0.0,5423.0,9.0,251.13799778761063,1.0,1.0,0,2,10210.0,rush_hour_ns
2505.0,2501.0,216.0,220.0,4.5,4.5,1.0,1.0,1.0,5432.0,10.0,251.47321921590282,1.0,1.0,0,2,10230.8,rush_hour_ns
2511.0,2504.0,215.0,220.0,4.5,4.5,1.0,1.0,2.0,5442.0,8.0,251.80843439911797,1.0,1.0,0,2,10249.1,rush_hour_ns
2514.0,2507.0,215.0,217.0,4.5,4.5,1.0,1.0,3.0,5450.0,3.0,252.31653586672175,1.0,1.0,0,2,10260.4,rush_hour_ns
2517.0,2512.0,214.0,218.0,4.5,4.5,1.0,1.0,4.0,5453.0,8.0,252.72047298226317,1.0,1.0,0,2,10277.2,rush_hour_ns
2522.0,2518.0,213.0,216.0,4.5,4.5,1.0,1.0,5.0,5461.0,8.0,253.08964854475562,1.0,1.0,1,2,10298.5,rush_hour_ns
2525.0,2523.0,214.0,217.0,4.5,4.5,1.0,1.0,0.0,5469.0,10.0,253.42434210526315,1.0,1.0,0,2,10311.5,rush_hour_ns
2531.0,2528.0,215.0,219.0,4.5,4.5,1.0,1.0,0.0,5479.0,14.0,253.6904240766074,1.0,1.0,0,2,10335.0,rush_hour_ns
2535.0,2532.0,215.0,220.0,4.5,4.5,1.0,1.0,0.0,5493.0,9.0,254.1302090449515,1.0,1.0,1,2,10351.5,rush_hour_ns
2540.0,2536.0,217.0,221.0,4.5,4.5,1.0,1.0,0.0,5502.0,12.0,254.46637566498433,1.0,0.0,0,2,3414.0,rush_hour_ns
2544.0,2541.0,217.0,223.0,4.5,4.5,1.0,1.0,1.0,5514.0,11.0,254.76824618736384,1.0,0.0,0,2,3423.3,rush_hour_ns
2545.0,2544.0,219.0,223.0,4.5,4.5,1.0,1.0,2.0,5525.0,6.0,255.1739189556704,1.0,0.0,0,2,3430.1,rush_hour_ns
2549.0,2549.0,221.0,223.0,4.5,4.5,1.0,1.0,3.0,5531.0,11.0,255.47590606759874,1.0,0.0,0,2,3439.4,rush_hour_ns
2553.0,2551.0,222.0,225.0,4.5,4.5,1.0,1.0,4.0,5542.0,9.0,255.81271174955955,1.0,0.0,0,2,3449.2,rush_hour_ns
2553.0,2552.0,224.0,226.0,4.5,4.5,1.0,1.0,5.0,5551.0,4.0,256.218297469211,1.0,0.0,2,2,3456.5,rush_hour_ns
2556.0,2553.0,226.0,228.0,4.5,4.5,1.0,1.0,0.0,5555.0,8.0,256.5198594974331,1.0,0.0,0,2,3462.5,rush_hour_ns
2560.0,2559.0,228.0,229.0,4.5,4.5,1.0,1.0,0.0,5563.0,13.0,256.822117329737,1.0,0.0,0,2,3473.5,rush_hour_ns
2566.0,2562.0,229.0,229.0,4.5,4.5,1.0,1.0,0.0,5576.0,10.0,257.2285521885522,1.0,0.0,2,2,3480.0,rush_hour_ns
2571.0,2566.0,231.0,229.0,4.5,4.5,1.0,1.0,0.0,5586.0,11.0,257.60072619688003,1.0,1.0,0,2,10504.0,rush_hour_ns
2576.0,2569.0,232.0,228.0,4.5,4.5,1.0,1.0,1.0,5597.0,8.0,257.9728749832147,1.0,1.0,0,2,10520.8,rush_hour_ns
2582.0,2572.0,230.0,229.0,4.5,4.5,1.0,1.0,2.0,5605.0,8.0,258.31036331947985,1.0,1.0,0,2,10539.1,rush_hour_ns
2586.0,2578.0,228.0,228.0,4.5,4.5,1.0,1.0,3.0,5613.0,7.0,258.61308886509636,1.0,1.0,0,2,10558.4,rush_hour_ns
2590.0,2583.0,228.0,228.0,4.5,4.5,1.0,1.0,4.0,5620.0,9.0,258.95056119722074,1.0,1.0,0,2,10577.2,rush_hour_ns
2596.0,2589.0,225.0,228.0,4.5,4.5,1.0,1.0,5.0,5629.0,9.0,259.2535680939042,1.0,1.0,1,2,10600.5,rush_hour_ns
2602.0,2594.0,225.0,226.0,4.5,4.5,1.0,1.0,0.0,5638.0,9.0,259.5221674876847,1.0,1.0,0,2,10617.5,rush_hour_ns
2606.0,2599.0,227.0,227.0,4.5,4.5,1.0,1.0,0.0,5647.0,12.0,259.86042802073644,1.0,1.0,0,2,10637.0,rush_hour_ns
2609.0,2604.0,228.0,229.0,4.5,4.5,1.0,1.0,0.0,5659.0,11.0,260.2336076453411,1.0,1.0,1,2,10654.5,rush_hour_ns
2614.0,2608.0,228.0,230.0,4.5,4.5,1.0,1.0,0.0,5670.0,10.0,260.64156945917284,1.0,0.0,0,2,3527.0,rush_hour_ns
2616.0,2610.0,230.0,231.0,4.5,4.5,1.0,1.0,1.0,5680.0,7.0,261.04937781307916,1.0,0.0,0,2,3535.8,rush_hour_ns
2619.0,2611.0,231.0,233.0,4.5,4.5,1.0,1.0,2.0,5687.0,7.0,261.42247191011234,1.0,0.0,0,2,3544.6,rush_hour_ns
2624.0,2615.0,233.0,235.0,4.5,4.5,1.0,1.0,3.0,5694.0,13.0,261.65804749340367,1.0,0.0,0,2,3557.9,rush_hour_ns
2625.0,2617.0,235.0,236.0,4.5,4.5,1.0,1.0,4.0,5707.0,6.0,261.99697049525815,1.0,0.0,0,2,3566.2,rush_hour_ns
2627.0,2618.0,236.0,236.0,4.5,4.5,1.0,1.0,5.0,5713.0,4.0,262.4734210526316,1.0,0.0,2,2,3570.5,rush_hour_ns
2630.0,2619.0,238.0,237.0,4.5,4.5,1.0,1.0,0.0,5717.0,7.0,262.7770918166294,1.0,0.0,0,2,3574.5,rush_hour_ns
2633.0,2625.0,238.0,239.0,4.5,4.5,1.0,1.0,0.0,5724.0,11.0,263.1501836306401,1.0,0.0,0,2,3583.0,rush_hour_ns
2636.0,2628.0,239.0,239.0,4.5,4.5,1.0,1.0,0.0,5735.0,7.0,263.6612501638055,1.0,0.0,2,2,3588.0,rush_hour_ns
2640.0,2631.0,241.0,241.0,4.5,4.5,1.0,1.0,0.0,5742.0,11.0,264.0345459303847,1.0,1.0,0,2,10783.0,rush_hour_ns
2644.0,2636.0,240.0,242.0,4.5,4.5,1.0,1.0,1.0,5753.0,9.0,264.3388634879164,1.0,1.0,0,2,10801.8,rush_hour_ns
2648.0,2642.0,239.0,240.0,4.5,4.5,1.0,1.0,2.0,5762.0,7.0,264.7466405740378,1.0,1.0,0,2,10821.1,rush_hour_ns
2654.0,2645.0,239.0,239.0,4.5,4.5,1.0,1.0,3.0,5769.0,8.0,265.1543973941368,1.0,1.0,0,2,10839.4,rush_hour_ns
2659.0,2650.0,240.0,239.0,4.5,4.5,1.0,1.0,4.0,5777.0,11.0,265.4243724801665,1.0,1.0,0,2,10860.7,rush_hour_ns
2664.0,2653.0,238.0,238.0,4.5,4.5,1.0,1.0,5.0,5788.0,5.0,265.866588724344,1.0,1.0,1,2,10876.0,rush_hour_ns
2670.0,2657.0,236.0,237.0,4.5,4.5,1.0,1.0,0.0,5793.0,7.0,266.2395900895058,1.0,1.0,0,2,10890.5,rush_hour_ns
2676.0,2662.0,238.0,237.0,4.5,4.5,1.0,1.0,0.0,5800.0,13.0,266.5441595441595,1.0,1.0,0,2,10913.5,rush_hour_ns
2680.0,2667.0,239.0,237.0,4.5,4.5,1.0,1.0,0.0,5813.0,10.0,266.9525349198138,1.0,1.0,1,2,10932.0,rush_hour_ns
2686.0,2673.0,239.0,238.0,4.5,4.5,1.0,1.0,0.0,5823.0,13.0,267.2579728857327,1.0,0.0,0,2,3633.5,rush_hour_ns
2689.0,2674.0,241.0,238.0,4.5,4.5,1.0,1.0,1.0,5836.0,6.0,267.6321557503868,1.0,0.0,0,2,3640.3,rush_hour_ns
2689.0,2676.0,242.0,239.0,4.5,4.5,1.0,1.0,2.0,5842.0,4.0,268.1093508500773,1.0,0.0,0,2,3646.1,rush_hour_ns
2690.0,2679.0,242.0,240.0,4.5,4.5,1.0,1.0,3.0,5846.0,5.0,268.5516531583687,1.0,0.0,0,2,3650.9,rush_hour_ns
2692.0,2681.0,243.0,242.0,4.5,4.5,1.0,1.0,4.0,5851.0,7.0,268.9592702042914,1.0,0.0,0,2,3659.7,rush_hour_ns
2695.0,2683.0,245.0,243.0,4.5,4.5,1.0,1.0,5.0,5858.0,8.0,269.22867769654994,1.0,0.0,2,2,3669.0,rush_hour_ns
2696.0,2687.0,247.0,245.0,4.5,4.5,1.0,1.0,0.0,5866.0,9.0,269.49827166816027,1.0,0.0,0,2,3675.5,rush_hour_ns
2701.0,2693.0,249.0,246.0,4.5,4.5,1.0,1.0,0.0,5875.0,14.0,269.76869009584664,1.0,0.0,0,2,3687.0,rush_hour_ns
2704.0,2698.0,250.0,248.0,4.5,4.5,1.0,1.0,0.0,5889.0,11.0,270.1429300663604,1.0,0.0,2,2,3697.0,rush_hour_ns
2709.0,2703.0,252.0,248.0,4.5,4.5,1.0,1.0,0.0,5900.0,12.0,270.4831804281346,1.0,1.0,0,2,11074.0,rush_hour_ns
2712.0,2706.0,251.0,245.0,4.5,4.5,1.0,1.0,1.0,5912.0,2.0,270.9605397148676,1.0,1.0,0,2,11084.8,rush_hour_ns
2716.0,2709.0,251.0,245.0,4.5,4.5,1.0,1.0,2.0,5914.0,7.0,271.36880244088485,1.0,1.0,0,2,11099.6,rush_hour_ns
2722.0,2712.0,251.0,243.0,4.5,4.5,1.0,1.0,3.0,5921.0,7.0,271.77691721686136,1.0,1.0,0,2,11117.4,rush_hour_ns
2725.0,2718.0,252.0,244.0,4.5,4.5,1.0,1.0,4.0,5928.0,11.0,272.08188617061734,1.0,1.0,0,2,11137.2,rush_hour_ns
2731.0,2722.0,252.0,243.0,4.5,4.5,1.0,1.0,5.0,5939.0,9.0,272.4214656372611,1.0,1.0,1,2,11157.5,rush_hour_ns
2735.0,2725.0,252.0,243.0,4.5,4.5,1.0,1.0,0.0,5948.0,7.0,272.795374115268,1.0,1.0,0,2,11167.5,rush_hour_ns
2740.0,2728.0,253.0,244.0,4.5,4.5,1.0,1.0,0.0,5955.0,10.0,273.203988891694,1.0,1.0,0,2,11184.5,rush_hour_ns
2743.0,2731.0,253.0,246.0,4.5,4.5,1.0,1.0,0.0,5965.0,8.0,273.6815889029004,1.0,1.0,1,2,11197.5,rush_hour_ns
2748.0,2735.0,254.0,248.0,4.5,4.5,1.0,1.0,0.0,5973.0,12.0,274.0216570133468,1.0,0.0,0,2,3745.5,rush_hour_ns
2751.0,2737.0,254.0,249.0,4.5,4.5,1.0,1.0,1.0,5985.0,6.0,274.43045774647885,1.0,0.0,0,2,3750.8,rush_hour_ns
2754.0,2742.0,255.0,250.0,4.5,4.5,1.0,1.0,2.0,5991.0,10.0,274.73596986817324,1.0,0.0,0,2,3759.6,rush_hour_ns
2758.0,2746.0,256.0,250.0,4.5,4.5,1.0,1.0,3.0,6001.0,9.0,275.07609376958754,1.0,0.0,0,2,3766.4,rush_hour_ns
2761.0,2750.0,257.0,251.0,4.5,4.5,1.0,1.0,4.0,6010.0,9.0,275.38185231539427,1.0,0.0,0,2,3774.7,rush_hour_ns
2763.0,2755.0,258.0,252.0,4.5,4.5,1.0,1.0,5.0,6019.0,9.0,275.75665541807274,1.0,0.0,2,2,3783.0,rush_hour_ns
2764.0,2759.0,258.0,252.0,4.5,4.5,1.0,1.0,0.0,6028.0,5.0,276.2,1.0,0.0,0,2,3781.5,rush_hour_ns
2770.0,2765.0,258.0,254.0,4.5,4.5,1.0,1.0,0.0,6033.0,14.0,276.47170987038885,1.0,0.0,0,2,3791.5,rush_hour_ns
2774.0,2771.0,259.0,256.0,4.5,4.5,1.0,1.0,0.0,6047.0,13.0,276.7785243249969,1.0,0.0,2,2,3802.5,rush_hour_ns
2779.0,2774.0,259.0,257.0,4.5,4.5,1.0,1.0,0.0,6060.0,9.0,277.2232165050957,1.0,1.0,0,2,11364.0,rush_hour_ns
2784.0,2779.0,258.0,254.0,4.5,4.5,1.0,1.0,1.0,6069.0,6.0,277.6331926514399,1.0,1.0,0,2,11382.8,rush_hour_ns
2790.0,2783.0,257.0,253.0,4.5,4.5,1.0,1.0,2.0,6075.0,8.0,278.0431440614927,1.0,1.0,0,2,11402.6,rush_hour_ns
2795.0,2787.0,256.0,251.0,4.5,4.5,1.0,1.0,3.0,6083.0,6.0,278.41834839668195,1.0,1.0,0,2,11419.9,rush_hour_ns
2801.0,2792.0,255.0,248.0,4.5,4.5,1.0,1.0,4.0,6089.0,7.0,278.75893188280384,1.0,1.0,0,2,11440.7,rush_hour_ns
2804.0,2798.0,254.0,247.0,4.5,4.5,1.0,1.0,5.0,6096.0,7.0,279.2027661150901,1.0,1.0,1,2,11458.5,rush_hour_ns
2809.0,2801.0,251.0,246.0,4.5,4.5,1.0,1.0,0.0,6103.0,4.0,279.64610830146785,1.0,1.0,0,2,11468.5,rush_hour_ns
2815.0,2804.0,251.0,248.0,4.5,4.5,1.0,1.0,0.0,6107.0,11.0,280.0208179354521,1.0,1.0,0,2,11487.5,rush_hour_ns
2818.0,2807.0,252.0,250.0,4.5,4.5,1.0,1.0,0.0,6118.0,9.0,280.4646240925311,1.0,1.0,1,2,11501.0,rush_hour_ns
2824.0,2813.0,254.0,251.0,4.5,4.5,1.0,1.0,0.0,6127.0,15.0,280.70228445099485,1.0,0.0,0,2,3828.5,rush_hour_ns
2825.0,2814.0,254.0,251.0,4.5,4.5,1.0,1.0,1.0,6142.0,2.0,281.1806134969325,1.0,0.0,0,2,3830.3,rush_hour_ns
2828.0,2819.0,254.0,252.0,4.5,4.5,1.0,1.0,2.0,6144.0,9.0,281.52107326635627,1.0,0.0,0,2,3837.1,rush_hour_ns
2832.0,2823.0,254.0,254.0,4.5,4.5,1.0,1.0,3.0,6153.0,10.0,281.82727828746175,1.0,0.0,0,2,3845.9,rush_hour_ns
2835.0,2823.0,254.0,254.0,4.5,4.5,1.0,1.0,4.0,6163.0,3.0,282.3397702273283,1.0,0.0,0,2,3848.2,rush_hour_ns
2838.0,2826.0,256.0,255.0,4.5,4.5,1.0,1.0,5.0,6166.0,9.0,282.67988772272395,1.0,0.0,2,2,3858.0,rush_hour_ns
2841.0,2829.0,258.0,257.0,4.5,4.5,1.0,1.0,0.0,6175.0,10.0,282.91679863564383,1.0,0.0,0,2,3865.0,rush_hour_ns
2844.0,2835.0,260.0,258.0,4.5,4.5,1.0,1.0,0.0,6185.0,12.0,283.25763289137575,1.0,0.0,0,2,3875.5,rush_hour_ns
2848.0,2840.0,261.0,260.0,4.5,4.5,1.0,1.0,0.0,6197.0,12.0,283.598931130815,1.0,0.0,2,2,3886.0,rush_hour_ns
2852.0,2845.0,261.0,260.0,4.5,4.5,1.0,1.0,0.0,6209.0,9.0,284.0436787187576,1.0,1.0,0,2,11654.5,rush_hour_ns
2856.0,2850.0,260.0,260.0,4.5,4.5,1.0,1.0,1.0,6218.0,8.0,284.419483824064,1.0,1.0,0,2,11672.8,rush_hour_ns
2859.0,2856.0,258.0,259.0,4.5,4.5,1.0,1.0,2.0,6226.0,6.0,284.79501452081314,1.0,1.0,0,2,11690.1,rush_hour_ns
2864.0,2862.0,258.0,260.0,4.5,4.5,1.0,1.0,3.0,6232.0,12.0,285.06764919062573,1.0,1.0,0,2,11713.4,rush_hour_ns
2867.0,2865.0,257.0,257.0,4.5,4.5,1.0,1.0,4.0,6244.0,2.0,285.615161757605,1.0,1.0,0,2,11724.2,rush_hour_ns
2873.0,2870.0,256.0,256.0,4.5,4.5,1.0,1.0,5.0,6246.0,9.0,285.852632847331,1.0,1.0,1,2,11746.0,rush_hour_ns
2879.0,2873.0,255.0,256.0,4.5,4.5,1.0,1.0,0.0,6255.0,8.0,286.22791817087847,1.0,1.0,0,2,11759.5,rush_hour_ns
2883.0,2878.0,257.0,258.0,4.5,4.5,1.0,1.0,0.0,6263.0,13.0,286.5349032800673,1.0,1.0,0,2,11779.5,rush_hour_ns
2887.0,2884.0,257.0,258.0,4.5,4.5,1.0,1.0,0.0,6276.0,10.0,286.94539781591266,1.0,1.0,1,2,11799.5,rush_hour_ns
2891.0,2890.0,259.0,258.0,4.5,4.5,1.0,1.0,0.0,6286.0,12.0,287.287477531456,1.0,0.0,0,2,3924.5,rush_hour_ns
2893.0,2893.0,260.0,260.0,4.5,4.5,1.0,1.0,1.0,6298.0,8.0,287.62953212875436,1.0,0.0,0,2,3933.8,rush_hour_ns
2895.0,2895.0,262.0,261.0,4.5,4.5,1.0,1.0,2.0,6306.0,7.0,288.0747071479799,1.0,0.0,0,2,3942.6,rush_hour_ns
2899.0,2899.0,264.0,263.0,4.5,4.5,1.0,1.0,3.0,6313.0,12.0,288.34821002386633,1.0,0.0,0,2,3955.4,rush_hour_ns
2902.0,2900.0,265.0,265.0,4.5,4.5,1.0,1.0,4.0,6325.0,7.0,288.65602287620635,1.0,0.0,0,2,3964.2,rush_hour_ns
2904.0,2904.0,267.0,265.0,4.5,4.5,1.0,1.0,5.0,6332.0,8.0,289.0326035221323,1.0,0.0,2,2,3972.0,rush_hour_ns
2906.0,2904.0,267.0,267.0,4.5,4.5,1.0,1.0,0.0,6340.0,4.0,289.4430710720228,1.0,0.0,0,2,3973.0,rush_hour_ns
2909.0,2907.0,269.0,268.0,4.5,4.5,1.0,1.0,0.0,6344.0,9.0,289.88804463967705,1.0,0.0,0,2,3982.0,rush_hour_ns
2915.0,2913.0,271.0,269.0,4.5,4.5,1.0,1.0,0.0,6353.0,15.0,290.1273998577862,1.0,0.0,2,2,3994.0,rush_hour_ns
2918.0,2919.0,272.0,269.0,4.5,4.5,1.0,1.0,0.0,6368.0,10.0,290.5389441287879,1.0,1.0,0,2,11944.5,rush_hour_ns
2923.0,2924.0,271.0,269.0,4.5,4.5,1.0,1.0,1.0,6378.0,9.0,290.84741756293585,1.0,1.0,0,2,11964.8,rush_hour_ns
2928.0,2930.0,270.0,268.0,4.5,4.5,1.0,1.0,2.0,6387.0,9.0,291.1560066084494,1.0,1.0,0,2,11986.6,rush_hour_ns
2933.0,2933.0,268.0,269.0,4.5,4.5,1.0,1.0,3.0,6396.0,7.0,291.53317619328226,1.0,1.0,0,2,12002.9,rush_hour_ns
2939.0,2936.0,265.0,268.0,4.5,4.5,1.0,1.0,4.0,6403.0,5.0,291.9099576271187,1.0,1.0,0,2,12019.7,rush_hour_ns
2944.0,2940.0,266.0,269.0,4.5,4.5,1.0,1.0,5.0,6408.0,11.0,292.218357033729,1.0,1.0,1,2,12039.5,rush_hour_ns
2950.0,2945.0,266.0,268.0,4.5,4.5,1.0,1.0,0.0,6419.0,10.0,292.458352885969,1.0,1.0,0,2,12057.0,rush_hour_ns
2956.0,2949.0,268.0,270.0,4.5,4.5,1.0,1.0,0.0,6429.0,14.0,292.7334270320918,1.0,1.0,0,2,12079.0,rush_hour_ns
2959.0,2954.0,269.0,271.0,4.5,4.5,1.0,1.0,0.0,6443.0,10.0,293.145882077679,1.0,1.0,1,2,12096.0,rush_hour_ns
2963.0,2960.0,269.0,272.0,4.5,4.5,1.0,1.0,0.0,6453.0,11.0,293.5243603224676,1.0,0.0,0,2,4043.5,rush_hour_ns
2968.0,2963.0,270.0,273.0,4.5,4.5,1.0,1.0,1.0,6464.0,10.0,293.8687434371719,1.0,0.0,0,2,4052.3,rush_hour_ns
2970.0,2967.0,272.0,274.0,4.5,4.5,1.0,1.0,2.0,6474.0,9.0,294.21321216357916,1.0,0.0,0,2,4062.1,rush_hour_ns
2973.0,2968.0,274.0,276.0,4.5,4.5,1.0,1.0,3.0,6483.0,8.0,294.55764979639326,1.0,0.0,0,2,4072.9,rush_hour_ns
2978.0,2969.0,276.0,276.0,4.5,4.5,1.0,1.0,4.0,6491.0,8.0,294.9020564656675,1.0,0.0,0,2,4080.7,rush_hour_ns
2978.0,2970.0,276.0,278.0,4.5,4.5,1.0,1.0,5.0,6499.0,3.0,295.34865366759516,1.0,0.0,2,2,4086.0,rush_hour_ns
2981.0,2972.0,277.0,278.0,4.5,4.5,1.0,1.0,0.0,6502.0,6.0,295.76072339438906,1.0,0.0,0,2,4086.5,rush_hour_ns
2985.0,2975.0,279.0,280.0,4.5,4.5,1.0,1.0,0.0,6508.0,11.0,296.1388213500058,1.0,0.0,0,2,4098.0,rush_hour_ns
2989.0,2979.0,279.0,280.0,4.5,4.5,1.0,1.0,0.0,6519.0,8.0,296.61978021978024,1.0,0.0,2,2,4102.0,rush_hour_ns
2992.0,2982.0,279.0,280.0,4.5,4.5,1.0,1.0,0.0,6527.0,6.0,297.16922899086813,1.0,1.0,0,2,12227.5,rush_hour_ns
2996.0,2986.0,278.0,277.0,4.5,4.5,1.0,1.0,1.0,6533.0,4.0,297.64961311929784,1.0,1.0,0,2,12242.3,rush_hour_ns
3002.0,2992.0,278.0,277.0,4.5,4.5,1.0,1.0,2.0,6537.0,12.0,297.92424766516774,1.0,1.0,0,2,12267.1,rush_hour_ns
3005.0,2998.0,279.0,277.0,4.5,4.5,1.0,1.0,3.0,6549.0,10.0,298.2678180771445,1.0,1.0,0,2,12286.4,rush_hour_ns
3008.0,3003.0,277.0,277.0,4.5,4.5,1.0,1.0,4.0,6559.0,6.0,298.71417069243154,1.0,1.0,0,2,12302.2,rush_hour_ns
3013.0,3006.0,276.0,275.0,4.5,4.5,1.0,1.0,5.0,6565.0,5.0,299.12580422794116,1.0,1.0,1,2,12317.5,rush_hour_ns
3018.0,3010.0,275.0,272.0,4.5,4.5,1.0,1.0,0.0,6570.0,5.0,299.50269650028685,1.0,1.0,0,2,12329.5,rush_hour_ns
3021.0,3016.0,276.0,273.0,4.5,4.5,1.0,1.0,0.0,6575.0,11.0,299.87989915195965,1.0,1.0,0,2,12348.5,rush_hour_ns
3025.0,3020.0,277.0,274.0,4.5,4.5,1.0,1.0,0.0,6586.0,10.0,300.2916666666667,1.0,1.0,1,2,12365.5,rush_hour_ns
3031.0,3025.0,279.0,274.0,4.5,4.5,1.0,1.0,0.0,6596.0,13.0,300.6008686707052,1.0,0.0,0,2,4134.0,rush_hour_ns
3033.0,3026.0,279.0,276.0,4.5,4.5,1.0,1.0,1.0,6609.0,5.0,301.08153477218224,1.0,0.0,0,2,4140.3,rush_hour_ns
3037.0,3028.0,279.0,277.0,4.5,4.5,1.0,1.0,2.0,6614.0,7.0,301.4589416058394,1.0,0.0,0,2,4146.1,rush_hour_ns
3042.0,3031.0,279.0,278.0,4.5,4.5,1.0,1.0,3.0,6621.0,9.0,301.76768021865394,1.0,0.0,0,2,4152.9,rush_hour_ns
3043.0,3035.0,280.0,280.0,4.5,4.5,1.0,1.0,4.0,6630.0,8.0,302.11076993062665,1.0,0.0,0,2,4162.2,rush_hour_ns
3045.0,3036.0,280.0,280.0,4.5,4.5,1.0,1.0,5.0,6638.0,3.0,302.59072832632654,1.0,0.0,0,2,4164.5,rush_hour_ns
3049.0,3038.0,280.0,282.0,4.5,4.5,1.0,1.0,6.0,6641.0,8.0,302.9331669125156,1.0,0.0,2,2,4172.3,rush_hour_ns
3050.0,3041.0,280.0,283.0,4.5,4.5,1.0,1.0,0.0,6649.0,5.0,303.34398730590505,1.0,0.0,0,2,4171.5,rush_hour_ns
3053.0,3047.0,282.0,285.0,4.5,4.5,1.0,1.0,0.0,6654.0,13.0,303.65221819827974,1.0,0.0,0,2,4184.0,rush_hour_ns
3058.0,3053.0,282.0,287.0,4.5,4.5,1.0,1.0,0.0,6667.0,13.0,303.9610125437903,1.0,0.0,2,2,4193.5,rush_hour_ns
3061.0,3058.0,284.0,287.0,4.5,4.5,1.0,1.0,0.0,6680.0,10.0,304.3730669375776,1.0,1.0,0,2,12523.5,rush_hour_ns
3067.0,3064.0,284.0,284.0,4.5,4.5,1.0,1.0,1.0,6690.0,9.0,304.64780795672266,1.0,1.0,0,2,12546.8,rush_hour_ns
3071.0,3070.0,283.0,283.0,4.5,4.5,1.0,1.0,2.0,6699.0,8.0,304.9225835490042,1.0,1.0,0,2,12566.6,rush_hour_ns
3077.0,3074.0,282.0,284.0,4.5,4.5,1.0,1.0,3.0,6707.0,10.0,305.23191011235957,1.0,1.0,0,2,12587.4,rush_hour_ns
3081.0,3080.0,281.0,283.0,4.5,4.5,1.0,1.0,4.0,6717.0,8.0,305.50695535113306,1.0,1.0,0,2,12607.2,rush_hour_ns
3084.0,3086.0,280.0,282.0,4.5,4.5,1.0,1.0,5.0,6725.0,7.0,305.81617564691385,1.0,1.0,1,2,12625.0,rush_hour_ns
3090.0,3089.0,279.0,279.0,4.5,4.5,1.0,1.0,0.0,6732.0,5.0,306.2278169408079,1.0,1.0,0,2,12637.0,rush_hour_ns
3096.0,3093.0,280.0,280.0,4.5,4.5,1.0,1.0,0.0,6737.0,12.0,306.57134875405075,1.0,1.0,0,2,12658.0,rush_hour_ns
3099.0,3099.0,281.0,280.0,4.5,4.5,1.0,1.0,0.0,6749.0,10.0,306.98359191874096,1.0,1.0,1,2,12676.5,rush_hour_ns
3103.0,3103.0,281.0,280.0,4.5,4.5,1.0,1.0,0.0,6759.0,8.0,307.4643693542991,1.0,0.0,0,2,4225.0,rush_hour_ns
3105.0,3106.0,283.0,281.0,4.5,4.5,1.0,1.0,1.0,6767.0,8.0,307.77371937639197,1.0,0.0,0,2,4234.3,rush_hour_ns
3108.0,3109.0,283.0,282.0,4.5,4.5,1.0,1.0,2.0,6775.0,7.0,308.15148481815146,1.0,0.0,0,2,4240.1,rush_hour_ns
3109.0,3112.0,283.0,282.0,4.5,4.5,1.0,1.0,3.0,6782.0,4.0,308.6316257361929,1.0,0.0,0,2,4242.9,rush_hour_ns
3112.0,3115.0,283.0,283.0,4.5,4.5,1.0,1.0,4.0,6786.0,7.0,309.0087680355161,1.0,0.0,0,2,4248.7,rush_hour_ns
3116.0,3116.0,285.0,285.0,4.5,4.5,1.0,1.0,5.0,6793.0,9.0,309.3516958545777,1.0,0.0,2,2,4260.0,rush_hour_ns
3120.0,3121.0,287.0,285.0,4.5,4.5,1.0,1.0,0.0,6802.0,11.0,309.6606530160487,1.0,0.0,0,2,4264.5,rush_hour_ns
3124.0,3126.0,287.0,287.0,4.5,4.5,1.0,1.0,0.0,6813.0,11.0,310.03847004200753,1.0,0.0,0,2,4273.0,rush_hour_ns
3130.0,3130.0,288.0,288.0,4.5,4.5,1.0,1.0,0.0,6824.0,12.0,310.382424376242,1.0,0.0,2,2,4282.0,rush_hour_ns
3134.0,3134.0,288.0,290.0,4.5,4.5,1.0,1.0,0.0,6836.0,10.0,310.7951036612263,1.0,1.0,0,2,12825.0,rush_hour_ns
3140.0,3139.0,289.0,290.0,4.5,4.5,1.0,1.0,1.0,6846.0,12.0,311.0368820874161,1.0,1.0,0,2,12848.3,rush_hour_ns
3143.0,3144.0,289.0,290.0,4.5,4.5,1.0,1.0,2.0,6858.0,8.0,311.38141836173725,1.0,1.0,0,2,12865.1,rush_hour_ns
3147.0,3147.0,288.0,289.0,4.5,4.5,1.0,1.0,3.0,6866.0,5.0,311.79406919275124,1.0,1.0,0,2,12878.9,rush_hour_ns
3152.0,3153.0,286.0,287.0,4.5,4.5,1.0,1.0,4.0,6871.0,7.0,312.13809367116374,1.0,1.0,0,2,12899.7,rush_hour_ns
3156.0,3156.0,287.0,285.0,4.5,4.5,1.0,1.0,5.0,6878.0,6.0,312.58459346920887,1.0,1.0,1,2,12914.0,rush_hour_ns
3162.0,3159.0,288.0,284.0,4.5,4.5,1.0,1.0,0.0,6884.0,9.0,312.894189736295,1.0,1.0,0,2,12928.0,rush_hour_ns
3165.0,3162.0,290.0,285.0,4.5,4.5,1.0,1.0,0.0,6893.0,9.0,313.34083952776564,1.0,1.0,0,2,12941.5,rush_hour_ns
3169.0,3167.0,291.0,286.0,4.5,4.5,1.0,1.0,0.0,6902.0,11.0,313.7192924991811,1.0,1.0,1,2,12960.5,rush_hour_ns
3172.0,3173.0,291.0,286.0,4.5,4.5,1.0,1.0,0.0,6913.0,9.0,314.1663394415358,1.0,0.0,0,2,4326.5,rush_hour_ns
3173.0,3177.0,292.0,286.0,4.5,4.5,1.0,1.0,1.0,6922.0,6.0,314.578884288516,1.0,0.0,0,2,4331.8,rush_hour_ns
3177.0,3180.0,292.0,286.0,4.5,4.5,1.0,1.0,2.0,6928.0,7.0,314.99129299085763,1.0,0.0,0,2,4336.1,rush_hour_ns
3178.0,3182.0,294.0,287.0,4.5,4.5,1.0,1.0,3.0,6935.0,6.0,315.3691705620176,1.0,0.0,0,2,4344.4,rush_hour_ns
3181.0,3183.0,294.0,288.0,4.5,4.5,1.0,1.0,4.0,6941.0,5.0,315.84957097860325,1.0,0.0,0,2,4349.2,rush_hour_ns
3185.0,3184.0,295.0,288.0,4.5,4.5,1.0,1.0,5.0,6946.0,6.0,316.29546440972223,1.0,0.0,0,2,4354.5,rush_hour_ns
3186.0,3186.0,295.0,290.0,4.5,4.5,1.0,1.0,6.0,6952.0,5.0,316.7753686036427,1.0,0.0,2,2,4360.8,rush_hour_ns
3189.0,3190.0,295.0,292.0,4.5,4.5,1.0,1.0,0.0,6957.0,9.0,317.11801645734084,1.0,0.0,0,2,4363.5,rush_hour_ns
3193.0,3196.0,295.0,294.0,4.5,4.5,1.0,1.0,0.0,6966.0,12.0,317.46107266435985,1.0,0.0,0,2,4372.5,rush_hour_ns
3196.0,3201.0,295.0,295.0,4.5,4.5,1.0,1.0,0.0,6978.0,9.0,317.9072053581074,1.0,0.0,2,2,4378.5,rush_hour_ns
3199.0,3205.0,295.0,295.0,4.5,4.5,1.0,1.0,0.0,6987.0,7.0,318.42195595854923,1.0,1.0,0,2,13103.0,rush_hour_ns
3202.0,3211.0,292.0,294.0,4.5,4.5,1.0,1.0,1.0,6994.0,5.0,318.83329739055426,1.0,1.0,0,2,13119.8,rush_hour_ns
3205.0,3214.0,290.0,292.0,4.5,4.5,1.0,1.0,2.0,6999.0,2.0,319.3127558715794,1.0,1.0,0,2,13130.6,rush_hour_ns
3208.0,3219.0,290.0,291.0,4.5,4.5,1.0,1.0,3.0,7001.0,7.0,319.654508284915,1.0,1.0,0,2,13146.9,rush_hour_ns
3213.0,3223.0,289.0,288.0,4.5,4.5,1.0,1.0,4.0,7008.0,5.0,320.0303062869425,1.0,1.0,0,2,13163.7,rush_hour_ns
3219.0,3229.0,288.0,289.0,4.5,4.5,1.0,1.0,5.0,7013.0,12.0,320.2346314773093,1.0,1.0,1,2,13188.5,rush_hour_ns
3225.0,3234.0,286.0,289.0,4.5,4.5,1.0,1.0,0.0,7025.0,9.0,320.5422112706235,1.0,1.0,0,2,13205.5,rush_hour_ns
3231.0,3237.0,287.0,291.0,4.5,4.5,1.0,1.0,0.0,7034.0,12.0,320.8845495399101,1.0,1.0,0,2,13225.0,rush_hour_ns
3234.0,3241.0,288.0,291.0,4.5,4.5,1.0,1.0,0.0,7046.0,8.0,321.3642292067565,1.0,1.0,1,2,13239.5,rush_hour_ns
3239.0,3244.0,288.0,293.0,4.5,4.5,1.0,1.0,0.0,7054.0,10.0,321.77541648868004,1.0,0.0,0,2,4403.5,rush_hour_ns
3241.0,3246.0,289.0,294.0,4.5,4.5,1.0,1.0,1.0,7064.0,6.0,322.25512163892444,1.0,0.0,0,2,4410.3,rush_hour_ns
3245.0,3251.0,289.0,296.0,4.5,4.5,1.0,1.0,2.0,7070.0,11.0,322.5632392115077,1.0,0.0,0,2,4419.6,rush_hour_ns
3249.0,3254.0,289.0,298.0,4.5,4.5,1.0,1.0,3.0,7081.0,9.0,322.8714620131943,1.0,0.0,0,2,4427.9,rush_hour_ns
3252.0,3255.0,290.0,298.0,4.5,4.5,1.0,1.0,4.0,7090.0,5.0,323.28241921768705,1.0,0.0,0,2,4432.7,rush_hour_ns
3253.0,3260.0,291.0,300.0,4.5,4.5,1.0,1.0,5.0,7095.0,9.0,323.62473460721867,1.0,0.0,2,2,4442.5,rush_hour_ns
3256.0,3265.0,291.0,302.0,4.5,4.5,1.0,1.0,0.0,7104.0,10.0,323.8985584057664,1.0,0.0,0,2,4446.5,rush_hour_ns
3261.0,3270.0,293.0,304.0,4.5,4.5,1.0,1.0,0.0,7114.0,14.0,324.17305249788313,1.0,0.0,0,2,4459.5,rush_hour_ns
3265.0,3275.0,293.0,305.0,4.5,4.5,1.0,1.0,0.0,7128.0,10.0,324.58500740114187,1.0,0.0,2,2,4466.0,rush_hour_ns
3269.0,3281.0,295.0,306.0,4.5,4.5,1.0,1.0,0.0,7138.0,13.0,324.89452011403233,1.0,1.0,0,2,13400.5,rush_hour_ns
3275.0,3285.0,295.0,304.0,4.5,4.5,1.0,1.0,1.0,7151.0,8.0,325.2383212063693,1.0,1.0,0,2,13420.3,rush_hour_ns
3278.0,3291.0,293.0,304.0,4.5,4.5,1.0,1.0,2.0,7159.0,7.0,325.6162839688224,1.0,1.0,0,2,13438.1,rush_hour_ns
3284.0,3296.0,292.0,304.0,4.5,4.5,1.0,1.0,3.0,7166.0,10.0,325.8915649978965,1.0,1.0,0,2,13460.4,rush_hour_ns
3287.0,3301.0,292.0,301.0,4.5,4.5,1.0,1.0,4.0,7176.0,5.0,326.337921613954,1.0,1.0,0,2,13475.7,rush_hour_ns
3291.0,3304.0,291.0,299.0,4.5,4.5,1.0,1.0,5.0,7181.0,4.0,326.7838547134159,1.0,1.0,1,2,13489.0,rush_hour_ns
3296.0,3307.0,288.0,297.0,4.5,4.5,1.0,1.0,0.0,7185.0,3.0,327.22926061877297,1.0,1.0,0,2,13498.5,rush_hour_ns
3301.0,3310.0,290.0,299.0,4.5,4.5,1.0,1.0,0.0,7188.0,12.0,327.5721168953598,1.0,1.0,0,2,13516.5,rush_hour_ns
3304.0,3314.0,290.0,299.0,4.5,4.5,1.0,1.0,0.0,7200.0,7.0,328.086455934687,1.0,1.0,1,2,13530.5,rush_hour_ns
3307.0,3320.0,292.0,300.0,4.5,4.5,1.0,1.0,0.0,7207.0,12.0,328.42954212837134,1.0,0.0,0,2,4497.5,rush_hour_ns
3308.0,3320.0,292.0,301.0,4.5,4.5,1.0,1.0,1.0,7219.0,2.0,328.9436958111355,1.0,0.0,0,2,4500.8,rush_hour_ns
3311.0,3325.0,292.0,303.0,4.5,4.5,1.0,1.0,2.0,7221.0,10.0,329.2175863148013,1.0,0.0,0,2,4509.6,rush_hour_ns
3312.0,3326.0,293.0,305.0,4.5,4.5,1.0,1.0,3.0,7231.0,5.0,329.6285297488799,1.0,0.0,0,2,4517.4,rush_hour_ns
3315.0,3328.0,294.0,307.0,4.5,4.5,1.0,1.0,4.0,7236.0,8.0,329.9707565823707,1.0,0.0,0,2,4526.7,rush_hour_ns
3318.0,3330.0,294.0,309.0,4.5,4.5,1.0,1.0,5.0,7244.0,7.0,330.41588687876896,1.0,0.0,2,2,4534.0,rush_hour_ns
3323.0,3334.0,296.0,310.0,4.5,4.5,1.0,1.0,0.0,7251.0,12.0,330.68968023255815,1.0,0.0,0,2,4540.5,rush_hour_ns
3327.0,3340.0,298.0,310.0,4.5,4.5,1.0,1.0,0.0,7263.0,12.0,331.03255910410616,1.0,0.0,0,2,4549.5,rush_hour_ns
3330.0,3345.0,298.0,311.0,4.5,4.5,1.0,1.0,0.0,7275.0,9.0,331.47850409199214,1.0,0.0,2,2,4555.5,rush_hour_ns
3334.0,3349.0,299.0,313.0,4.5,4.5,1.0,1.0,0.0,7284.0,11.0,331.85606374172187,1.0,1.0,0,2,13672.0,rush_hour_ns
3339.0,3355.0,299.0,314.0,4.5,4.5,1.0,1.0,1.0,7295.0,12.0,332.09670420497986,1.0,1.0,0,2,13695.3,rush_hour_ns
3345.0,3360.0,298.0,313.0,4.5,4.5,1.0,1.0,2.0,7307.0,9.0,332.4404086265607,1.0,1.0,0,2,13717.1,rush_hour_ns
3349.0,3364.0,296.0,314.0,4.5,4.5,1.0,1.0,3.0,7316.0,7.0,332.8182848897135,1.0,1.0,0,2,13733.4,rush_hour_ns
3354.0,3369.0,297.0,311.0,4.5,4.5,1.0,1.0,4.0,7323.0,8.0,333.16182828906733,1.0,1.0,0,2,13753.2,rush_hour_ns
3357.0,3372.0,295.0,309.0,4.5,4.5,1.0,1.0,5.0,7331.0,2.0,333.67626787367556,1.0,1.0,1,2,13764.0,rush_hour_ns
3361.0,3377.0,296.0,306.0,4.5,4.5,1.0,1.0,0.0,7333.0,7.0,334.05332922318127,1.0,1.0,0,2,13777.0,rush_hour_ns
3364.0,3380.0,297.0,307.0,4.5,4.5,1.0,1.0,0.0,7340.0,8.0,334.5333675564682,1.0,1.0,0,2,13790.0,rush_hour_ns
3368.0,3383.0,297.0,308.0,4.5,4.5,1.0,1.0,0.0,7348.0,8.0,335.0134386540829,1.0,1.0,1,2,13804.5,rush_hour_ns
3371.0,3388.0,297.0,308.0,4.5,4.5,1.0,1.0,0.0,7356.0,8.0,335.49354243542433,1.0,0.0,0,2,4589.5,rush_hour_ns
3374.0,3388.0,297.0,310.0,4.5,4.5,1.0,1.0,1.0,7364.0,5.0,335.9045668646324,1.0,0.0,0,2,4595.8,rush_hour_ns
3376.0,3390.0,298.0,310.0,4.5,4.5,1.0,1.0,2.0,7369.0,5.0,336.3152618657938,1.0,0.0,0,2,4600.6,rush_hour_ns
3379.0,3393.0,298.0,311.0,4.5,4.5,1.0,1.0,3.0,7374.0,7.0,336.72583282239935,1.0,0.0,0,2,4606.4,rush_hour_ns
3379.0,3393.0,299.0,312.0,4.5,4.5,1.0,1.0,4.0,7381.0,2.0,337.20461507045127,1.0,0.0,0,2,4611.2,rush_hour_ns
3380.0,3393.0,300.0,314.0,4.5,4.5,1.0,1.0,5.0,7383.0,4.0,337.6485769662348,1.0,0.0,2,2,4618.5,rush_hour_ns
3380.0,3394.0,302.0,315.0,4.5,4.5,1.0,1.0,0.0,7387.0,4.0,338.09213208316345,1.0,0.0,0,2,4621.0,rush_hour_ns
3386.0,3399.0,302.0,317.0,4.5,4.5,1.0,1.0,0.0,7391.0,13.0,338.39837150127227,1.0,0.0,0,2,4630.5,rush_hour_ns
3390.0,3405.0,304.0,318.0,4.5,4.5,1.0,1.0,0.0,7404.0,13.0,338.70512299247815,1.0,0.0,2,2,4641.5,rush_hour_ns
3394.0,3409.0,306.0,318.0,4.5,4.5,1.0,1.0,0.0,7417.0,10.0,339.1153533712429,1.0,1.0,0,2,13918.0,rush_hour_ns
3399.0,3414.0,306.0,319.0,4.5,4.5,1.0,1.0,1.0,7427.0,11.0,339.3881565605354,1.0,1.0,0,2,13939.3,rush_hour_ns
3402.0,3417.0,305.0,318.0,4.5,4.5,1.0,1.0,2.0,7438.0,4.0,339.867071935157,1.0,1.0,0,2,13951.1,rush_hour_ns
3406.0,3422.0,305.0,317.0,4.5,4.5,1.0,1.0,3.0,7442.0,8.0,340.2771255060729,1.0,1.0,0,2,13969.4,rush_hour_ns
3411.0,3425.0,304.0,316.0,4.5,4.5,1.0,1.0,4.0,7450.0,6.0,340.72140762463346,1.0,1.0,0,2,13985.2,rush_hour_ns
3416.0,3430.0,303.0,315.0,4.5,4.5,1.0,1.0,5.0,7456.0,8.0,341.0967676767677,1.0,1.0,1,2,14005.0,rush_hour_ns
3419.0,3436.0,304.0,313.0,4.5,4.5,1.0,1.0,0.0,7464.0,8.0,341.4376513317191,1.0,1.0,0,2,14018.5,rush_hour_ns
3422.0,3440.0,306.0,315.0,4.5,4.5,1.0,1.0,0.0,7472.0,11.0,341.813262118311,1.0,1.0,0,2,14034.5,rush_hour_ns
3426.0,3444.0,306.0,316.0,4.5,4.5,1.0,1.0,0.0,7483.0,9.0,342.2578534031414,1.0,1.0,1,2,14051.0,rush_hour_ns
3431.0,3447.0,306.0,316.0,4.5,4.5,1.0,1.0,0.0,7492.0,8.0,342.73692152917505,1.0,0.0,0,2,4683.0,rush_hour_ns
3431.0,3449.0,308.0,317.0,4.5,4.5,1.0,1.0,1.0,7500.0,5.0,343.1812242436426,1.0,0.0,0,2,4690.8,rush_hour_ns
3433.0,3450.0,308.0,319.0,4.5,4.5,1.0,1.0,2.0,7505.0,5.0,343.5562248995984,1.0,0.0,0,2,4697.1,rush_hour_ns
3438.0,3454.0,308.0,319.0,4.5,4.5,1.0,1.0,3.0,7510.0,9.0,343.93130077223947,1.0,0.0,0,2,4702.4,rush_hour_ns
3440.0,3459.0,309.0,320.0,4.5,4.5,1.0,1.0,4.0,7519.0,9.0,344.30645161290323,1.0,0.0,0,2,4710.7,rush_hour_ns
3441.0,3462.0,311.0,321.0,4.5,4.5,1.0,1.0,5.0,7528.0,7.0,344.6814770339237,1.0,0.0,2,2,4719.5,rush_hour_ns
3446.0,3466.0,313.0,321.0,4.5,4.5,1.0,1.0,0.0,7535.0,11.0,344.9878073156106,1.0,0.0,0,2,4724.0,rush_hour_ns
3452.0,3471.0,313.0,322.0,4.5,4.5,1.0,1.0,0.0,7546.0,12.0,345.32900778598525,1.0,0.0,0,2,4731.5,rush_hour_ns
3455.0,3475.0,313.0,323.0,4.5,4.5,1.0,1.0,0.0,7558.0,8.0,345.80809894274887,1.0,0.0,2,2,4737.0,rush_hour_ns
3459.0,3478.0,315.0,323.0,4.5,4.5,1.0,1.0,0.0,7566.0,9.0,346.25281514698554,1.0,1.0,0,2,14193.0,rush_hour_ns
3465.0,3483.0,315.0,324.0,4.5,4.5,1.0,1.0,1.0,7575.0,12.0,346.5254254154642,1.0,1.0,0,2,14216.3,rush_hour_ns
3470.0,3489.0,313.0,321.0,4.5,4.5,1.0,1.0,2.0,7587.0,6.0,346.86681244409107,1.0,1.0,0,2,14236.6,rush_hour_ns
3474.0,3492.0,313.0,319.0,4.5,4.5,1.0,1.0,3.0,7593.0,5.0,347.345813884199,1.0,1.0,0,2,14250.4,rush_hour_ns
3478.0,3496.0,314.0,320.0,4.5,4.5,1.0,1.0,4.0,7598.0,10.0,347.6870350163674,1.0,1.0,0,2,14268.2,rush_hour_ns
3482.0,3502.0,315.0,317.0,4.5,4.5,1.0,1.0,5.0,7608.0,8.0,348.02823739225204,1.0,1.0,1,2,14288.0,rush_hour_ns
3486.0,3505.0,315.0,316.0,4.5,4.5,1.0,1.0,0.0,7616.0,6.0,348.43818667722456,1.0,1.0,0,2,14297.5,rush_hour_ns
3492.0,3508.0,317.0,317.0,4.5,4.5,1.0,1.0,0.0,7622.0,12.0,348.7795353435492,1.0,1.0,0,2,14317.0,rush_hour_ns
3495.0,3514.0,317.0,317.0,4.5,4.5,1.0,1.0,0.0,7634.0,9.0,349.22441722639275,1.0,1.0,1,2,14335.0,rush_hour_ns
3501.0,3518.0,319.0,318.0,4.5,4.5,1.0,1.0,0.0,7643.0,13.0,349.5318141461971,1.0,0.0,0,2,4783.5,rush_hour_ns
3504.0,3518.0,321.0,320.0,4.5,4.5,1.0,1.0,1.0,7656.0,7.0,349.873583604296,1.0,0.0,0,2,4793.8,rush_hour_ns
3507.0,3523.0,321.0,322.0,4.5,4.5,1.0,1.0,2.0,7663.0,10.0,350.1466102528781,1.0,0.0,0,2,4802.6,rush_hour_ns
3511.0,3525.0,323.0,322.0,4.5,4.5,1.0,1.0,3.0,7673.0,8.0,350.5229998034205,1.0,0.0,0,2,4810.4,rush_hour_ns
3515.0,3526.0,323.0,324.0,4.5,4.5,1.0,1.0,4.0,7681.0,7.0,350.86481445120756,1.0,0.0,0,2,4817.7,rush_hour_ns
3517.0,3530.0,323.0,326.0,4.5,4.5,1.0,1.0,5.0,7688.0,8.0,351.20660913904686,1.0,0.0,2,2,4825.5,rush_hour_ns
3519.0,3532.0,325.0,326.0,4.5,4.5,1.0,1.0,0.0,7696.0,6.0,351.6170650470219,1.0,0.0,0,2,4827.5,rush_hour_ns
3523.0,3538.0,325.0,326.0,4.5,4.5,1.0,1.0,0.0,7702.0,10.0,352.0276962223527,1.0,0.0,0,2,4832.5,rush_hour_ns
3526.0,3542.0,327.0,326.0,4.5,4.5,1.0,1.0,0.0,7712.0,9.0,352.4728659430918,1.0,0.0,2,2,4840.0,rush_hour_ns
3531.0,3546.0,329.0,326.0,4.5,4.5,1.0,1.0,0.0,7721.0,11.0,352.8493846454386,1.0,1.0,0,2,14481.5,rush_hour_ns
3535.0,3550.0,328.0,325.0,4.5,4.5,1.0,1.0,1.0,7732.0,6.0,353.29462281643407,1.0,1.0,0,2,14497.3,rush_hour_ns
3540.0,3556.0,328.0,324.0,4.5,4.5,1.0,1.0,2.0,7738.0,10.0,353.5676834616509,1.0,1.0,0,2,14519.6,rush_hour_ns
3544.0,3559.0,326.0,322.0,4.5,4.5,1.0,1.0,3.0,7748.0,3.0,354.04703476482615,1.0,1.0,0,2,14532.4,rush_hour_ns
3548.0,3562.0,325.0,319.0,4.5,4.5,1.0,1.0,4.0,7751.0,3.0,354.4914380229617,1.0,1.0,0,2,14545.2,rush_hour_ns
3551.0,3566.0,324.0,320.0,4.5,4.5,1.0,1.0,5.0,7754.0,7.0,354.93574414309325,1.0,1.0,1,2,14560.0,rush_hour_ns
3556.0,3570.0,323.0,317.0,4.5,4.5,1.0,1.0,0.0,7761.0,5.0,355.3797591297591,1.0,1.0,0,2,14572.0,rush_hour_ns
3562.0,3576.0,324.0,317.0,4.5,4.5,1.0,1.0,0.0,7766.0,13.0,355.68619652730627,1.0,1.0,0,2,14596.5,rush_hour_ns
3565.0,3580.0,325.0,319.0,4.5,4.5,1.0,1.0,0.0,7779.0,10.0,356.09632716348483,1.0,1.0,1,2,14612.0,rush_hour_ns
3569.0,3583.0,325.0,321.0,4.5,4.5,1.0,1.0,0.0,7789.0,9.0,356.54105344694034,1.0,0.0,0,2,4868.0,rush_hour_ns
3570.0,3587.0,326.0,321.0,4.5,4.5,1.0,1.0,1.0,7798.0,6.0,356.95105436254596,1.0,0.0,0,2,4873.3,rush_hour_ns
3575.0,3589.0,326.0,323.0,4.5,4.5,1.0,1.0,2.0,7804.0,9.0,357.292077294686,1.0,0.0,0,2,4881.6,rush_hour_ns
3577.0,3593.0,327.0,324.0,4.5,4.5,1.0,1.0,3.0,7813.0,8.0,357.6330824165219,1.0,0.0,0,2,4889.4,rush_hour_ns
3577.0,3596.0,327.0,324.0,4.5,4.5,1.0,1.0,4.0,7821.0,3.0,358.1462050342367,1.0,0.0,0,2,4891.7,rush_hour_ns
3578.0,3596.0,328.0,326.0,4.5,4.5,1.0,1.0,5.0,7824.0,4.0,358.55535215338665,1.0,0.0,2,2,4899.0,rush_hour_ns
3578.0,3601.0,329.0,327.0,4.5,4.5,1.0,1.0,0.0,7828.0,7.0,358.9298363811357,1.0,0.0,0,2,4901.5,rush_hour_ns
3582.0,3605.0,329.0,327.0,4.5,4.5,1.0,1.0,0.0,7835.0,8.0,359.4079630698211,1.0,0.0,0,2,4905.5,rush_hour_ns
3587.0,3609.0,331.0,329.0,4.5,4.5,1.0,1.0,0.0,7843.0,13.0,359.71376428777256,1.0,0.0,2,2,4918.0,rush_hour_ns
3592.0,3612.0,333.0,330.0,4.5,4.5,1.0,1.0,0.0,7856.0,11.0,360.0889464594128,1.0,1.0,0,2,14739.5,rush_hour_ns
3598.0,3616.0,332.0,331.0,4.5,4.5,1.0,1.0,1.0,7867.0,10.0,360.42974889783403,1.0,1.0,0,2,14760.3,rush_hour_ns
3601.0,3622.0,330.0,330.0,4.5,4.5,1.0,1.0,2.0,7877.0,6.0,360.8394293374186,1.0,1.0,0,2,14777.6,rush_hour_ns
3606.0,3628.0,330.0,329.0,4.5,4.5,1.0,1.0,3.0,7883.0,10.0,361.1111111111111,1.0,1.0,0,2,14799.9,rush_hour_ns
3612.0,3631.0,328.0,327.0,4.5,4.5,1.0,1.0,4.0,7893.0,5.0,361.5206343141001,1.0,1.0,0,2,14816.7,rush_hour_ns
3616.0,3634.0,328.0,327.0,4.5,4.5,1.0,1.0,5.0,7898.0,7.0,361.8955052963069,1.0,1.0,1,2,14831.5,rush_hour_ns
3621.0,3637.0,327.0,327.0,4.5,4.5,1.0,1.0,0.0,7905.0,7.0,362.2702573879886,1.0,1.0,0,2,14843.0,rush_hour_ns
3626.0,3640.0,328.0,328.0,4.5,4.5,1.0,1.0,0.0,7912.0,10.0,362.6797142857143,1.0,1.0,0,2,14860.0,rush_hour_ns
3632.0,3644.0,330.0,329.0,4.5,4.5,1.0,1.0,0.0,7922.0,13.0,362.98601731189956,1.0,1.0,1,2,14881.5,rush_hour_ns
3636.0,3648.0,332.0,330.0,4.5,4.5,1.0,1.0,0.0,7935.0,11.0,363.36164956290384,1.0,0.0,0,2,4966.0,rush_hour_ns
3638.0,3649.0,333.0,332.0,4.5,4.5,1.0,1.0,1.0,7946.0,6.0,363.7370669197912,1.0,0.0,0,2,4974.3,rush_hour_ns
3641.0,3653.0,333.0,332.0,4.5,4.5,1.0,1.0,2.0,7952.0,7.0,364.14689426268376,1.0,0.0,0,2,4978.6,rush_hour_ns
3643.0,3658.0,333.0,332.0,4.5,4.5,1.0,1.0,3.0,7959.0,7.0,364.5566082425391,1.0,0.0,0,2,4982.9,rush_hour_ns
3647.0,3659.0,334.0,334.0,4.5,4.5,1.0,1.0,4.0,7966.0,8.0,364.89722721680704,1.0,0.0,0,2,4992.2,rush_hour_ns
3651.0,3663.0,335.0,336.0,4.5,4.5,1.0,1.0,5.0,7974.0,11.0,365.20359168241964,1.0,0.0,2,2,5003.0,rush_hour_ns
3651.0,3668.0,337.0,338.0,4.5,4.5,1.0,1.0,0.0,7985.0,9.0,365.51005380911926,1.0,0.0,0,2,5009.5,rush_hour_ns
3657.0,3672.0,339.0,338.0,4.5,4.5,1.0,1.0,0.0,7994.0,12.0,365.8513908533711,1.0,0.0,0,2,5018.5,rush_hour_ns
3662.0,3675.0,341.0,340.0,4.5,4.5,1.0,1.0,0.0,8006.0,12.0,366.1930865592917,1.0,0.0,2,2,5030.5,rush_hour_ns
3668.0,3680.0,341.0,340.0,4.5,4.5,1.0,1.0,0.0,8018.0,11.0,366.5695333082424,1.0,1.0,0,2,15036.5,rush_hour_ns
3673.0,3684.0,339.0,340.0,4.5,4.5,1.0,1.0,1.0,8029.0,7.0,366.94585957326814,1.0,1.0,0,2,15054.3,rush_hour_ns
3677.0,3689.0,339.0,337.0,4.5,4.5,1.0,1.0,2.0,8036.0,6.0,367.3219718309859,1.0,1.0,0,2,15071.6,rush_hour_ns
3681.0,3693.0,338.0,337.0,4.5,4.5,1.0,1.0,3.0,8042.0,7.0,367.76695750070365,1.0,1.0,0,2,15087.9,rush_hour_ns
3685.0,3696.0,336.0,336.0,4.5,4.5,1.0,1.0,4.0,8049.0,4.0,368.211567304087,1.0,1.0,0,2,15101.2,rush_hour_ns
3691.0,3702.0,333.0,335.0,4.5,4.5,1.0,1.0,5.0,8053.0,8.0,368.51811628124705,1.0,1.0,1,2,15124.0,rush_hour_ns
3696.0,3708.0,332.0,333.0,4.5,4.5,1.0,1.0,0.0,8061.0,8.0,368.7901823281907,1.0,1.0,0,2,15140.5,rush_hour_ns
3701.0,3714.0,333.0,334.0,4.5,4.5,1.0,1.0,0.0,8069.0,13.0,369.0972170339933,1.0,1.0,0,2,15163.5,rush_hour_ns
3707.0,3719.0,335.0,336.0,4.5,4.5,1.0,1.0,0.0,8082.0,15.0,369.3360067145388,1.0,1.0,1,2,15187.5,rush_hour_ns
3712.0,3723.0,336.0,336.0,4.5,4.5,1.0,1.0,0.0,8097.0,10.0,369.74722817478806,1.0,0.0,0,2,5061.5,rush_hour_ns
3716.0,3726.0,338.0,337.0,4.5,4.5,1.0,1.0,1.0,8107.0,10.0,370.02084302596074,1.0,0.0,0,2,5071.8,rush_hour_ns
3721.0,3730.0,338.0,338.0,4.5,4.5,1.0,1.0,2.0,8117.0,10.0,370.32908921933085,1.0,0.0,0,2,5079.1,rush_hour_ns
3723.0,3731.0,338.0,339.0,4.5,4.5,1.0,1.0,3.0,8127.0,4.0,370.80906389301634,1.0,0.0,0,2,5083.4,rush_hour_ns
3723.0,3732.0,340.0,340.0,4.5,4.5,1.0,1.0,4.0,8131.0,4.0,371.254245151712,1.0,0.0,0,2,5090.7,rush_hour_ns
3723.0,3736.0,340.0,341.0,4.5,4.5,1.0,1.0,5.0,8135.0,5.0,371.69914704246247,1.0,0.0,2,2,5095.5,rush_hour_ns
3726.0,3739.0,342.0,342.0,4.5,4.5,1.0,1.0,0.0,8140.0,9.0,372.00629687934065,1.0,0.0,0,2,5100.5,rush_hour_ns
3732.0,3743.0,342.0,342.0,4.5,4.5,1.0,1.0,0.0,8149.0,10.0,372.4169673420298,1.0,0.0,0,2,5105.5,rush_hour_ns
3735.0,3749.0,343.0,342.0,4.5,4.5,1.0,1.0,0.0,8159.0,10.0,372.8278029392735,1.0,0.0,2,2,5112.0,rush_hour_ns
3739.0,3754.0,345.0,344.0,4.5,4.5,1.0,1.0,0.0,8169.0,13.0,373.1357090103397,1.0,1.0,0,2,15330.5,rush_hour_ns
3742.0,3759.0,344.0,343.0,4.5,4.5,1.0,1.0,1.0,8182.0,6.0,373.58121944470065,1.0,1.0,0,2,15346.3,rush_hour_ns
3745.0,3764.0,343.0,344.0,4.5,4.5,1.0,1.0,2.0,8188.0,8.0,373.9233391688934,1.0,1.0,0,2,15363.1,rush_hour_ns
3749.0,3768.0,342.0,342.0,4.5,4.5,1.0,1.0,3.0,8196.0,5.0,374.36853249861906,1.0,1.0,0,2,15378.4,rush_hour_ns
3754.0,3772.0,342.0,339.0,4.5,4.5,1.0,1.0,4.0,8201.0,6.0,374.74459670744045,1.0,1.0,0,2,15395.7,rush_hour_ns
3760.0,3776.0,343.0,339.0,4.5,4.5,1.0,1.0,5.0,8207.0,11.0,375.0519933860004,1.0,1.0,1,2,15417.0,rush_hour_ns
0.0,0.0,0.0,0.0,1.0,1.0,4.5,4.5,0.0,0.0,0.0,0.0,0.0,0.0,0,0,0.0,rush_hour_ew
0.0,0.0,5.0,4.0,1.0,1.0,4.5,4.5,1.0,9.0,0.0,0.9,0.09,0.0,0,0,18.8,rush_hour_ew
0.0,0.0,11.0,7.0,1.0,1.0,4.5,4.5,2.0,9.0,9.0,1.35,0.18,0.0,0,1,37.6,rush_hour_ew
0.0,0.0,15.0,12.0,1.0,1.0,4.5,4.5,3.0,18.0,9.0,1.8,0.27,0.0,0,1,56.4,rush_hour_ew
0.0,0.0,21.0,18.0,1.0,1.0,4.5,4.5,4.0,27.0,12.0,2.1136363636363638,0.39,0.0,0,2,81.2,rush_hour_ew
1.0,0.0,27.0,21.0,1.0,1.0,4.5,4.5,5.0,39.0,10.0,2.491228070175439,0.49,0.0,2,2,100.5,rush_hour_ew
0.0,0.0,31.0,24.0,1.0,1.0,4.5,4.5,0.0,49.0,6.0,2.984848484848485,0.55,0.0,0,2,110.0,rush_hour_ew
1.0,1.0,35.0,28.0,1.0,1.0,4.5,4.5,0.0,55.0,10.0,3.4473684210526314,0.65,0.0,0,2,127.0,rush_hour_ew
2.0,2.0,41.0,32.0,1.0,1.0,4.5,4.5,0.0,65.0,12.0,3.852272727272727,0.77,0.0,2,2,148.0,rush_hour_ew
4.0,3.0,47.0,37.0,1.0,1.0,4.5,4.5,0.0,77.0,14.0,4.215686274509804,0.91,1.0,0,2,56.0,rush_hour_ew
5.0,3.0,50.0,42.0,1.0,1.0,4.5,4.5,1.0,91.0,9.0,4.6902654867256635,1.0,1.0,0,2,62.8,rush_hour_ew
6.0,3.0,52.0,45.0,1.0,1.0,4.5,4.5,2.0,100.0,6.0,5.213114754098361,1.0,1.0,0,2,68.1,rush_hour_ew
8.0,3.0,53.0,47.0,1.0,1.0,4.5,4.5,3.0,106.0,5.0,5.659090909090909,1.0,1.0,0,2,74.4,rush_hour_ew
10.0,5.0,55.0,49.0,1.0,1.0,4.5,4.5,4.0,111.0,8.0,6.098591549295775,1.0,1.0,0,2,85.2,rush_hour_ew
11.0,7.0,58.0,51.0,1.0,1.0,4.5,4.5,5.0,119.0,8.0,6.490196078431373,1.0,1.0,1,2,94.5,rush_hour_ew
11.0,8.0,63.0,53.0,1.0,1.0,4.5,4.5,0.0,127.0,8.0,6.878048780487805,1.0,1.0,0,2,96.0,rush_hour_ew
11.0,10.0,68.0,57.0,1.0,1.0,4.5,4.5,0.0,135.0,11.0,7.28,1.0,1.0,0,2,104.5,rush_hour_ew
13.0,12.0,71.0,61.0,1.0,1.0,4.5,4.5,0.0,146.0,11.0,7.693548387096774,1.0,1.0,1,2,116.0,rush_hour_ew
14.0,14.0,74.0,67.0,1.0,1.0,4.5,4.5,0.0,157.0,12.0,8.080808080808081,1.0,0.0,0,2,296.0,rush_hour_ew
13.0,12.0,78.0,70.0,1.0,1.0,4.5,4.5,1.0,169.0,4.0,8.648780487804878,1.0,0.0,0,2,309.3,rush_hour_ew
12.0,11.0,83.0,74.0,1.0,1.0,4.5,4.5,2.0,173.0,7.0,9.0,1.0,0.0,0,2,327.1,rush_hour_ew
9.0,10.0,86.0,78.0,1.0,1.0,4.5,4.5,3.0,180.0,3.0,9.451327433628318,1.0,0.0,0,2,339.9,rush_hour_ew
10.0,8.0,90.0,83.0,1.0,1.0,4.5,4.5,4.0,183.0,8.0,9.777310924369749,1.0,0.0,0,2,358.2,rush_hour_ew
10.0,9.0,95.0,87.0,1.0,1.0,4.5,4.5,5.0,191.0,10.0,10.112,1.0,0.0,2,2,377.5,rush_hour_ew
7.0,6.0,101.0,91.0,1.0,1.0,4.5,4.5,0.0,201.0,4.0,10.511538461538462,1.0,0.0,0,2,390.5,rush_hour_ew
7.0,8.0,105.0,94.0,1.0,1.0,4.5,4.5,0.0,205.0,9.0,10.95539033457249,1.0,0.0,0,2,405.5,rush_hour_ew
8.0,9.0,111.0,98.0,1.0,1.0,4.5,4.5,0.0,214.0,12.0,11.291814946619217,1.0,0.0,2,2,426.5,rush_hour_ew
9.0,9.0,115.0,102.0,1.0,1.0,4.5,4.5,0.0,226.0,9.0,11.751724137931035,1.0,1.0,0,2,144.5,rush_hour_ew
10.0,10.0,117.0,105.0,1.0,1.0,4.5,4.5,1.0,235.0,7.0,12.166666666666666,1.0,1.0,0,2,151.8,rush_hour_ew
11.0,10.0,119.0,108.0,1.0,1.0,4.5,4.5,2.0,242.0,6.0,12.574193548387097,1.0,1.0,0,2,157.1,rush_hour_ew
11.0,11.0,122.0,110.0,1.0,1.0,4.5,4.5,3.0,248.0,6.0,12.975,1.0,1.0,0,2,162.4,rush_hour_ew
11.0,12.0,124.0,111.0,1.0,1.0,4.5,4.5,4.0,254.0,4.0,13.486238532110091,1.0,1.0,0,2,166.7,rush_hour_ew
11.0,12.0,128.0,111.0,1.0,1.0,4.5,4.5,5.0,258.0,4.0,13.904761904761905,1.0,1.0,0,2,169.5,rush_hour_ew
13.0,12.0,130.0,111.0,1.0,1.0,4.5,4.5,6.0,262.0,4.0,14.31304347826087,1.0,1.0,0,2,175.3,rush_hour_ew
15.0,13.0,133.0,114.0,1.0,1.0,4.5,4.5,7.0,266.0,9.0,14.561452513966481,1.0,1.0,1,2,185.1,rush_hour_ew
15.0,14.0,138.0,118.0,1.0,1.0,4.5,4.5,0.0,275.0,10.0,14.85945945945946,1.0,1.0,0,2,186.0,rush_hour_ew
15.0,14.0,142.0,122.0,1.0,1.0,4.5,4.5,0.0,285.0,8.0,15.32010582010582,1.0,1.0,0,2,190.0,rush_hour_ew
15.0,16.0,145.0,125.0,1.0,1.0,4.5,4.5,0.0,293.0,8.0,15.782383419689118,1.0,1.0,1,2,197.0,rush_hour_ew
17.0,17.0,150.0,129.0,1.0,1.0,4.5,4.5,0.0,301.0,12.0,16.092964824120603,1.0,0.0,0,2,575.0,rush_hour_ew
17.0,16.0,154.0,133.0,1.0,1.0,4.5,4.5,1.0,313.0,7.0,16.442542787286065,1.0,0.0,0,2,591.3,rush_hour_ew
17.0,14.0,157.0,139.0,1.0,1.0,4.5,4.5,2.0,320.0,7.0,16.79047619047619,1.0,0.0,0,2,609.1,rush_hour_ew
16.0,13.0,162.0,142.0,1.0,1.0,4.5,4.5,3.0,327.0,6.0,17.214452214452216,1.0,0.0,0,2,624.9,rush_hour_ew
17.0,12.0,168.0,146.0,1.0,1.0,4.5,4.5,4.0,333.0,10.0,17.44469525959368,1.0,0.0,0,2,645.7,rush_hour_ew
15.0,11.0,171.0,151.0,1.0,1.0,4.5,4.5,5.0,343.0,5.0,17.827814569536425,1.0,0.0,2,2,661.0,rush_hour_ew
15.0,10.0,174.0,155.0,1.0,1.0,4.5,4.5,0.0,348.0,6.0,18.246753246753247,1.0,0.0,0,2,670.5,rush_hour_ew
17.0,11.0,178.0,160.0,1.0,1.0,4.5,4.5,0.0,354.0,12.0,18.556962025316455,1.0,0.0,0,2,690.0,rush_hour_ew
17.0,13.0,183.0,164.0,1.0,1.0,4.5,4.5,0.0,366.0,11.0,18.91340206185567,1.0,0.0,2,2,709.0,rush_hour_ew
17.0,15.0,186.0,168.0,1.0,1.0,4.5,4.5,0.0,377.0,9.0,19.350202429149796,1.0,1.0,0,2,241.0,rush_hour_ew
18.0,15.0,189.0,169.0,1.0,1.0,4.5,4.5,1.0,386.0,5.0,19.74206349206349,1.0,1.0,0,2,245.8,rush_hour_ew
20.0,16.0,190.0,173.0,1.0,1.0,4.5,4.5,2.0,391.0,8.0,20.017408123791103,1.0,1.0,0,2,255.1,rush_hour_ew
21.0,16.0,193.0,177.0,1.0,1.0,4.5,4.5,3.0,399.0,8.0,20.37121212121212,1.0,1.0,0,2,261.4,rush_hour_ew
22.0,17.0,197.0,177.0,1.0,1.0,4.5,4.5,4.0,407.0,6.0,20.760223048327138,1.0,1.0,0,2,268.2,rush_hour_ew
24.0,17.0,200.0,177.0,1.0,1.0,4.5,4.5,5.0,413.0,5.0,21.144160583941606,1.0,1.0,1,2,274.5,rush_hour_ew
25.0,17.0,201.0,180.0,1.0,1.0,4.5,4.5,0.0,418.0,5.0,21.561938958707362,1.0,1.0,0,2,274.5,rush_hour_ew
26.0,17.0,204.0,186.0,1.0,1.0,4.5,4.5,0.0,423.0,10.0,21.94532627865961,1.0,1.0,0,2,281.0,rush_hour_ew
28.0,17.0,209.0,192.0,1.0,1.0,4.5,4.5,0.0,433.0,13.0,22.22241379310345,1.0,1.0,1,2,290.5,rush_hour_ew
30.0,18.0,214.0,196.0,1.0,1.0,4.5,4.5,0.0,446.0,12.0,22.54560810810811,1.0,0.0,0,2,844.0,rush_hour_ew
29.0,17.0,217.0,200.0,1.0,1.0,4.5,4.5,1.0,458.0,5.0,23.016666666666666,1.0,0.0,0,2,857.8,rush_hour_ew
28.0,15.0,221.0,203.0,1.0,1.0,4.5,4.5,2.0,463.0,4.0,23.481907894736842,1.0,0.0,0,2,871.1,rush_hour_ew
27.0,13.0,224.0,207.0,1.0,1.0,4.5,4.5,3.0,467.0,4.0,23.864077669902912,1.0,0.0,0,2,884.4,rush_hour_ew
26.0,10.0,229.0,210.0,1.0,1.0,4.5,4.5,4.0,471.0,4.0,24.317891373801917,1.0,0.0,0,2,899.2,rush_hour_ew
24.0,9.0,235.0,216.0,1.0,1.0,4.5,4.5,5.0,475.0,9.0,24.5421875,1.0,0.0,2,2,922.5,rush_hour_ew
25.0,8.0,241.0,222.0,1.0,1.0,4.5,4.5,0.0,484.0,12.0,24.69969512195122,1.0,0.0,0,2,942.5,rush_hour_ew
27.0,9.0,245.0,225.0,1.0,1.0,4.5,4.5,0.0,496.0,10.0,25.08858858858859,1.0,0.0,0,2,958.0,rush_hour_ew
27.0,10.0,251.0,231.0,1.0,1.0,4.5,4.5,0.0,506.0,13.0,25.37260677466863,1.0,0.0,2,2,982.5,rush_hour_ew
27.0,10.0,255.0,235.0,1.0,1.0,4.5,4.5,0.0,519.0,8.0,25.84425036390102,1.0,1.0,0,2,319.0,rush_hour_ew
28.0,12.0,259.0,236.0,1.0,1.0,4.5,4.5,1.0,527.0,8.0,26.165951359084406,1.0,1.0,0,2,328.3,rush_hour_ew
30.0,14.0,263.0,241.0,1.0,1.0,4.5,4.5,2.0,535.0,13.0,26.346853146853146,1.0,1.0,0,2,341.6,rush_hour_ew
32.0,14.0,267.0,242.0,1.0,1.0,4.5,4.5,3.0,548.0,7.0,26.71212121212121,1.0,1.0,0,2,348.9,rush_hour_ew
32.0,16.0,271.0,246.0,1.0,1.0,4.5,4.5,4.0,555.0,10.0,27.006765899864682,1.0,1.0,0,2,357.7,rush_hour_ew
32.0,18.0,275.0,249.0,1.0,1.0,4.5,4.5,5.0,565.0,9.0,27.376,1.0,1.0,1,2,366.0,rush_hour_ew
32.0,18.0,276.0,251.0,1.0,1.0,4.5,4.5,0.0,574.0,3.0,27.885072655217964,1.0,1.0,0,2,363.5,rush_hour_ew
33.0,18.0,281.0,257.0,1.0,1.0,4.5,4.5,0.0,577.0,12.0,28.215864759427827,1.0,1.0,0,2,371.0,rush_hour_ew
34.0,19.0,286.0,263.0,1.0,1.0,4.5,4.5,0.0,589.0,13.0,28.516624040920718,1.0,1.0,1,2,380.5,rush_hour_ew
35.0,20.0,289.0,266.0,1.0,1.0,4.5,4.5,0.0,602.0,8.0,29.0,1.0,0.0,0,2,1137.5,rush_hour_ew
33.0,18.0,295.0,272.0,1.0,1.0,4.5,4.5,1.0,610.0,8.0,29.336658354114714,1.0,0.0,0,2,1160.3,rush_hour_ew
32.0,18.0,301.0,278.0,1.0,1.0,4.5,4.5,2.0,618.0,11.0,29.567931456548347,1.0,0.0,0,2,1184.6,rush_hour_ew
33.0,17.0,307.0,283.0,1.0,1.0,4.5,4.5,3.0,629.0,11.0,29.839951865222623,1.0,0.0,0,2,1207.4,rush_hour_ew
30.0,17.0,312.0,289.0,1.0,1.0,4.5,4.5,4.0,640.0,8.0,30.183867141162516,1.0,0.0,0,2,1228.7,rush_hour_ew
29.0,17.0,315.0,292.0,1.0,1.0,4.5,4.5,5.0,648.0,5.0,30.667450058754408,1.0,0.0,2,2,1241.0,rush_hour_ew
29.0,17.0,319.0,298.0,1.0,1.0,4.5,4.5,0.0,653.0,10.0,31.009269988412516,1.0,0.0,0,2,1257.0,rush_hour_ew
31.0,19.0,325.0,303.0,1.0,1.0,4.5,4.5,0.0,663.0,15.0,31.251708428246015,1.0,0.0,0,2,1281.0,rush_hour_ew
33.0,20.0,329.0,309.0,1.0,1.0,4.5,4.5,0.0,678.0,13.0,31.571268237934905,1.0,0.0,2,2,1302.5,rush_hour_ew
34.0,20.0,332.0,314.0,1.0,1.0,4.5,4.5,0.0,691.0,9.0,32.03333333333333,1.0,1.0,0,2,431.0,rush_hour_ew
34.0,22.0,336.0,317.0,1.0,1.0,4.5,4.5,1.0,700.0,9.0,32.38925438596491,1.0,1.0,0,2,439.3,rush_hour_ew
34.0,24.0,338.0,322.0,1.0,1.0,4.5,4.5,2.0,709.0,9.0,32.71027027027027,1.0,1.0,0,2,447.6,rush_hour_ew
34.0,25.0,342.0,322.0,1.0,1.0,4.5,4.5,3.0,718.0,5.0,33.16916488222698,1.0,1.0,0,2,452.4,rush_hour_ew
34.0,26.0,346.0,324.0,1.0,1.0,4.5,4.5,4.0,723.0,7.0,33.55555555555556,1.0,1.0,0,2,458.2,rush_hour_ew
34.0,26.0,348.0,326.0,1.0,1.0,4.5,4.5,5.0,730.0,4.0,33.97277486910995,1.0,1.0,0,2,461.0,rush_hour_ew
36.0,28.0,351.0,330.0,1.0,1.0,4.5,4.5,6.0,734.0,11.0,34.215463917525774,1.0,1.0,1,2,473.3,rush_hour_ew
37.0,30.0,355.0,332.0,1.0,1.0,4.5,4.5,0.0,745.0,9.0,34.53001017293998,1.0,1.0,0,2,477.5,rush_hour_ew
38.0,31.0,359.0,337.0,1.0,1.0,4.5,4.5,0.0,754.0,11.0,34.91750503018109,1.0,1.0,0,2,486.0,rush_hour_ew
40.0,32.0,362.0,342.0,1.0,1.0,4.5,4.5,0.0,765.0,11.0,35.30746268656716,1.0,1.0,1,2,496.0,rush_hour_ew
42.0,32.0,368.0,346.0,1.0,1.0,4.5,4.5,0.0,776.0,12.0,35.66568338249754,1.0,0.0,0,2,1465.0,rush_hour_ew
41.0,30.0,373.0,351.0,1.0,1.0,4.5,4.5,1.0,788.0,7.0,36.022351797862,1.0,0.0,0,2,1484.3,rush_hour_ew
40.0,29.0,378.0,357.0,1.0,1.0,4.5,4.5,2.0,795.0,9.0,36.37944284341979,1.0,0.0,0,2,1506.1,rush_hour_ew
41.0,30.0,382.0,361.0,1.0,1.0,4.5,4.5,3.0,804.0,10.0,36.73789173789174,1.0,0.0,0,2,1523.9,rush_hour_ew
40.0,28.0,388.0,365.0,1.0,1.0,4.5,4.5,4.0,814.0,7.0,37.06003752345216,1.0,0.0,0,2,1543.2,rush_hour_ew
40.0,29.0,392.0,370.0,1.0,1.0,4.5,4.5,5.0,821.0,10.0,37.41836734693877,1.0,0.0,2,2,1562.5,rush_hour_ew
39.0,28.0,395.0,376.0,1.0,1.0,4.5,4.5,0.0,831.0,7.0,37.879484820607175,1.0,0.0,0,2,1575.5,rush_hour_ew
41.0,28.0,398.0,382.0,1.0,1.0,4.5,4.5,0.0,838.0,11.0,38.27322404371585,1.0,0.0,0,2,1594.5,rush_hour_ew
41.0,29.0,403.0,387.0,1.0,1.0,4.5,4.5,0.0,849.0,11.0,38.66907123534716,1.0,0.0,2,2,1615.0,rush_hour_ew
43.0,30.0,407.0,392.0,1.0,1.0,4.5,4.5,0.0,860.0,12.0,39.03300624442462,1.0,1.0,0,2,545.5,rush_hour_ew
45.0,32.0,411.0,395.0,1.0,1.0,4.5,4.5,1.0,872.0,11.0,39.294894366197184,1.0,1.0,0,2,557.8,rush_hour_ew
47.0,32.0,414.0,397.0,1.0,1.0,4.5,4.5,2.0,883.0,7.0,39.763318777292575,1.0,1.0,0,2,565.1,rush_hour_ew
47.0,33.0,417.0,401.0,1.0,1.0,4.5,4.5,3.0,890.0,8.0,40.12705272255834,1.0,1.0,0,2,571.4,rush_hour_ew
47.0,33.0,420.0,403.0,1.0,1.0,4.5,4.5,4.0,898.0,5.0,40.66151202749141,1.0,1.0,0,2,574.7,rush_hour_ew
49.0,34.0,422.0,406.0,1.0,1.0,4.5,4.5,5.0,903.0,8.0,41.09114139693356,1.0,1.0,1,2,584.0,rush_hour_ew
51.0,35.0,425.0,409.0,1.0,1.0,4.5,4.5,0.0,911.0,9.0,41.38131313131313,1.0,1.0,0,2,589.0,rush_hour_ew
53.0,37.0,431.0,413.0,1.0,1.0,4.5,4.5,0.0,920.0,14.0,41.676372712146424,1.0,1.0,0,2,602.0,rush_hour_ew
54.0,39.0,436.0,419.0,1.0,1.0,4.5,4.5,0.0,934.0,14.0,41.97615131578947,1.0,1.0,1,2,613.5,rush_hour_ew
54.0,41.0,442.0,422.0,1.0,1.0,4.5,4.5,0.0,948.0,11.0,42.381418092909534,1.0,0.0,0,2,1775.5,rush_hour_ew
54.0,40.0,446.0,425.0,1.0,1.0,4.5,4.5,1.0,959.0,6.0,42.7843295638126,1.0,0.0,0,2,1789.8,rush_hour_ew
53.0,39.0,451.0,429.0,1.0,1.0,4.5,4.5,2.0,965.0,7.0,43.1512,1.0,0.0,0,2,1807.6,rush_hour_ew
53.0,39.0,457.0,433.0,1.0,1.0,4.5,4.5,3.0,972.0,10.0,43.51901743264659,1.0,0.0,0,2,1828.4,rush_hour_ew
52.0,39.0,462.0,436.0,1.0,1.0,4.5,4.5,4.0,982.0,7.0,43.954402515723274,1.0,0.0,0,2,1844.7,rush_hour_ew
49.0,36.0,468.0,440.0,1.0,1.0,4.5,4.5,5.0,989.0,4.0,44.386115444617786,1.0,0.0,2,2,1862.5,rush_hour_ew
47.0,34.0,472.0,444.0,1.0,1.0,4.5,4.5,0.0,993.0,4.0,44.883720930232556,1.0,0.0,0,2,1872.5,rush_hour_ew
48.0,34.0,477.0,450.0,1.0,1.0,4.5,4.5,0.0,997.0,12.0,45.245007680491554,1.0,0.0,0,2,1895.0,rush_hour_ew
48.0,36.0,480.0,453.0,1.0,1.0,4.5,4.5,0.0,1009.0,8.0,45.74503816793893,1.0,0.0,2,2,1908.0,rush_hour_ew
49.0,36.0,486.0,459.0,1.0,1.0,4.5,4.5,0.0,1017.0,13.0,46.074074074074076,1.0,1.0,0,2,642.5,rush_hour_ew
51.0,38.0,491.0,459.0,1.0,1.0,4.5,4.5,1.0,1030.0,9.0,46.403443113772454,1.0,1.0,0,2,653.8,rush_hour_ew
53.0,39.0,493.0,461.0,1.0,1.0,4.5,4.5,2.0,1039.0,7.0,46.76632047477745,1.0,1.0,0,2,662.6,rush_hour_ew
53.0,39.0,494.0,465.0,1.0,1.0,4.5,4.5,3.0,1046.0,5.0,47.23065585851142,1.0,1.0,0,2,665.9,rush_hour_ew
53.0,40.0,498.0,467.0,1.0,1.0,4.5,4.5,4.0,1051.0,7.0,47.65910753474762,1.0,1.0,0,2,671.7,rush_hour_ew
53.0,41.0,500.0,468.0,1.0,1.0,4.5,4.5,5.0,1058.0,4.0,48.15418181818182,1.0,1.0,0,2,676.0,rush_hour_ew
54.0,41.0,501.0,469.0,1.0,1.0,4.5,4.5,6.0,1062.0,3.0,48.61054913294798,1.0,1.0,0,2,679.8,rush_hour_ew
55.0,42.0,506.0,472.0,1.0,1.0,4.5,4.5,7.0,1065.0,10.0,48.9277022190408,1.0,1.0,0,2,688.6,rush_hour_ew
56.0,44.0,509.0,475.0,1.0,1.0,4.5,4.5,8.0,1075.0,9.0,49.31534090909091,1.0,1.0,1,2,698.4,rush_hour_ew
58.0,44.0,512.0,477.0,1.0,1.0,4.5,4.5,0.0,1084.0,7.0,49.772053634438954,1.0,1.0,0,2,698.5,rush_hour_ew
58.0,45.0,518.0,480.0,1.0,1.0,4.5,4.5,0.0,1091.0,10.0,50.1948142957253,1.0,1.0,0,2,705.0,rush_hour_ew
58.0,45.0,521.0,484.0,1.0,1.0,4.5,4.5,0.0,1101.0,7.0,50.72245467224547,1.0,1.0,1,2,708.5,rush_hour_ew
58.0,45.0,525.0,489.0,1.0,1.0,4.5,4.5,0.0,1108.0,9.0,51.18018018018018,1.0,0.0,0,2,2079.5,rush_hour_ew
56.0,43.0,531.0,492.0,1.0,1.0,4.5,4.5,1.0,1117.0,5.0,51.5646492434663,1.0,0.0,0,2,2096.3,rush_hour_ew
54.0,44.0,537.0,498.0,1.0,1.0,4.5,4.5,2.0,1122.0,11.0,51.844686648501366,1.0,0.0,0,2,2120.6,rush_hour_ew
52.0,42.0,541.0,504.0,1.0,1.0,4.5,4.5,3.0,1133.0,6.0,52.19391891891892,1.0,0.0,0,2,2139.4,rush_hour_ew
52.0,41.0,545.0,507.0,1.0,1.0,4.5,4.5,4.0,1139.0,6.0,52.64741437206179,1.0,0.0,0,2,2153.7,rush_hour_ew
53.0,41.0,549.0,510.0,1.0,1.0,4.5,4.5,5.0,1145.0,8.0,53.065376917945294,1.0,0.0,2,2,2169.0,rush_hour_ew
52.0,42.0,554.0,516.0,1.0,1.0,4.5,4.5,0.0,1153.0,11.0,53.37896825396825,1.0,0.0,0,2,2187.0,rush_hour_ew
52.0,42.0,559.0,520.0,1.0,1.0,4.5,4.5,0.0,1164.0,9.0,53.83431952662722,1.0,0.0,0,2,2205.0,rush_hour_ew
52.0,42.0,564.0,526.0,1.0,1.0,4.5,4.5,0.0,1173.0,11.0,54.22062663185378,1.0,0.0,2,2,2227.0,rush_hour_ew
52.0,44.0,567.0,529.0,1.0,1.0,4.5,4.5,0.0,1184.0,8.0,54.712987012987014,1.0,1.0,0,2,740.0,rush_hour_ew
53.0,46.0,568.0,532.0,1.0,1.0,4.5,4.5,1.0,1192.0,7.0,55.098001289490654,1.0,1.0,0,2,748.8,rush_hour_ew
54.0,46.0,571.0,532.0,1.0,1.0,4.5,4.5,2.0,1199.0,4.0,55.55128205128205,1.0,1.0,0,2,753.1,rush_hour_ew
55.0,47.0,575.0,532.0,1.0,1.0,4.5,4.5,3.0,1203.0,6.0,55.931890515595164,1.0,1.0,0,2,759.9,rush_hour_ew
57.0,49.0,579.0,535.0,1.0,1.0,4.5,4.5,4.0,1209.0,11.0,56.17213114754098,1.0,1.0,0,2,772.2,rush_hour_ew
57.0,51.0,582.0,538.0,1.0,1.0,4.5,4.5,5.0,1220.0,8.0,56.55416405760801,1.0,1.0,1,2,780.0,rush_hour_ew
58.0,53.0,585.0,541.0,1.0,1.0,4.5,4.5,0.0,1228.0,9.0,56.86583850931677,1.0,1.0,0,2,785.0,rush_hour_ew
59.0,55.0,589.0,546.0,1.0,1.0,4.5,4.5,0.0,1237.0,12.0,57.215166461159065,1.0,1.0,0,2,795.5,rush_hour_ew
61.0,55.0,593.0,550.0,1.0,1.0,4.5,4.5,0.0,1249.0,10.0,57.6360294117647,1.0,1.0,1,2,803.5,rush_hour_ew
62.0,57.0,596.0,555.0,1.0,1.0,4.5,4.5,0.0,1259.0,11.0,58.02312842361534,1.0,0.0,0,2,2361.5,rush_hour_ew
60.0,55.0,601.0,560.0,1.0,1.0,4.5,4.5,1.0,1270.0,6.0,58.37341389728097,1.0,0.0,0,2,2380.3,rush_hour_ew
61.0,52.0,605.0,566.0,1.0,1.0,4.5,4.5,2.0,1276.0,8.0,58.72345530893821,1.0,0.0,0,2,2400.1,rush_hour_ew
60.0,52.0,608.0,570.0,1.0,1.0,4.5,4.5,3.0,1284.0,6.0,59.21313432835821,1.0,0.0,0,2,2414.4,rush_hour_ew
57.0,50.0,611.0,573.0,1.0,1.0,4.5,4.5,4.0,1290.0,1.0,59.76977989292088,1.0,0.0,0,2,2424.7,rush_hour_ew
56.0,47.0,615.0,578.0,1.0,1.0,4.5,4.5,5.0,1291.0,5.0,60.14716312056738,1.0,0.0,2,2,2441.5,rush_hour_ew
55.0,48.0,618.0,581.0,1.0,1.0,4.5,4.5,0.0,1296.0,6.0,60.59435626102293,1.0,0.0,0,2,2449.5,rush_hour_ew
56.0,49.0,621.0,585.0,1.0,1.0,4.5,4.5,0.0,1302.0,9.0,61.04210526315789,1.0,0.0,0,2,2464.5,rush_hour_ew
58.0,49.0,626.0,588.0,1.0,1.0,4.5,4.5,0.0,1311.0,10.0,61.455232558139535,1.0,0.0,2,2,2481.5,rush_hour_ew
60.0,51.0,631.0,593.0,1.0,1.0,4.5,4.5,0.0,1321.0,14.0,61.72895040369089,1.0,1.0,0,2,834.0,rush_hour_ew
60.0,53.0,634.0,595.0,1.0,1.0,4.5,4.5,1.0,1335.0,7.0,62.14449541284404,1.0,1.0,0,2,841.3,rush_hour_ew
60.0,53.0,636.0,598.0,1.0,1.0,4.5,4.5,2.0,1342.0,5.0,62.558152793614596,1.0,1.0,0,2,844.6,rush_hour_ew
61.0,53.0,639.0,603.0,1.0,1.0,4.5,4.5,3.0,1347.0,9.0,62.936543909348444,1.0,1.0,0,2,851.4,rush_hour_ew
61.0,54.0,643.0,606.0,1.0,1.0,4.5,4.5,4.0,1356.0,8.0,63.350422535211266,1.0,1.0,0,2,857.7,rush_hour_ew
62.0,54.0,646.0,609.0,1.0,1.0,4.5,4.5,5.0,1364.0,7.0,63.69222160044768,1.0,1.0,0,2,863.5,rush_hour_ew
64.0,56.0,651.0,610.0,1.0,1.0,4.5,4.5,6.0,1371.0,10.0,63.96390893947807,1.0,1.0,1,2,875.3,rush_hour_ew
66.0,56.0,653.0,612.0,1.0,1.0,4.5,4.5,0.0,1381.0,6.0,64.37658752070679,1.0,1.0,0,2,876.5,rush_hour_ew
67.0,57.0,656.0,617.0,1.0,1.0,4.5,4.5,0.0,1387.0,10.0,64.79022515101593,1.0,1.0,0,2,884.5,rush_hour_ew
69.0,59.0,662.0,622.0,1.0,1.0,4.5,4.5,0.0,1397.0,15.0,65.02995642701525,1.0,1.0,1,2,898.0,rush_hour_ew
69.0,60.0,668.0,625.0,1.0,1.0,4.5,4.5,0.0,1412.0,10.0,65.44799566630553,1.0,0.0,0,2,2650.5,rush_hour_ew
66.0,57.0,673.0,631.0,1.0,1.0,4.5,4.5,1.0,1422.0,5.0,65.82875605815832,1.0,0.0,0,2,2670.3,rush_hour_ew
64.0,55.0,678.0,635.0,1.0,1.0,4.5,4.5,2.0,1427.0,5.0,66.243170862346,1.0,0.0,0,2,2687.1,rush_hour_ew
63.0,53.0,682.0,641.0,1.0,1.0,4.5,4.5,3.0,1432.0,7.0,66.5859499733901,1.0,0.0,0,2,2706.4,rush_hour_ew
63.0,52.0,686.0,646.0,1.0,1.0,4.5,4.5,4.0,1439.0,8.0,66.96402116402116,1.0,0.0,0,2,2724.7,rush_hour_ew
62.0,50.0,692.0,652.0,1.0,1.0,4.5,4.5,5.0,1447.0,9.0,67.27167630057804,1.0,0.0,2,2,2748.0,rush_hour_ew
61.0,48.0,697.0,656.0,1.0,1.0,4.5,4.5,0.0,1456.0,6.0,67.71966527196653,1.0,0.0,0,2,2760.5,rush_hour_ew
61.0,49.0,702.0,659.0,1.0,1.0,4.5,4.5,0.0,1462.0,9.0,68.16814159292035,1.0,0.0,0,2,2777.0,rush_hour_ew
61.0,51.0,706.0,662.0,1.0,1.0,4.5,4.5,0.0,1471.0,9.0,68.61709844559586,1.0,0.0,2,2,2792.0,rush_hour_ew
63.0,52.0,710.0,666.0,1.0,1.0,4.5,4.5,0.0,1480.0,11.0,68.99639361154044,1.0,1.0,0,2,918.0,rush_hour_ew
65.0,53.0,711.0,667.0,1.0,1.0,4.5,4.5,1.0,1491.0,5.0,69.4451282051282,1.0,1.0,0,2,925.8,rush_hour_ew
65.0,53.0,713.0,669.0,1.0,1.0,4.5,4.5,2.0,1496.0,4.0,69.89178152118427,1.0,1.0,0,2,928.6,rush_hour_ew
67.0,55.0,717.0,672.0,1.0,1.0,4.5,4.5,3.0,1500.0,11.0,70.16168271667512,1.0,1.0,0,2,940.9,rush_hour_ew
68.0,57.0,720.0,675.0,1.0,1.0,4.5,4.5,4.0,1511.0,9.0,70.46777442094663,1.0,1.0,0,2,950.7,rush_hour_ew
70.0,58.0,722.0,676.0,1.0,1.0,4.5,4.5,5.0,1520.0,6.0,70.87925851703407,1.0,1.0,1,2,959.0,rush_hour_ew
70.0,59.0,724.0,676.0,1.0,1.0,4.5,4.5,0.0,1526.0,3.0,71.32369077306733,1.0,1.0,0,2,958.0,rush_hour_ew
72.0,60.0,727.0,680.0,1.0,1.0,4.5,4.5,0.0,1529.0,10.0,71.7334987593052,1.0,1.0,0,2,967.5,rush_hour_ew
72.0,62.0,730.0,684.0,1.0,1.0,4.5,4.5,0.0,1539.0,9.0,72.17934782608695,1.0,1.0,1,2,975.0,rush_hour_ew
74.0,64.0,733.0,687.0,1.0,1.0,4.5,4.5,0.0,1548.0,10.0,72.59046214355949,1.0,0.0,0,2,2909.0,rush_hour_ew
74.0,63.0,737.0,691.0,1.0,1.0,4.5,4.5,1.0,1558.0,7.0,72.96528117359414,1.0,0.0,0,2,2925.3,rush_hour_ew
73.0,62.0,741.0,694.0,1.0,1.0,4.5,4.5,2.0,1565.0,5.0,73.48148148148148,1.0,0.0,0,2,2939.1,rush_hour_ew
71.0,62.0,746.0,697.0,1.0,1.0,4.5,4.5,3.0,1570.0,6.0,73.8536112457586,1.0,0.0,0,2,2954.9,rush_hour_ew
70.0,60.0,752.0,703.0,1.0,1.0,4.5,4.5,4.0,1576.0,9.0,74.11892152142514,1.0,0.0,0,2,2978.2,rush_hour_ew
68.0,60.0,755.0,706.0,1.0,1.0,4.5,4.5,5.0,1585.0,4.0,74.59664268585132,1.0,0.0,2,2,2990.0,rush_hour_ew
68.0,59.0,760.0,709.0,1.0,1.0,4.5,4.5,0.0,1589.0,7.0,74.96660305343511,1.0,0.0,0,2,3001.5,rush_hour_ew
69.0,59.0,763.0,712.0,1.0,1.0,4.5,4.5,0.0,1596.0,7.0,75.4793152639087,1.0,0.0,0,2,3014.0,rush_hour_ew
70.0,59.0,769.0,718.0,1.0,1.0,4.5,4.5,0.0,1603.0,13.0,75.77930056710775,1.0,0.0,2,2,3038.5,rush_hour_ew
72.0,61.0,775.0,722.0,1.0,1.0,4.5,4.5,0.0,1616.0,14.0,76.04647887323944,1.0,1.0,0,2,1014.5,rush_hour_ew
73.0,63.0,777.0,726.0,1.0,1.0,4.5,4.5,1.0,1630.0,9.0,76.3143656716418,1.0,1.0,0,2,1024.3,rush_hour_ew
74.0,64.0,779.0,727.0,1.0,1.0,4.5,4.5,2.0,1639.0,5.0,76.72330547818012,1.0,1.0,0,2,1030.6,rush_hour_ew
76.0,64.0,780.0,731.0,1.0,1.0,4.5,4.5,3.0,1644.0,7.0,77.0960739030023,1.0,1.0,0,2,1037.9,rush_hour_ew
76.0,66.0,783.0,736.0,1.0,1.0,4.5,4.5,4.0,1651.0,10.0,77.43408360128618,1.0,1.0,0,2,1046.7,rush_hour_ew
76.0,66.0,785.0,736.0,1.0,1.0,4.5,4.5,5.0,1661.0,2.0,77.94734432234432,1.0,1.0,1,2,1048.5,rush_hour_ew
76.0,66.0,787.0,738.0,1.0,1.0,4.5,4.5,0.0,1663.0,4.0,78.3875968992248,1.0,1.0,0,2,1046.5,rush_hour_ew
78.0,66.0,790.0,743.0,1.0,1.0,4.5,4.5,0.0,1667.0,10.0,78.79300953245574,1.0,1.0,0,2,1054.5,rush_hour_ew
80.0,67.0,793.0,746.0,1.0,1.0,4.5,4.5,0.0,1677.0,9.0,79.23462929475588,1.0,1.0,1,2,1063.5,rush_hour_ew
81.0,69.0,799.0,750.0,1.0,1.0,4.5,4.5,0.0,1686.0,13.0,79.53528089887641,1.0,0.0,0,2,3173.0,rush_hour_ew
79.0,70.0,804.0,753.0,1.0,1.0,4.5,4.5,1.0,1699.0,7.0,79.90697674418605,1.0,0.0,0,2,3189.3,rush_hour_ew
78.0,69.0,808.0,756.0,1.0,1.0,4.5,4.5,2.0,1706.0,5.0,80.27725856697819,1.0,0.0,0,2,3203.1,rush_hour_ew
76.0,67.0,812.0,762.0,1.0,1.0,4.5,4.5,3.0,1711.0,6.0,80.68232166592823,1.0,0.0,0,2,3221.9,rush_hour_ew
75.0,68.0,816.0,765.0,1.0,1.0,4.5,4.5,4.0,1717.0,7.0,81.12268314210061,1.0,0.0,0,2,3236.7,rush_hour_ew
75.0,65.0,820.0,770.0,1.0,1.0,4.5,4.5,5.0,1724.0,6.0,81.52636203866432,1.0,0.0,2,2,3254.0,rush_hour_ew
74.0,62.0,823.0,773.0,1.0,1.0,4.5,4.5,0.0,1730.0,2.0,82.03504161191415,1.0,0.0,0,2,3260.0,rush_hour_ew
74.0,63.0,827.0,778.0,1.0,1.0,4.5,4.5,0.0,1732.0,10.0,82.43698211949412,1.0,0.0,0,2,3278.5,rush_hour_ew
74.0,65.0,831.0,781.0,1.0,1.0,4.5,4.5,0.0,1742.0,9.0,82.875325803649,1.0,0.0,2,2,3293.5,rush_hour_ew
75.0,67.0,835.0,787.0,1.0,1.0,4.5,4.5,0.0,1751.0,13.0,83.1719222462203,1.0,1.0,0,2,1095.0,rush_hour_ew
77.0,67.0,836.0,788.0,1.0,1.0,4.5,4.5,1.0,1764.0,4.0,83.64657770124839,1.0,1.0,0,2,1100.8,rush_hour_ew
79.0,69.0,840.0,790.0,1.0,1.0,4.5,4.5,2.0,1768.0,10.0,83.90629011553274,1.0,1.0,0,2,1112.6,rush_hour_ew
79.0,69.0,841.0,791.0,1.0,1.0,4.5,4.5,3.0,1778.0,2.0,84.37910447761195,1.0,1.0,0,2,1114.4,rush_hour_ew
80.0,71.0,843.0,793.0,1.0,1.0,4.5,4.5,4.0,1780.0,7.0,84.74363327674024,1.0,1.0,0,2,1123.2,rush_hour_ew
82.0,71.0,845.0,793.0,1.0,1.0,4.5,4.5,5.0,1787.0,4.0,85.14243448858834,1.0,1.0,1,2,1129.0,rush_hour_ew
83.0,71.0,850.0,798.0,1.0,1.0,4.5,4.5,0.0,1791.0,11.0,85.43463640184952,1.0,1.0,0,2,1132.0,rush_hour_ew
84.0,73.0,855.0,801.0,1.0,1.0,4.5,4.5,0.0,1802.0,11.0,85.8,1.0,1.0,0,2,1142.0,rush_hour_ew
84.0,73.0,859.0,805.0,1.0,1.0,4.5,4.5,0.0,1813.0,8.0,86.27314428690576,1.0,1.0,1,2,1146.0,rush_hour_ew
86.0,75.0,863.0,809.0,1.0,1.0,4.5,4.5,0.0,1821.0,12.0,86.60414937759336,1.0,0.0,0,2,3424.5,rush_hour_ew
83.0,74.0,867.0,812.0,1.0,1.0,4.5,4.5,1.0,1833.0,3.0,87.04092600248036,1.0,0.0,0,2,3437.3,rush_hour_ew
84.0,74.0,871.0,817.0,1.0,1.0,4.5,4.5,2.0,1836.0,10.0,87.33470394736842,1.0,0.0,0,2,3456.6,rush_hour_ew
84.0,73.0,874.0,823.0,1.0,1.0,4.5,4.5,3.0,1846.0,8.0,87.62862985685072,1.0,0.0,0,2,3474.9,rush_hour_ew
84.0,73.0,877.0,829.0,1.0,1.0,4.5,4.5,4.0,1854.0,9.0,87.92310821806346,1.0,0.0,0,2,3493.7,rush_hour_ew
82.0,70.0,880.0,835.0,1.0,1.0,4.5,4.5,5.0,1863.0,4.0,88.32333873581848,1.0,0.0,2,2,3510.0,rush_hour_ew
80.0,69.0,884.0,838.0,1.0,1.0,4.5,4.5,0.0,1867.0,4.0,88.72195318805488,1.0,0.0,0,2,3518.5,rush_hour_ew
82.0,69.0,889.0,842.0,1.0,1.0,4.5,4.5,0.0,1871.0,11.0,89.08597830453998,1.0,0.0,0,2,3537.5,rush_hour_ew
82.0,71.0,893.0,848.0,1.0,1.0,4.5,4.5,0.0,1882.0,12.0,89.41583366653339,1.0,0.0,2,2,3558.5,rush_hour_ew
84.0,72.0,899.0,851.0,1.0,1.0,4.5,4.5,0.0,1894.0,12.0,89.74731396736968,1.0,1.0,0,2,1187.0,rush_hour_ew
85.0,74.0,899.0,854.0,1.0,1.0,4.5,4.5,1.0,1906.0,6.0,90.11370839936609,1.0,1.0,0,2,1195.3,rush_hour_ew
87.0,76.0,901.0,856.0,1.0,1.0,4.5,4.5,2.0,1912.0,8.0,90.40875049270792,1.0,1.0,0,2,1206.1,rush_hour_ew
88.0,76.0,901.0,858.0,1.0,1.0,4.5,4.5,3.0,1920.0,3.0,90.88015717092338,1.0,1.0,0,2,1209.9,rush_hour_ew
89.0,77.0,906.0,861.0,1.0,1.0,4.5,4.5,4.0,1923.0,10.0,91.13833528722157,1.0,1.0,0,2,1218.7,rush_hour_ew
90.0,79.0,907.0,863.0,1.0,1.0,4.5,4.5,5.0,1933.0,6.0,91.5383417672246,1.0,1.0,1,2,1227.0,rush_hour_ew
90.0,80.0,909.0,867.0,1.0,1.0,4.5,4.5,0.0,1939.0,7.0,91.93796044978674,1.0,1.0,0,2,1228.0,rush_hour_ew
92.0,81.0,915.0,870.0,1.0,1.0,4.5,4.5,0.0,1946.0,12.0,92.26785025086839,1.0,1.0,0,2,1238.5,rush_hour_ew
93.0,83.0,920.0,874.0,1.0,1.0,4.5,4.5,0.0,1958.0,12.0,92.59930849020361,1.0,1.0,1,2,1249.0,rush_hour_ew
95.0,85.0,923.0,880.0,1.0,1.0,4.5,4.5,0.0,1970.0,13.0,92.89717125382263,1.0,0.0,0,2,3696.0,rush_hour_ew
93.0,85.0,929.0,884.0,1.0,1.0,4.5,4.5,1.0,1983.0,8.0,93.19513122860403,1.0,0.0,0,2,3715.8,rush_hour_ew
92.0,84.0,934.0,887.0,1.0,1.0,4.5,4.5,2.0,1991.0,6.0,93.56325757575758,1.0,0.0,0,2,3731.6,rush_hour_ew
91.0,84.0,940.0,890.0,1.0,1.0,4.5,4.5,3.0,1997.0,8.0,93.89592760180996,1.0,0.0,0,2,3749.9,rush_hour_ew
90.0,83.0,946.0,895.0,1.0,1.0,4.5,4.5,4.0,2005.0,9.0,94.12298462692164,1.0,0.0,0,2,3771.7,rush_hour_ew
89.0,82.0,951.0,900.0,1.0,1.0,4.5,4.5,5.0,2014.0,8.0,94.45614035087719,1.0,0.0,2,2,3791.5,rush_hour_ew
88.0,82.0,955.0,905.0,1.0,1.0,4.5,4.5,0.0,2022.0,8.0,94.82453531598513,1.0,0.0,0,2,3805.0,rush_hour_ew
89.0,82.0,960.0,911.0,1.0,1.0,4.5,4.5,0.0,2030.0,12.0,95.15914137675796,1.0,0.0,0,2,3827.5,rush_hour_ew
91.0,84.0,965.0,915.0,1.0,1.0,4.5,4.5,0.0,2042.0,13.0,95.46040515653776,1.0,0.0,2,2,3847.5,rush_hour_ew
92.0,86.0,968.0,921.0,1.0,1.0,4.5,4.5,0.0,2055.0,12.0,95.7983131646498,1.0,1.0,0,2,1300.5,rush_hour_ew
93.0,88.0,969.0,924.0,1.0,1.0,4.5,4.5,1.0,2067.0,7.0,96.1709276844412,1.0,1.0,0,2,1309.3,rush_hour_ew
93.0,90.0,972.0,928.0,1.0,1.0,4.5,4.5,2.0,2074.0,9.0,96.50872727272727,1.0,1.0,0,2,1317.6,rush_hour_ew
93.0,90.0,973.0,931.0,1.0,1.0,4.5,4.5,3.0,2083.0,4.0,97.02067464635473,1.0,1.0,0,2,1320.4,rush_hour_ew
94.0,90.0,977.0,934.0,1.0,1.0,4.5,4.5,4.0,2087.0,8.0,97.32166064981949,1.0,1.0,0,2,1326.7,rush_hour_ew
96.0,90.0,978.0,935.0,1.0,1.0,4.5,4.5,5.0,2095.0,4.0,97.76178481468153,1.0,1.0,0,2,1332.5,rush_hour_ew
97.0,91.0,980.0,936.0,1.0,1.0,4.5,4.5,6.0,2099.0,5.0,98.20086083213774,1.0,1.0,0,2,1338.8,rush_hour_ew
99.0,93.0,982.0,937.0,1.0,1.0,4.5,4.5,7.0,2104.0,7.0,98.56913183279742,1.0,1.0,1,2,1349.1,rush_hour_ew
100.0,95.0,984.0,940.0,1.0,1.0,4.5,4.5,0.0,2111.0,8.0,98.8669985775249,1.0,1.0,0,2,1352.0,rush_hour_ew
100.0,97.0,989.0,946.0,1.0,1.0,4.5,4.5,0.0,2119.0,13.0,99.16672566371682,1.0,1.0,0,2,1361.5,rush_hour_ew
100.0,97.0,993.0,952.0,1.0,1.0,4.5,4.5,0.0,2132.0,10.0,99.57248677248677,1.0,1.0,1,2,1366.5,rush_hour_ew
101.0,97.0,996.0,955.0,1.0,1.0,4.5,4.5,0.0,2142.0,7.0,100.08339197748064,1.0,0.0,0,2,4001.0,rush_hour_ew
98.0,95.0,1001.0,961.0,1.0,1.0,4.5,4.5,1.0,2149.0,6.0,100.4528566421311,1.0,0.0,0,2,4021.3,rush_hour_ew
97.0,95.0,1006.0,965.0,1.0,1.0,4.5,4.5,2.0,2155.0,8.0,100.82227653631286,1.0,0.0,0,2,4039.6,rush_hour_ew
95.0,95.0,1009.0,970.0,1.0,1.0,4.5,4.5,3.0,2163.0,6.0,101.22616562282533,1.0,0.0,0,2,4055.4,rush_hour_ew
94.0,94.0,1014.0,976.0,1.0,1.0,4.5,4.5,4.0,2169.0,9.0,101.48961218836565,1.0,0.0,0,2,4077.2,rush_hour_ew
91.0,95.0,1020.0,979.0,1.0,1.0,4.5,4.5,5.0,2178.0,7.0,101.8582269748189,1.0,0.0,2,2,4095.0,rush_hour_ew
90.0,95.0,1024.0,985.0,1.0,1.0,4.5,4.5,0.0,2185.0,9.0,102.15693681318682,1.0,0.0,0,2,4110.5,rush_hour_ew
90.0,95.0,1028.0,991.0,1.0,1.0,4.5,4.5,0.0,2194.0,10.0,102.56160164271047,1.0,0.0,0,2,4130.5,rush_hour_ew
91.0,97.0,1031.0,994.0,1.0,1.0,4.5,4.5,0.0,2204.0,9.0,103.00170590242239,1.0,0.0,2,2,4144.0,rush_hour_ew
91.0,98.0,1036.0,999.0,1.0,1.0,4.5,4.5,0.0,2213.0,11.0,103.3725356900068,1.0,1.0,0,2,1395.5,rush_hour_ew
92.0,98.0,1037.0,1003.0,1.0,1.0,4.5,4.5,1.0,2224.0,6.0,103.77777777777777,1.0,1.0,0,2,1400.8,rush_hour_ew
94.0,99.0,1041.0,1008.0,1.0,1.0,4.5,4.5,2.0,2230.0,12.0,104.0087630603303,1.0,1.0,0,2,1412.1,rush_hour_ew
95.0,99.0,1046.0,1011.0,1.0,1.0,4.5,4.5,3.0,2242.0,9.0,104.38045668233714,1.0,1.0,0,2,1418.9,rush_hour_ew
96.0,100.0,1051.0,1015.0,1.0,1.0,4.5,4.5,4.0,2251.0,11.0,104.6480614973262,1.0,1.0,0,2,1428.2,rush_hour_ew
97.0,100.0,1054.0,1016.0,1.0,1.0,4.5,4.5,5.0,2262.0,5.0,105.08963678773742,1.0,1.0,1,2,1433.0,rush_hour_ew
97.0,101.0,1055.0,1017.0,1.0,1.0,4.5,4.5,0.0,2267.0,3.0,105.5295681063123,1.0,1.0,0,2,1432.0,rush_hour_ew
99.0,102.0,1061.0,1020.0,1.0,1.0,4.5,4.5,0.0,2270.0,12.0,105.8656518861681,1.0,1.0,0,2,1442.5,rush_hour_ew
100.0,103.0,1066.0,1026.0,1.0,1.0,4.5,4.5,0.0,2282.0,13.0,106.1683690280066,1.0,1.0,1,2,1452.0,rush_hour_ew
101.0,104.0,1071.0,1031.0,1.0,1.0,4.5,4.5,0.0,2295.0,12.0,106.50738431243846,1.0,0.0,0,2,4306.5,rush_hour_ew
100.0,105.0,1075.0,1037.0,1.0,1.0,4.5,4.5,1.0,2307.0,10.0,106.81209150326798,1.0,0.0,0,2,4327.3,rush_hour_ew
99.0,103.0,1079.0,1042.0,1.0,1.0,4.5,4.5,2.0,2317.0,6.0,107.25578364288042,1.0,0.0,0,2,4344.6,rush_hour_ew
96.0,101.0,1084.0,1047.0,1.0,1.0,4.5,4.5,3.0,2323.0,5.0,107.66352711919454,1.0,0.0,0,2,4362.9,rush_hour_ew
95.0,98.0,1088.0,1050.0,1.0,1.0,4.5,4.5,4.0,2328.0,3.0,108.1746597537265,1.0,0.0,0,2,4375.7,rush_hour_ew
94.0,98.0,1092.0,1054.0,1.0,1.0,4.5,4.5,5.0,2331.0,7.0,108.61550888529887,1.0,0.0,2,2,4392.0,rush_hour_ew
93.0,97.0,1096.0,1058.0,1.0,1.0,4.5,4.5,0.0,2338.0,6.0,108.98551191242755,1.0,0.0,0,2,4403.0,rush_hour_ew
94.0,97.0,1102.0,1063.0,1.0,1.0,4.5,4.5,0.0,2344.0,12.0,109.3216805644644,1.0,0.0,0,2,4425.5,rush_hour_ew
96.0,99.0,1106.0,1068.0,1.0,1.0,4.5,4.5,0.0,2356.0,13.0,109.6244011497924,1.0,0.0,2,2,4445.5,rush_hour_ew
98.0,100.0,1111.0,1073.0,1.0,1.0,4.5,4.5,0.0,2369.0,13.0,109.92875318066157,1.0,1.0,0,2,1488.0,rush_hour_ew
98.0,100.0,1113.0,1075.0,1.0,1.0,4.5,4.5,1.0,2382.0,4.0,110.37170948303203,1.0,1.0,0,2,1490.8,rush_hour_ew
98.0,102.0,1116.0,1077.0,1.0,1.0,4.5,4.5,2.0,2386.0,7.0,110.77932342712614,1.0,1.0,0,2,1498.1,rush_hour_ew
100.0,103.0,1119.0,1081.0,1.0,1.0,4.5,4.5,3.0,2393.0,10.0,111.04752911551779,1.0,1.0,0,2,1508.4,rush_hour_ew
101.0,103.0,1121.0,1083.0,1.0,1.0,4.5,4.5,4.0,2403.0,5.0,111.48964218455744,1.0,1.0,0,2,1513.2,rush_hour_ew
103.0,103.0,1123.0,1087.0,1.0,1.0,4.5,4.5,5.0,2408.0,8.0,111.82676672920576,1.0,1.0,1,2,1521.0,rush_hour_ew
104.0,104.0,1127.0,1090.0,1.0,1.0,4.5,4.5,0.0,2416.0,9.0,112.12924322640922,1.0,1.0,0,2,1524.5,rush_hour_ew
104.0,105.0,1131.0,1095.0,1.0,1.0,4.5,4.5,0.0,2425.0,10.0,112.53710027941634,1.0,1.0,0,2,1531.0,rush_hour_ew
104.0,106.0,1137.0,1100.0,1.0,1.0,4.5,4.5,0.0,2435.0,12.0,112.87627590473245,1.0,1.0,1,2,1538.5,rush_hour_ew
104.0,107.0,1140.0,1105.0,1.0,1.0,4.5,4.5,0.0,2447.0,9.0,113.32048118445404,1.0,0.0,0,2,4595.5,rush_hour_ew
104.0,106.0,1146.0,1109.0,1.0,1.0,4.5,4.5,1.0,2456.0,9.0,113.62519201228879,1.0,0.0,0,2,4615.8,rush_hour_ew
105.0,104.0,1149.0,1114.0,1.0,1.0,4.5,4.5,2.0,2465.0,7.0,114.0343032159265,1.0,0.0,0,2,4632.1,rush_hour_ew
106.0,105.0,1152.0,1118.0,1.0,1.0,4.5,4.5,3.0,2472.0,9.0,114.40873015873017,1.0,0.0,0,2,4647.9,rush_hour_ew
107.0,102.0,1158.0,1121.0,1.0,1.0,4.5,4.5,4.0,2481.0,7.0,114.78278065104959,1.0,0.0,0,2,4665.7,rush_hour_ew
106.0,99.0,1162.0,1127.0,1.0,1.0,4.5,4.5,5.0,2488.0,6.0,115.19108280254777,1.0,0.0,2,2,4684.5,rush_hour_ew
105.0,100.0,1166.0,1130.0,1.0,1.0,4.5,4.5,0.0,2494.0,7.0,115.59903235560931,1.0,0.0,0,2,4694.5,rush_hour_ew
106.0,102.0,1172.0,1134.0,1.0,1.0,4.5,4.5,0.0,2501.0,13.0,115.90361445783132,1.0,0.0,0,2,4716.0,rush_hour_ew
106.0,103.0,1178.0,1138.0,1.0,1.0,4.5,4.5,0.0,2514.0,11.0,116.27889522665866,1.0,0.0,2,2,4736.5,rush_hour_ew
107.0,105.0,1181.0,1143.0,1.0,1.0,4.5,4.5,0.0,2525.0,11.0,116.65499700777977,1.0,1.0,0,2,1586.0,rush_hour_ew
107.0,105.0,1185.0,1146.0,1.0,1.0,4.5,4.5,1.0,2536.0,7.0,117.03071875932001,1.0,1.0,0,2,1590.3,rush_hour_ew
109.0,105.0,1188.0,1147.0,1.0,1.0,4.5,4.5,2.0,2543.0,6.0,117.40576694411415,1.0,1.0,0,2,1597.1,rush_hour_ew
109.0,105.0,1189.0,1149.0,1.0,1.0,4.5,4.5,3.0,2549.0,3.0,117.88404507710557,1.0,1.0,0,2,1599.4,rush_hour_ew
110.0,105.0,1192.0,1152.0,1.0,1.0,4.5,4.5,4.0,2552.0,7.0,118.25716819391073,1.0,1.0,0,2,1605.2,rush_hour_ew
110.0,107.0,1195.0,1156.0,1.0,1.0,4.5,4.5,5.0,2559.0,9.0,118.52575802178393,1.0,1.0,0,2,1613.5,rush_hour_ew
110.0,109.0,1199.0,1158.0,1.0,1.0,4.5,4.5,6.0,2568.0,8.0,118.89906103286386,1.0,1.0,0,2,1621.3,rush_hour_ew
110.0,110.0,1201.0,1160.0,1.0,1.0,4.5,4.5,7.0,2576.0,5.0,119.30631948507899,1.0,1.0,1,2,1626.1,rush_hour_ew
111.0,111.0,1203.0,1160.0,1.0,1.0,4.5,4.5,0.0,2581.0,4.0,119.71236872812135,1.0,1.0,0,2,1625.5,rush_hour_ew
113.0,113.0,1206.0,1163.0,1.0,1.0,4.5,4.5,0.0,2585.0,10.0,120.11896451425247,1.0,1.0,0,2,1636.5,rush_hour_ew
113.0,113.0,1211.0,1169.0,1.0,1.0,4.5,4.5,0.0,2595.0,11.0,120.49144679617281,1.0,1.0,1,2,1642.0,rush_hour_ew
113.0,115.0,1214.0,1173.0,1.0,1.0,4.5,4.5,0.0,2606.0,9.0,120.93406593406593,1.0,0.0,0,2,4888.0,rush_hour_ew
114.0,114.0,1219.0,1177.0,1.0,1.0,4.5,4.5,1.0,2615.0,9.0,121.23710746182657,1.0,0.0,0,2,4906.8,rush_hour_ew
112.0,115.0,1225.0,1182.0,1.0,1.0,4.5,4.5,2.0,2624.0,10.0,121.54075774971297,1.0,0.0,0,2,4929.1,rush_hour_ew
111.0,113.0,1231.0,1187.0,1.0,1.0,4.5,4.5,3.0,2634.0,8.0,121.80960548885078,1.0,0.0,0,2,4950.4,rush_hour_ew
111.0,113.0,1237.0,1192.0,1.0,1.0,4.5,4.5,4.0,2642.0,11.0,122.07944191343964,1.0,0.0,0,2,4973.2,rush_hour_ew
110.0,111.0,1243.0,1197.0,1.0,1.0,4.5,4.5,5.0,2653.0,8.0,122.3494044242768,1.0,0.0,2,2,4994.5,rush_hour_ew
109.0,111.0,1247.0,1200.0,1.0,1.0,4.5,4.5,0.0,2661.0,6.0,122.75763574660634,1.0,0.0,0,2,5004.0,rush_hour_ew
109.0,111.0,1250.0,1206.0,1.0,1.0,4.5,4.5,0.0,2667.0,9.0,123.20084626234133,1.0,0.0,0,2,5022.0,rush_hour_ew
111.0,113.0,1256.0,1209.0,1.0,1.0,4.5,4.5,0.0,2676.0,13.0,123.50646430578976,1.0,0.0,2,2,5042.0,rush_hour_ew
111.0,114.0,1260.0,1215.0,1.0,1.0,4.5,4.5,0.0,2689.0,11.0,123.88231997758476,1.0,1.0,0,2,1687.5,rush_hour_ew
111.0,115.0,1260.0,1217.0,1.0,1.0,4.5,4.5,1.0,2700.0,3.0,124.32615986584685,1.0,1.0,0,2,1691.3,rush_hour_ew
112.0,116.0,1263.0,1219.0,1.0,1.0,4.5,4.5,2.0,2703.0,7.0,124.73494983277592,1.0,1.0,0,2,1698.6,rush_hour_ew
113.0,117.0,1264.0,1224.0,1.0,1.0,4.5,4.5,3.0,2710.0,8.0,125.07416666666667,1.0,1.0,0,2,1706.4,rush_hour_ew
113.0,117.0,1267.0,1224.0,1.0,1.0,4.5,4.5,4.0,2718.0,3.0,125.58580537843083,1.0,1.0,0,2,1708.7,rush_hour_ew
115.0,118.0,1272.0,1224.0,1.0,1.0,4.5,4.5,5.0,2721.0,8.0,125.9234595192042,1.0,1.0,1,2,1718.0,rush_hour_ew
115.0,120.0,1276.0,1225.0,1.0,1.0,4.5,4.5,0.0,2729.0,7.0,126.29559228650137,1.0,1.0,0,2,1720.5,rush_hour_ew
117.0,120.0,1279.0,1229.0,1.0,1.0,4.5,4.5,0.0,2736.0,9.0,126.73756526518274,1.0,1.0,0,2,1728.0,rush_hour_ew
117.0,121.0,1285.0,1232.0,1.0,1.0,4.5,4.5,0.0,2745.0,10.0,127.14524527267744,1.0,1.0,1,2,1734.5,rush_hour_ew
118.0,122.0,1289.0,1238.0,1.0,1.0,4.5,4.5,0.0,2755.0,12.0,127.4842939087681,1.0,0.0,0,2,5174.0,rush_hour_ew
117.0,123.0,1293.0,1242.0,1.0,1.0,4.5,4.5,1.0,2767.0,8.0,127.85811546840958,1.0,0.0,0,2,5190.8,rush_hour_ew
116.0,123.0,1298.0,1245.0,1.0,1.0,4.5,4.5,2.0,2775.0,7.0,128.1967969598263,1.0,0.0,0,2,5207.1,rush_hour_ew
117.0,120.0,1303.0,1249.0,1.0,1.0,4.5,4.5,3.0,2782.0,7.0,128.5699594046008,1.0,0.0,0,2,5224.9,rush_hour_ew
115.0,119.0,1306.0,1252.0,1.0,1.0,4.5,4.5,4.0,2789.0,3.0,129.0810372771475,1.0,0.0,0,2,5236.2,rush_hour_ew
114.0,118.0,1309.0,1256.0,1.0,1.0,4.5,4.5,5.0,2792.0,5.0,129.5216922662355,1.0,0.0,2,2,5250.0,rush_hour_ew
113.0,117.0,1314.0,1260.0,1.0,1.0,4.5,4.5,0.0,2797.0,7.0,129.8573730862208,1.0,0.0,0,2,5263.0,rush_hour_ew
114.0,117.0,1318.0,1266.0,1.0,1.0,4.5,4.5,0.0,2804.0,11.0,130.22870915907873,1.0,0.0,0,2,5283.5,rush_hour_ew
114.0,119.0,1321.0,1271.0,1.0,1.0,4.5,4.5,0.0,2815.0,10.0,130.63541666666666,1.0,0.0,2,2,5300.5,rush_hour_ew
116.0,119.0,1324.0,1274.0,1.0,1.0,4.5,4.5,0.0,2825.0,8.0,131.11194029850745,1.0,1.0,0,2,1769.0,rush_hour_ew
117.0,120.0,1325.0,1277.0,1.0,1.0,4.5,4.5,1.0,2833.0,6.0,131.5530444030843,1.0,1.0,0,2,1775.8,rush_hour_ew
119.0,121.0,1328.0,1281.0,1.0,1.0,4.5,4.5,2.0,2839.0,10.0,131.85479597244304,1.0,1.0,0,2,1786.1,rush_hour_ew
121.0,123.0,1332.0,1283.0,1.0,1.0,4.5,4.5,3.0,2849.0,10.0,132.12222808870115,1.0,1.0,0,2,1797.9,rush_hour_ew
121.0,124.0,1332.0,1285.0,1.0,1.0,4.5,4.5,4.0,2859.0,3.0,132.5977344573235,1.0,1.0,0,2,1801.7,rush_hour_ew
123.0,126.0,1337.0,1287.0,1.0,1.0,4.5,4.5,5.0,2862.0,11.0,132.86456692913387,1.0,1.0,1,2,1814.0,rush_hour_ew
123.0,128.0,1337.0,1288.0,1.0,1.0,4.5,4.5,0.0,2873.0,3.0,133.3394447354636,1.0,1.0,0,2,1814.5,rush_hour_ew
125.0,129.0,1343.0,1291.0,1.0,1.0,4.5,4.5,0.0,2876.0,12.0,133.6757180156658,1.0,1.0,0,2,1825.0,rush_hour_ew
126.0,131.0,1348.0,1297.0,1.0,1.0,4.5,4.5,0.0,2888.0,14.0,133.94380853277835,1.0,1.0,1,2,1836.5,rush_hour_ew
128.0,131.0,1351.0,1302.0,1.0,1.0,4.5,4.5,0.0,2902.0,10.0,134.35184224182666,1.0,0.0,0,2,5435.5,rush_hour_ew
126.0,131.0,1355.0,1308.0,1.0,1.0,4.5,4.5,1.0,2912.0,8.0,134.69011898603208,1.0,0.0,0,2,5455.3,rush_hour_ew
125.0,130.0,1358.0,1311.0,1.0,1.0,4.5,4.5,2.0,2920.0,4.0,135.16675271037687,1.0,0.0,0,2,5467.1,rush_hour_ew
122.0,130.0,1361.0,1315.0,1.0,1.0,4.5,4.5,3.0,2924.0,4.0,135.6424523441525,1.0,0.0,0,2,5480.4,rush_hour_ew
122.0,130.0,1365.0,1321.0,1.0,1.0,4.5,4.5,4.0,2928.0,10.0,135.9789419619928,1.0,0.0,0,2,5501.2,rush_hour_ew
122.0,131.0,1371.0,1327.0,1.0,1.0,4.5,4.5,5.0,2938.0,13.0,136.1772378516624,1.0,0.0,2,2,5526.5,rush_hour_ew
120.0,130.0,1376.0,1331.0,1.0,1.0,4.5,4.5,0.0,2951.0,6.0,136.5841836734694,1.0,0.0,0,2,5539.0,rush_hour_ew
121.0,131.0,1381.0,1334.0,1.0,1.0,4.5,4.5,0.0,2957.0,10.0,136.9916030534351,1.0,0.0,0,2,5556.0,rush_hour_ew
123.0,133.0,1387.0,1337.0,1.0,1.0,4.5,4.5,0.0,2967.0,13.0,137.29571392340858,1.0,0.0,2,2,5576.0,rush_hour_ew
123.0,133.0,1393.0,1342.0,1.0,1.0,4.5,4.5,0.0,2980.0,11.0,137.67020738492667,1.0,1.0,0,2,1879.5,rush_hour_ew
125.0,133.0,1396.0,1345.0,1.0,1.0,4.5,4.5,1.0,2991.0,8.0,138.00983358547654,1.0,1.0,0,2,1887.3,rush_hour_ew
125.0,134.0,1398.0,1345.0,1.0,1.0,4.5,4.5,2.0,2999.0,3.0,138.52227535867104,1.0,1.0,0,2,1891.1,rush_hour_ew
127.0,136.0,1399.0,1348.0,1.0,1.0,4.5,4.5,3.0,3002.0,8.0,138.8953313253012,1.0,1.0,0,2,1901.9,rush_hour_ew
127.0,137.0,1401.0,1353.0,1.0,1.0,4.5,4.5,4.0,3010.0,8.0,139.26833541927408,1.0,1.0,0,2,1908.2,rush_hour_ew
128.0,137.0,1401.0,1356.0,1.0,1.0,4.5,4.5,5.0,3018.0,4.0,139.71003996003995,1.0,1.0,1,2,1912.5,rush_hour_ew
130.0,138.0,1404.0,1356.0,1.0,1.0,4.5,4.5,0.0,3022.0,6.0,140.0465637450199,1.0,1.0,0,2,1916.0,rush_hour_ew
130.0,140.0,1409.0,1360.0,1.0,1.0,4.5,4.5,0.0,3028.0,11.0,140.41867395083187,1.0,1.0,0,2,1924.5,rush_hour_ew
130.0,142.0,1415.0,1363.0,1.0,1.0,4.5,4.5,0.0,3039.0,11.0,140.79148093115404,1.0,1.0,1,2,1933.0,rush_hour_ew
131.0,143.0,1421.0,1368.0,1.0,1.0,4.5,4.5,0.0,3050.0,13.0,141.09577882004444,1.0,0.0,0,2,5715.0,rush_hour_ew
132.0,142.0,1424.0,1372.0,1.0,1.0,4.5,4.5,1.0,3063.0,7.0,141.46947316592812,1.0,0.0,0,2,5729.8,rush_hour_ew
132.0,141.0,1430.0,1377.0,1.0,1.0,4.5,4.5,2.0,3070.0,10.0,141.7392051030422,1.0,0.0,0,2,5752.1,rush_hour_ew
129.0,140.0,1434.0,1382.0,1.0,1.0,4.5,4.5,3.0,3080.0,5.0,142.11255199412773,1.0,0.0,0,2,5768.9,rush_hour_ew
128.0,138.0,1440.0,1385.0,1.0,1.0,4.5,4.5,4.0,3085.0,6.0,142.52013668537955,1.0,0.0,0,2,5786.2,rush_hour_ew
127.0,136.0,1446.0,1388.0,1.0,1.0,4.5,4.5,5.0,3091.0,6.0,142.96200681928886,1.0,0.0,2,2,5803.5,rush_hour_ew
126.0,137.0,1449.0,1392.0,1.0,1.0,4.5,4.5,0.0,3097.0,7.0,143.36880466472303,1.0,0.0,0,2,5813.5,rush_hour_ew
128.0,139.0,1452.0,1398.0,1.0,1.0,4.5,4.5,0.0,3104.0,13.0,143.67231775248243,1.0,0.0,0,2,5833.5,rush_hour_ew
128.0,141.0,1458.0,1404.0,1.0,1.0,4.5,4.5,0.0,3117.0,14.0,143.94255370504465,1.0,0.0,2,2,5858.5,rush_hour_ew
130.0,143.0,1463.0,1408.0,1.0,1.0,4.5,4.5,0.0,3131.0,13.0,144.2487969201155,1.0,1.0,0,2,1981.5,rush_hour_ew
132.0,143.0,1465.0,1412.0,1.0,1.0,4.5,4.5,1.0,3144.0,8.0,144.58973128598848,1.0,1.0,0,2,1989.3,rush_hour_ew
133.0,143.0,1469.0,1412.0,1.0,1.0,4.5,4.5,2.0,3152.0,5.0,145.0339956906871,1.0,1.0,0,2,1994.1,rush_hour_ew
133.0,145.0,1470.0,1414.0,1.0,1.0,4.5,4.5,3.0,3157.0,5.0,145.51230585424133,1.0,1.0,0,2,2000.4,rush_hour_ew
135.0,147.0,1475.0,1414.0,1.0,1.0,4.5,4.5,4.0,3162.0,9.0,145.81705574082898,1.0,1.0,0,2,2011.7,rush_hour_ew
135.0,148.0,1477.0,1418.0,1.0,1.0,4.5,4.5,5.0,3171.0,7.0,146.22576045627378,1.0,1.0,1,2,2017.5,rush_hour_ew
135.0,149.0,1479.0,1421.0,1.0,1.0,4.5,4.5,0.0,3178.0,6.0,146.70351043643265,1.0,1.0,0,2,2018.0,rush_hour_ew
137.0,149.0,1484.0,1427.0,1.0,1.0,4.5,4.5,0.0,3184.0,13.0,147.00851265074485,1.0,1.0,0,2,2027.5,rush_hour_ew
138.0,149.0,1487.0,1432.0,1.0,1.0,4.5,4.5,0.0,3197.0,9.0,147.45280792826804,1.0,1.0,1,2,2033.5,rush_hour_ew
139.0,149.0,1490.0,1435.0,1.0,1.0,4.5,4.5,0.0,3206.0,7.0,147.96654888103652,1.0,0.0,0,2,5994.0,rush_hour_ew
140.0,148.0,1496.0,1440.0,1.0,1.0,4.5,4.5,1.0,3213.0,11.0,148.20234741784037,1.0,0.0,0,2,6016.8,rush_hour_ew
139.0,145.0,1501.0,1445.0,1.0,1.0,4.5,4.5,2.0,3224.0,6.0,148.61170960187354,1.0,0.0,0,2,6035.6,rush_hour_ew
138.0,142.0,1504.0,1451.0,1.0,1.0,4.5,4.5,3.0,3230.0,5.0,148.98551740247606,1.0,0.0,0,2,6052.4,rush_hour_ew
137.0,139.0,1508.0,1455.0,1.0,1.0,4.5,4.5,4.0,3235.0,4.0,149.42797202797203,1.0,0.0,0,2,6067.2,rush_hour_ew
135.0,137.0,1514.0,1459.0,1.0,1.0,4.5,4.5,5.0,3239.0,6.0,149.80027900488258,1.0,0.0,2,2,6086.0,rush_hour_ew
135.0,138.0,1520.0,1463.0,1.0,1.0,4.5,4.5,0.0,3245.0,11.0,150.10361613351878,1.0,0.0,0,2,6102.5,rush_hour_ew
136.0,138.0,1526.0,1468.0,1.0,1.0,4.5,4.5,0.0,3256.0,12.0,150.44267221451688,1.0,0.0,0,2,6125.0,rush_hour_ew
136.0,138.0,1531.0,1471.0,1.0,1.0,4.5,4.5,0.0,3268.0,8.0,150.92085832948777,1.0,0.0,2,2,6141.0,rush_hour_ew
137.0,140.0,1535.0,1475.0,1.0,1.0,4.5,4.5,0.0,3276.0,11.0,151.2952819332566,1.0,1.0,0,2,2059.0,rush_hour_ew
138.0,140.0,1537.0,1477.0,1.0,1.0,4.5,4.5,1.0,3287.0,5.0,151.80836397058823,1.0,1.0,0,2,2063.8,rush_hour_ew
139.0,141.0,1540.0,1478.0,1.0,1.0,4.5,4.5,2.0,3292.0,6.0,152.18152647261059,1.0,1.0,0,2,2070.6,rush_hour_ew
139.0,141.0,1545.0,1478.0,1.0,1.0,4.5,4.5,3.0,3298.0,5.0,152.6237419945105,1.0,1.0,0,2,2073.9,rush_hour_ew
140.0,142.0,1548.0,1480.0,1.0,1.0,4.5,4.5,4.0,3303.0,7.0,153.06573841588678,1.0,1.0,0,2,2081.2,rush_hour_ew
140.0,144.0,1551.0,1482.0,1.0,1.0,4.5,4.5,5.0,3310.0,7.0,153.43761384335156,1.0,1.0,1,2,2088.5,rush_hour_ew
142.0,144.0,1553.0,1485.0,1.0,1.0,4.5,4.5,0.0,3317.0,7.0,153.8441617446615,1.0,1.0,0,2,2091.0,rush_hour_ew
144.0,146.0,1556.0,1488.0,1.0,1.0,4.5,4.5,0.0,3324.0,10.0,154.2511332728921,1.0,1.0,0,2,2102.0,rush_hour_ew
145.0,147.0,1562.0,1493.0,1.0,1.0,4.5,4.5,0.0,3334.0,13.0,154.55435028248587,1.0,1.0,1,2,2111.5,rush_hour_ew
145.0,147.0,1565.0,1499.0,1.0,1.0,4.5,4.5,0.0,3347.0,9.0,154.99751917004963,1.0,0.0,0,2,6274.0,rush_hour_ew
144.0,145.0,1570.0,1502.0,1.0,1.0,4.5,4.5,1.0,3356.0,5.0,155.4750112561909,1.0,0.0,0,2,6289.3,rush_hour_ew
143.0,146.0,1576.0,1505.0,1.0,1.0,4.5,4.5,2.0,3361.0,9.0,155.847743094543,1.0,0.0,0,2,6308.1,rush_hour_ew
144.0,146.0,1580.0,1509.0,1.0,1.0,4.5,4.5,3.0,3370.0,9.0,156.2206541218638,1.0,0.0,0,2,6325.4,rush_hour_ew
141.0,145.0,1586.0,1512.0,1.0,1.0,4.5,4.5,4.0,3379.0,5.0,156.59284916201116,1.0,0.0,0,2,6342.2,rush_hour_ew
141.0,144.0,1592.0,1518.0,1.0,1.0,4.5,4.5,5.0,3384.0,11.0,156.8957219251337,1.0,0.0,2,2,6366.5,rush_hour_ew
138.0,142.0,1597.0,1523.0,1.0,1.0,4.5,4.5,0.0,3395.0,5.0,157.30280124499777,1.0,0.0,0,2,6380.0,rush_hour_ew
140.0,143.0,1600.0,1529.0,1.0,1.0,4.5,4.5,0.0,3400.0,12.0,157.6407982261641,1.0,0.0,0,2,6399.5,rush_hour_ew
140.0,145.0,1604.0,1532.0,1.0,1.0,4.5,4.5,0.0,3412.0,9.0,158.08386811241425,1.0,0.0,2,2,6414.5,rush_hour_ew
141.0,145.0,1610.0,1537.0,1.0,1.0,4.5,4.5,0.0,3421.0,12.0,158.4228647097771,1.0,1.0,0,2,2145.5,rush_hour_ew
142.0,145.0,1615.0,1539.0,1.0,1.0,4.5,4.5,1.0,3433.0,8.0,158.83175512001762,1.0,1.0,0,2,2151.8,rush_hour_ew
143.0,146.0,1617.0,1542.0,1.0,1.0,4.5,4.5,2.0,3441.0,7.0,159.2403867281916,1.0,1.0,0,2,2159.1,rush_hour_ew
143.0,148.0,1622.0,1543.0,1.0,1.0,4.5,4.5,3.0,3448.0,8.0,159.61398509425692,1.0,1.0,0,2,2166.9,rush_hour_ew
143.0,148.0,1626.0,1543.0,1.0,1.0,4.5,4.5,4.0,3456.0,4.0,160.09168490153172,1.0,1.0,0,2,2169.7,rush_hour_ew
145.0,150.0,1627.0,1545.0,1.0,1.0,4.5,4.5,5.0,3460.0,7.0,160.4290702749891,1.0,1.0,1,2,2180.0,rush_hour_ew
146.0,151.0,1628.0,1550.0,1.0,1.0,4.5,4.5,0.0,3467.0,8.0,160.7664344797562,1.0,1.0,0,2,2183.0,rush_hour_ew
146.0,153.0,1632.0,1556.0,1.0,1.0,4.5,4.5,0.0,3475.0,12.0,161.10464611376466,1.0,1.0,0,2,2192.0,rush_hour_ew
148.0,155.0,1637.0,1561.0,1.0,1.0,4.5,4.5,0.0,3487.0,14.0,161.37424242424242,1.0,1.0,1,2,2205.0,rush_hour_ew
148.0,155.0,1641.0,1567.0,1.0,1.0,4.5,4.5,0.0,3501.0,10.0,161.7840172786177,1.0,0.0,0,2,6567.5,rush_hour_ew
146.0,152.0,1647.0,1572.0,1.0,1.0,4.5,4.5,1.0,3511.0,6.0,162.1234381732012,1.0,0.0,0,2,6587.8,rush_hour_ew
144.0,151.0,1651.0,1577.0,1.0,1.0,4.5,4.5,2.0,3517.0,6.0,162.49731356114336,1.0,0.0,0,2,6605.1,rush_hour_ew
143.0,152.0,1656.0,1580.0,1.0,1.0,4.5,4.5,3.0,3523.0,8.0,162.87114065180103,1.0,0.0,0,2,6621.9,rush_hour_ew
141.0,149.0,1659.0,1583.0,1.0,1.0,4.5,4.5,4.0,3531.0,1.0,163.41820128479657,1.0,0.0,0,2,6632.2,rush_hour_ew
140.0,147.0,1663.0,1589.0,1.0,1.0,4.5,4.5,5.0,3532.0,7.0,163.75523280649296,1.0,0.0,2,2,6651.5,rush_hour_ew
140.0,145.0,1669.0,1594.0,1.0,1.0,4.5,4.5,0.0,3539.0,9.0,164.0225724020443,1.0,0.0,0,2,6668.5,rush_hour_ew
141.0,147.0,1675.0,1598.0,1.0,1.0,4.5,4.5,0.0,3548.0,13.0,164.3259715438522,1.0,0.0,0,2,6690.0,rush_hour_ew
141.0,148.0,1681.0,1601.0,1.0,1.0,4.5,4.5,0.0,3561.0,10.0,164.73447764356854,1.0,0.0,2,2,6708.5,rush_hour_ew
141.0,150.0,1686.0,1606.0,1.0,1.0,4.5,4.5,0.0,3571.0,12.0,165.07398013105052,1.0,1.0,0,2,2228.0,rush_hour_ew
142.0,151.0,1687.0,1607.0,1.0,1.0,4.5,4.5,1.0,3583.0,4.0,165.51729957805907,1.0,1.0,0,2,2233.8,rush_hour_ew
144.0,151.0,1688.0,1608.0,1.0,1.0,4.5,4.5,2.0,3587.0,4.0,165.9947346251053,1.0,1.0,0,2,2239.6,rush_hour_ew
146.0,153.0,1690.0,1609.0,1.0,1.0,4.5,4.5,3.0,3591.0,7.0,166.36709392729566,1.0,1.0,0,2,2249.9,rush_hour_ew
146.0,153.0,1694.0,1610.0,1.0,1.0,4.5,4.5,4.0,3598.0,5.0,166.773747116796,1.0,1.0,0,2,2253.2,rush_hour_ew
148.0,155.0,1696.0,1613.0,1.0,1.0,4.5,4.5,5.0,3603.0,9.0,167.1106463083037,1.0,1.0,1,2,2264.5,rush_hour_ew
149.0,157.0,1699.0,1617.0,1.0,1.0,4.5,4.5,0.0,3612.0,10.0,167.37810218978103,1.0,1.0,0,2,2270.0,rush_hour_ew
149.0,159.0,1703.0,1620.0,1.0,1.0,4.5,4.5,0.0,3622.0,9.0,167.82035803497087,1.0,1.0,0,2,2277.5,rush_hour_ew
149.0,161.0,1709.0,1625.0,1.0,1.0,4.5,4.5,0.0,3631.0,13.0,168.12393605978826,1.0,1.0,1,2,2287.0,rush_hour_ew
150.0,162.0,1713.0,1629.0,1.0,1.0,4.5,4.5,0.0,3644.0,10.0,168.53262896208827,1.0,0.0,0,2,6840.0,rush_hour_ew
151.0,161.0,1717.0,1632.0,1.0,1.0,4.5,4.5,1.0,3654.0,7.0,168.97601323407775,1.0,0.0,0,2,6854.8,rush_hour_ew
152.0,161.0,1723.0,1636.0,1.0,1.0,4.5,4.5,2.0,3661.0,11.0,169.24536082474228,1.0,0.0,0,2,6876.1,rush_hour_ew
152.0,160.0,1727.0,1640.0,1.0,1.0,4.5,4.5,3.0,3672.0,7.0,169.68903066474584,1.0,0.0,0,2,6892.4,rush_hour_ew
150.0,157.0,1733.0,1644.0,1.0,1.0,4.5,4.5,4.0,3679.0,5.0,170.09714520435406,1.0,0.0,0,2,6910.7,rush_hour_ew
149.0,157.0,1739.0,1648.0,1.0,1.0,4.5,4.5,5.0,3684.0,9.0,170.40065546907005,1.0,0.0,2,2,6931.0,rush_hour_ew
150.0,155.0,1742.0,1651.0,1.0,1.0,4.5,4.5,0.0,3693.0,5.0,170.87811860940695,1.0,0.0,0,2,6938.5,rush_hour_ew
150.0,156.0,1745.0,1654.0,1.0,1.0,4.5,4.5,0.0,3698.0,7.0,171.39044312844598,1.0,0.0,0,2,6951.0,rush_hour_ew
152.0,156.0,1751.0,1658.0,1.0,1.0,4.5,4.5,0.0,3705.0,12.0,171.72866164188227,1.0,0.0,2,2,6972.0,rush_hour_ew
152.0,156.0,1757.0,1662.0,1.0,1.0,4.5,4.5,0.0,3717.0,10.0,172.13722301280748,1.0,1.0,0,2,2325.5,rush_hour_ew
153.0,158.0,1761.0,1664.0,1.0,1.0,4.5,4.5,1.0,3727.0,9.0,172.47596836341512,1.0,1.0,0,2,2335.3,rush_hour_ew
155.0,160.0,1763.0,1668.0,1.0,1.0,4.5,4.5,2.0,3736.0,10.0,172.74519716885743,1.0,1.0,0,2,2347.1,rush_hour_ew
157.0,161.0,1767.0,1672.0,1.0,1.0,4.5,4.5,3.0,3746.0,11.0,173.0151240169389,1.0,1.0,0,2,2357.9,rush_hour_ew
157.0,161.0,1767.0,1676.0,1.0,1.0,4.5,4.5,4.0,3757.0,4.0,173.49365814374875,1.0,1.0,0,2,2360.7,rush_hour_ew
157.0,162.0,1767.0,1678.0,1.0,1.0,4.5,4.5,5.0,3761.0,3.0,174.00623240852434,1.0,1.0,1,2,2364.5,rush_hour_ew
158.0,162.0,1768.0,1680.0,1.0,1.0,4.5,4.5,0.0,3764.0,4.0,174.51816904236097,1.0,1.0,0,2,2364.0,rush_hour_ew
160.0,164.0,1773.0,1685.0,1.0,1.0,4.5,4.5,0.0,3768.0,14.0,174.7861861861862,1.0,1.0,0,2,2377.0,rush_hour_ew
161.0,166.0,1777.0,1690.0,1.0,1.0,4.5,4.5,0.0,3782.0,12.0,175.12502496504894,1.0,1.0,1,2,2387.5,rush_hour_ew
161.0,166.0,1781.0,1695.0,1.0,1.0,4.5,4.5,0.0,3794.0,9.0,175.5689792663477,1.0,0.0,0,2,7115.5,rush_hour_ew
162.0,164.0,1784.0,1700.0,1.0,1.0,4.5,4.5,1.0,3803.0,7.0,175.97771587743733,1.0,0.0,0,2,7131.8,rush_hour_ew
161.0,163.0,1790.0,1706.0,1.0,1.0,4.5,4.5,2.0,3810.0,10.0,176.28180194483033,1.0,0.0,0,2,7155.6,rush_hour_ew
159.0,161.0,1795.0,1711.0,1.0,1.0,4.5,4.5,3.0,3820.0,6.0,176.620471193823,1.0,0.0,0,2,7174.4,rush_hour_ew
159.0,159.0,1801.0,1717.0,1.0,1.0,4.5,4.5,4.0,3826.0,10.0,176.88963474827247,1.0,0.0,0,2,7198.2,rush_hour_ew
157.0,156.0,1804.0,1721.0,1.0,1.0,4.5,4.5,5.0,3836.0,2.0,177.40220820189273,1.0,0.0,2,2,7210.5,rush_hour_ew
156.0,153.0,1808.0,1724.0,1.0,1.0,4.5,4.5,0.0,3838.0,3.0,177.84392836055895,1.0,0.0,0,2,7218.5,rush_hour_ew
156.0,153.0,1812.0,1730.0,1.0,1.0,4.5,4.5,0.0,3841.0,10.0,178.25103123158516,1.0,0.0,0,2,7238.5,rush_hour_ew
158.0,154.0,1815.0,1734.0,1.0,1.0,4.5,4.5,0.0,3851.0,10.0,178.65849833366008,1.0,0.0,2,2,7254.0,rush_hour_ew
159.0,154.0,1818.0,1739.0,1.0,1.0,4.5,4.5,0.0,3861.0,9.0,179.10117416829746,1.0,1.0,0,2,2404.5,rush_hour_ew
161.0,154.0,1821.0,1742.0,1.0,1.0,4.5,4.5,1.0,3870.0,8.0,179.40366972477065,1.0,1.0,0,2,2412.3,rush_hour_ew
161.0,155.0,1822.0,1746.0,1.0,1.0,4.5,4.5,2.0,3878.0,6.0,179.8108318721995,1.0,1.0,0,2,2417.6,rush_hour_ew
162.0,156.0,1824.0,1748.0,1.0,1.0,4.5,4.5,3.0,3884.0,6.0,180.21757728951974,1.0,1.0,0,2,2424.4,rush_hour_ew
162.0,156.0,1828.0,1748.0,1.0,1.0,4.5,4.5,4.0,3890.0,4.0,180.693651718113,1.0,1.0,0,2,2427.2,rush_hour_ew
162.0,158.0,1831.0,1750.0,1.0,1.0,4.5,4.5,5.0,3894.0,7.0,181.0643161565285,1.0,1.0,0,2,2434.5,rush_hour_ew
162.0,160.0,1834.0,1752.0,1.0,1.0,4.5,4.5,6.0,3901.0,7.0,181.434757394162,1.0,1.0,1,2,2441.8,rush_hour_ew
164.0,161.0,1837.0,1752.0,1.0,1.0,4.5,4.5,0.0,3908.0,6.0,181.8047839506173,1.0,1.0,0,2,2444.5,rush_hour_ew
165.0,161.0,1840.0,1755.0,1.0,1.0,4.5,4.5,0.0,3914.0,7.0,182.31496821421692,1.0,1.0,0,2,2449.5,rush_hour_ew
166.0,163.0,1844.0,1759.0,1.0,1.0,4.5,4.5,0.0,3921.0,11.0,182.6853133410227,1.0,1.0,1,2,2459.5,rush_hour_ew
166.0,164.0,1850.0,1765.0,1.0,1.0,4.5,4.5,0.0,3932.0,13.0,182.9863854266539,1.0,0.0,0,2,7395.0,rush_hour_ew
163.0,163.0,1853.0,1769.0,1.0,1.0,4.5,4.5,1.0,3945.0,3.0,183.497127537342,1.0,0.0,0,2,7407.8,rush_hour_ew
164.0,162.0,1859.0,1772.0,1.0,1.0,4.5,4.5,2.0,3948.0,9.0,183.8675711828779,1.0,0.0,0,2,7426.6,rush_hour_ew
165.0,161.0,1863.0,1776.0,1.0,1.0,4.5,4.5,3.0,3957.0,8.0,184.20285986653957,1.0,0.0,0,2,7443.4,rush_hour_ew
165.0,162.0,1869.0,1779.0,1.0,1.0,4.5,4.5,4.0,3965.0,10.0,184.5034233548878,1.0,0.0,0,2,7462.7,rush_hour_ew
164.0,160.0,1874.0,1784.0,1.0,1.0,4.5,4.5,5.0,3975.0,7.0,184.90907365223993,1.0,0.0,2,2,7482.0,rush_hour_ew
165.0,158.0,1880.0,1789.0,1.0,1.0,4.5,4.5,0.0,3982.0,10.0,185.1747444149943,1.0,0.0,0,2,7499.5,rush_hour_ew
166.0,159.0,1886.0,1792.0,1.0,1.0,4.5,4.5,0.0,3992.0,11.0,185.54619308520688,1.0,0.0,0,2,7518.5,rush_hour_ew
167.0,161.0,1890.0,1796.0,1.0,1.0,4.5,4.5,0.0,4003.0,11.0,185.9181749622926,1.0,0.0,2,2,7536.0,rush_hour_ew
168.0,162.0,1894.0,1801.0,1.0,1.0,4.5,4.5,0.0,4014.0,11.0,186.29068673565382,1.0,1.0,0,2,2507.5,rush_hour_ew
169.0,162.0,1895.0,1803.0,1.0,1.0,4.5,4.5,1.0,4025.0,4.0,186.80270574971814,1.0,1.0,0,2,2511.8,rush_hour_ew
169.0,163.0,1898.0,1805.0,1.0,1.0,4.5,4.5,2.0,4029.0,6.0,187.17401087567973,1.0,1.0,0,2,2517.1,rush_hour_ew
170.0,163.0,1901.0,1806.0,1.0,1.0,4.5,4.5,3.0,4035.0,5.0,187.57982406887515,1.0,1.0,0,2,2521.9,rush_hour_ew
171.0,163.0,1904.0,1811.0,1.0,1.0,4.5,4.5,4.0,4040.0,9.0,187.88050784167288,1.0,1.0,0,2,2528.7,rush_hour_ew
171.0,164.0,1905.0,1812.0,1.0,1.0,4.5,4.5,5.0,4049.0,3.0,188.35570469798657,1.0,1.0,0,2,2532.5,rush_hour_ew
171.0,165.0,1908.0,1813.0,1.0,1.0,4.5,4.5,6.0,4052.0,5.0,188.76014142165985,1.0,1.0,0,2,2537.3,rush_hour_ew
172.0,167.0,1911.0,1816.0,1.0,1.0,4.5,4.5,7.0,4057.0,9.0,189.0243132887899,1.0,1.0,1,2,2547.1,rush_hour_ew
172.0,167.0,1913.0,1817.0,1.0,1.0,4.5,4.5,0.0,4066.0,3.0,189.4981467753892,1.0,1.0,0,2,2543.0,rush_hour_ew
173.0,169.0,1919.0,1822.0,1.0,1.0,4.5,4.5,0.0,4069.0,14.0,189.76247689463955,1.0,1.0,0,2,2554.5,rush_hour_ew
175.0,170.0,1925.0,1828.0,1.0,1.0,4.5,4.5,0.0,4083.0,15.0,189.9931797235023,1.0,1.0,1,2,2566.5,rush_hour_ew
175.0,172.0,1929.0,1831.0,1.0,1.0,4.5,4.5,0.0,4098.0,9.0,190.4343025395657,1.0,0.0,0,2,7693.5,rush_hour_ew
176.0,170.0,1934.0,1834.0,1.0,1.0,4.5,4.5,1.0,4107.0,7.0,190.84019103600295,1.0,0.0,0,2,7709.8,rush_hour_ew
174.0,171.0,1939.0,1840.0,1.0,1.0,4.5,4.5,2.0,4114.0,10.0,191.1412864211105,1.0,0.0,0,2,7732.1,rush_hour_ew
173.0,169.0,1944.0,1845.0,1.0,1.0,4.5,4.5,3.0,4124.0,7.0,191.5472837022133,1.0,0.0,0,2,7751.4,rush_hour_ew
170.0,169.0,1950.0,1851.0,1.0,1.0,4.5,4.5,4.0,4131.0,9.0,191.8483576642336,1.0,0.0,0,2,7774.7,rush_hour_ew
167.0,167.0,1953.0,1856.0,1.0,1.0,4.5,4.5,5.0,4140.0,3.0,192.32361516034985,1.0,0.0,2,2,7789.0,rush_hour_ew
166.0,167.0,1958.0,1860.0,1.0,1.0,4.5,4.5,0.0,4143.0,8.0,192.65872727272728,1.0,0.0,0,2,7802.5,rush_hour_ew
168.0,167.0,1961.0,1866.0,1.0,1.0,4.5,4.5,0.0,4151.0,11.0,193.02939575394666,1.0,0.0,0,2,7821.5,rush_hour_ew
170.0,169.0,1966.0,1871.0,1.0,1.0,4.5,4.5,0.0,4162.0,14.0,193.29610859728507,1.0,0.0,2,2,7843.5,rush_hour_ew
172.0,169.0,1969.0,1874.0,1.0,1.0,4.5,4.5,0.0,4176.0,8.0,193.77281763961685,1.0,1.0,0,2,2603.5,rush_hour_ew
174.0,171.0,1972.0,1875.0,1.0,1.0,4.5,4.5,1.0,4184.0,8.0,194.03948080043267,1.0,1.0,0,2,2614.3,rush_hour_ew
174.0,173.0,1975.0,1880.0,1.0,1.0,4.5,4.5,2.0,4192.0,10.0,194.37650656592913,1.0,1.0,0,2,2623.1,rush_hour_ew
176.0,174.0,1978.0,1883.0,1.0,1.0,4.5,4.5,3.0,4202.0,9.0,194.71369592532758,1.0,1.0,0,2,2632.9,rush_hour_ew
178.0,176.0,1980.0,1886.0,1.0,1.0,4.5,4.5,4.0,4211.0,9.0,195.01611747851004,1.0,1.0,0,2,2644.2,rush_hour_ew
180.0,178.0,1982.0,1891.0,1.0,1.0,4.5,4.5,5.0,4220.0,11.0,195.2493302375424,1.0,1.0,1,2,2656.5,rush_hour_ew
181.0,179.0,1985.0,1893.0,1.0,1.0,4.5,4.5,0.0,4231.0,7.0,195.65680156890713,1.0,1.0,0,2,2659.0,rush_hour_ew
181.0,179.0,1989.0,1896.0,1.0,1.0,4.5,4.5,0.0,4238.0,7.0,196.1688034188034,1.0,1.0,0,2,2662.5,rush_hour_ew
181.0,180.0,1994.0,1900.0,1.0,1.0,4.5,4.5,0.0,4245.0,10.0,196.57643085673658,1.0,1.0,1,2,2669.0,rush_hour_ew
183.0,182.0,1999.0,1903.0,1.0,1.0,4.5,4.5,0.0,4255.0,12.0,196.91486342674708,1.0,0.0,0,2,7986.5,rush_hour_ew
184.0,179.0,2003.0,1906.0,1.0,1.0,4.5,4.5,1.0,4267.0,5.0,197.35753497432265,1.0,0.0,0,2,8000.3,rush_hour_ew
184.0,178.0,2008.0,1912.0,1.0,1.0,4.5,4.5,2.0,4272.0,10.0,197.69570595511576,1.0,0.0,0,2,8022.6,rush_hour_ew
184.0,177.0,2011.0,1918.0,1.0,1.0,4.5,4.5,3.0,4282.0,8.0,198.10372199682485,1.0,0.0,0,2,8040.9,rush_hour_ew
183.0,174.0,2014.0,1922.0,1.0,1.0,4.5,4.5,4.0,4290.0,3.0,198.6157505285412,1.0,0.0,0,2,8053.7,rush_hour_ew
183.0,174.0,2017.0,1925.0,1.0,1.0,4.5,4.5,5.0,4293.0,6.0,199.0575197889182,1.0,0.0,2,2,8066.5,rush_hour_ew
181.0,173.0,2021.0,1930.0,1.0,1.0,4.5,4.5,0.0,4299.0,6.0,199.49894625922022,1.0,0.0,0,2,8079.0,rush_hour_ew
181.0,173.0,2027.0,1933.0,1.0,1.0,4.5,4.5,0.0,4305.0,9.0,199.9405576012625,1.0,0.0,0,2,8097.0,rush_hour_ew
183.0,174.0,2033.0,1936.0,1.0,1.0,4.5,4.5,0.0,4314.0,12.0,200.2776902887139,1.0,0.0,2,2,8116.5,rush_hour_ew
185.0,174.0,2039.0,1940.0,1.0,1.0,4.5,4.5,0.0,4326.0,12.0,200.61550550026192,1.0,1.0,0,2,2707.5,rush_hour_ew
186.0,176.0,2041.0,1942.0,1.0,1.0,4.5,4.5,1.0,4338.0,7.0,200.98814918089926,1.0,1.0,0,2,2716.3,rush_hour_ew
188.0,177.0,2045.0,1946.0,1.0,1.0,4.5,4.5,2.0,4345.0,11.0,201.25625869262865,1.0,1.0,0,2,2727.1,rush_hour_ew
190.0,177.0,2046.0,1948.0,1.0,1.0,4.5,4.5,3.0,4356.0,5.0,201.698837007464,1.0,1.0,0,2,2733.4,rush_hour_ew
190.0,178.0,2049.0,1949.0,1.0,1.0,4.5,4.5,4.0,4361.0,5.0,202.17594037094818,1.0,1.0,0,2,2738.2,rush_hour_ew
190.0,180.0,2053.0,1951.0,1.0,1.0,4.5,4.5,5.0,4366.0,8.0,202.54792387543253,1.0,1.0,1,2,2746.0,rush_hour_ew
191.0,182.0,2054.0,1954.0,1.0,1.0,4.5,4.5,0.0,4374.0,7.0,202.95474956822108,1.0,1.0,0,2,2750.0,rush_hour_ew
192.0,182.0,2060.0,1957.0,1.0,1.0,4.5,4.5,0.0,4381.0,10.0,203.36189655172413,1.0,1.0,0,2,2756.5,rush_hour_ew
194.0,184.0,2063.0,1963.0,1.0,1.0,4.5,4.5,0.0,4391.0,13.0,203.66471701359023,1.0,1.0,1,2,2769.0,rush_hour_ew
194.0,184.0,2067.0,1969.0,1.0,1.0,4.5,4.5,0.0,4404.0,10.0,204.0729864331101,1.0,0.0,0,2,8261.0,rush_hour_ew
192.0,184.0,2073.0,1972.0,1.0,1.0,4.5,4.5,1.0,4414.0,7.0,204.44600617072334,1.0,0.0,0,2,8278.8,rush_hour_ew
191.0,183.0,2077.0,1975.0,1.0,1.0,4.5,4.5,2.0,4421.0,5.0,204.88858463118262,1.0,0.0,0,2,8292.6,rush_hour_ew
191.0,180.0,2080.0,1979.0,1.0,1.0,4.5,4.5,3.0,4426.0,4.0,205.3304853041695,1.0,0.0,0,2,8305.9,rush_hour_ew
189.0,179.0,2085.0,1984.0,1.0,1.0,4.5,4.5,4.0,4430.0,7.0,205.6669508867667,1.0,0.0,0,2,8325.2,rush_hour_ew
186.0,177.0,2089.0,1989.0,1.0,1.0,4.5,4.5,5.0,4437.0,4.0,206.10795164311256,1.0,0.0,2,2,8341.5,rush_hour_ew
185.0,176.0,2093.0,1995.0,1.0,1.0,4.5,4.5,0.0,4441.0,8.0,206.51385347611762,1.0,0.0,0,2,8356.5,rush_hour_ew
185.0,177.0,2096.0,2001.0,1.0,1.0,4.5,4.5,0.0,4449.0,10.0,206.9200746648566,1.0,0.0,0,2,8375.0,rush_hour_ew
187.0,179.0,2102.0,2006.0,1.0,1.0,4.5,4.5,0.0,4459.0,15.0,207.15199729180773,1.0,0.0,2,2,8399.0,rush_hour_ew
188.0,180.0,2108.0,2012.0,1.0,1.0,4.5,4.5,0.0,4474.0,14.0,207.42012833502196,1.0,1.0,0,2,2796.0,rush_hour_ew
188.0,181.0,2113.0,2015.0,1.0,1.0,4.5,4.5,1.0,4488.0,9.0,207.75851027974386,1.0,1.0,0,2,2802.8,rush_hour_ew
190.0,183.0,2113.0,2017.0,1.0,1.0,4.5,4.5,2.0,4497.0,6.0,208.13153910849454,1.0,1.0,0,2,2812.6,rush_hour_ew
192.0,185.0,2115.0,2019.0,1.0,1.0,4.5,4.5,3.0,4503.0,8.0,208.5045332437878,1.0,1.0,0,2,2823.4,rush_hour_ew
194.0,185.0,2120.0,2022.0,1.0,1.0,4.5,4.5,4.0,4511.0,10.0,208.80784050929805,1.0,1.0,0,2,2832.2,rush_hour_ew
194.0,185.0,2125.0,2024.0,1.0,1.0,4.5,4.5,5.0,4521.0,7.0,209.2509200401472,1.0,1.0,1,2,2836.5,rush_hour_ew
195.0,185.0,2128.0,2027.0,1.0,1.0,4.5,4.5,0.0,4528.0,7.0,209.65881763527054,1.0,1.0,0,2,2837.5,rush_hour_ew
197.0,187.0,2131.0,2031.0,1.0,1.0,4.5,4.5,0.0,4535.0,11.0,210.03217202867145,1.0,1.0,0,2,2849.0,rush_hour_ew
199.0,187.0,2136.0,2036.0,1.0,1.0,4.5,4.5,0.0,4546.0,12.0,210.37115288637497,1.0,1.0,1,2,2858.0,rush_hour_ew
201.0,187.0,2140.0,2039.0,1.0,1.0,4.5,4.5,0.0,4558.0,9.0,210.81528239202657,1.0,0.0,0,2,8552.0,rush_hour_ew
198.0,187.0,2143.0,2045.0,1.0,1.0,4.5,4.5,1.0,4567.0,6.0,211.2240464344942,1.0,0.0,0,2,8569.3,rush_hour_ew
197.0,187.0,2147.0,2048.0,1.0,1.0,4.5,4.5,2.0,4573.0,6.0,211.70255051341505,1.0,0.0,0,2,8583.6,rush_hour_ew
195.0,185.0,2153.0,2054.0,1.0,1.0,4.5,4.5,3.0,4579.0,8.0,212.00578416790614,1.0,0.0,0,2,8606.4,rush_hour_ew
195.0,184.0,2159.0,2059.0,1.0,1.0,4.5,4.5,4.0,4587.0,10.0,212.23936696340257,1.0,0.0,0,2,8628.7,rush_hour_ew
193.0,181.0,2164.0,2063.0,1.0,1.0,4.5,4.5,5.0,4597.0,4.0,212.68230452674896,1.0,0.0,2,2,8645.0,rush_hour_ew
192.0,180.0,2167.0,2068.0,1.0,1.0,4.5,4.5,0.0,4601.0,6.0,213.15995397008055,1.0,0.0,0,2,8656.0,rush_hour_ew
193.0,181.0,2173.0,2073.0,1.0,1.0,4.5,4.5,0.0,4607.0,13.0,213.46325459317586,1.0,0.0,0,2,8679.0,rush_hour_ew
193.0,182.0,2179.0,2076.0,1.0,1.0,4.5,4.5,0.0,4620.0,10.0,213.8719292499181,1.0,0.0,2,2,8697.5,rush_hour_ew
194.0,183.0,2183.0,2081.0,1.0,1.0,4.5,4.5,0.0,4630.0,11.0,214.24603563838483,1.0,1.0,0,2,2886.0,rush_hour_ew
195.0,185.0,2183.0,2084.0,1.0,1.0,4.5,4.5,1.0,4641.0,6.0,214.6548065937653,1.0,1.0,0,2,2894.3,rush_hour_ew
196.0,186.0,2187.0,2086.0,1.0,1.0,4.5,4.5,2.0,4647.0,8.0,215.06354896529248,1.0,1.0,0,2,2902.1,rush_hour_ew
198.0,187.0,2191.0,2087.0,1.0,1.0,4.5,4.5,3.0,4655.0,8.0,215.4021792161327,1.0,1.0,0,2,2911.4,rush_hour_ew
199.0,187.0,2194.0,2087.0,1.0,1.0,4.5,4.5,4.0,4663.0,4.0,215.81019646046437,1.0,1.0,0,2,2915.7,rush_hour_ew
200.0,187.0,2197.0,2092.0,1.0,1.0,4.5,4.5,5.0,4667.0,9.0,216.1833063209076,1.0,1.0,1,2,2922.5,rush_hour_ew
201.0,188.0,2201.0,2095.0,1.0,1.0,4.5,4.5,0.0,4676.0,9.0,216.4864952288533,1.0,1.0,0,2,2926.0,rush_hour_ew
202.0,189.0,2205.0,2098.0,1.0,1.0,4.5,4.5,0.0,4685.0,9.0,216.9299095607235,1.0,1.0,0,2,2933.5,rush_hour_ew
203.0,189.0,2211.0,2101.0,1.0,1.0,4.5,4.5,0.0,4694.0,10.0,217.33860045146727,1.0,1.0,1,2,2940.0,rush_hour_ew
203.0,190.0,2215.0,2104.0,1.0,1.0,4.5,4.5,0.0,4704.0,8.0,217.81739130434784,1.0,0.0,0,2,8834.5,rush_hour_ew
203.0,189.0,2218.0,2109.0,1.0,1.0,4.5,4.5,1.0,4712.0,7.0,218.19080533676257,1.0,0.0,0,2,8850.8,rush_hour_ew
202.0,187.0,2222.0,2115.0,1.0,1.0,4.5,4.5,2.0,4719.0,7.0,218.49390439525183,1.0,0.0,0,2,8870.1,rush_hour_ew
200.0,185.0,2225.0,2121.0,1.0,1.0,4.5,4.5,3.0,4726.0,5.0,218.93672913663303,1.0,0.0,0,2,8886.9,rush_hour_ew
198.0,185.0,2228.0,2125.0,1.0,1.0,4.5,4.5,4.0,4731.0,5.0,219.37907869481765,1.0,0.0,0,2,8900.7,rush_hour_ew
195.0,185.0,2233.0,2131.0,1.0,1.0,4.5,4.5,5.0,4736.0,8.0,219.7161558109834,1.0,0.0,2,2,8922.0,rush_hour_ew
194.0,183.0,2237.0,2135.0,1.0,1.0,4.5,4.5,0.0,4744.0,5.0,220.1579786386099,1.0,0.0,0,2,8932.5,rush_hour_ew
195.0,185.0,2243.0,2139.0,1.0,1.0,4.5,4.5,0.0,4749.0,13.0,220.46022908049633,1.0,0.0,0,2,8954.0,rush_hour_ew
196.0,185.0,2248.0,2142.0,1.0,1.0,4.5,4.5,0.0,4762.0,9.0,220.9029388403495,1.0,0.0,2,2,8970.5,rush_hour_ew
197.0,186.0,2254.0,2147.0,1.0,1.0,4.5,4.5,0.0,4771.0,13.0,221.20608750792644,1.0,1.0,0,2,2966.5,rush_hour_ew
197.0,186.0,2257.0,2152.0,1.0,1.0,4.5,4.5,1.0,4784.0,8.0,221.54430379746836,1.0,1.0,0,2,2971.3,rush_hour_ew
197.0,187.0,2258.0,2155.0,1.0,1.0,4.5,4.5,2.0,4792.0,5.0,222.0222819216182,1.0,1.0,0,2,2976.1,rush_hour_ew
199.0,189.0,2262.0,2158.0,1.0,1.0,4.5,4.5,3.0,4797.0,11.0,222.2202080706179,1.0,1.0,0,2,2988.4,rush_hour_ew
199.0,190.0,2263.0,2160.0,1.0,1.0,4.5,4.5,4.0,4808.0,4.0,222.662836455218,1.0,1.0,0,2,2992.7,rush_hour_ew
201.0,192.0,2267.0,2160.0,1.0,1.0,4.5,4.5,5.0,4812.0,8.0,222.96528432296574,1.0,1.0,1,2,3003.5,rush_hour_ew
203.0,192.0,2269.0,2163.0,1.0,1.0,4.5,4.5,0.0,4820.0,7.0,223.26759680200658,1.0,1.0,0,2,3006.0,rush_hour_ew
203.0,192.0,2272.0,2168.0,1.0,1.0,4.5,4.5,0.0,4827.0,8.0,223.74495068107092,1.0,1.0,0,2,3010.0,rush_hour_ew
204.0,192.0,2277.0,2171.0,1.0,1.0,4.5,4.5,0.0,4835.0,9.0,224.18746091307068,1.0,1.0,1,2,3016.0,rush_hour_ew
205.0,192.0,2281.0,2177.0,1.0,1.0,4.5,4.5,0.0,4844.0,11.0,224.56032464491963,1.0,0.0,0,2,9114.5,rush_hour_ew
203.0,191.0,2287.0,2180.0,1.0,1.0,4.5,4.5,1.0,4855.0,6.0,224.9328451230913,1.0,0.0,0,2,9131.8,rush_hour_ew
202.0,191.0,2292.0,2183.0,1.0,1.0,4.5,4.5,2.0,4861.0,7.0,225.34023024268825,1.0,0.0,0,2,9148.1,rush_hour_ew
202.0,192.0,2297.0,2189.0,1.0,1.0,4.5,4.5,3.0,4868.0,12.0,225.57302498835946,1.0,0.0,0,2,9171.4,rush_hour_ew
201.0,191.0,2303.0,2195.0,1.0,1.0,4.5,4.5,4.0,4880.0,10.0,225.80628677609167,1.0,0.0,0,2,9195.2,rush_hour_ew
201.0,189.0,2307.0,2201.0,1.0,1.0,4.5,4.5,5.0,4890.0,8.0,226.14451313755796,1.0,0.0,2,2,9215.0,rush_hour_ew
202.0,188.0,2311.0,2206.0,1.0,1.0,4.5,4.5,0.0,4898.0,9.0,226.51782132386978,1.0,0.0,0,2,9229.0,rush_hour_ew
203.0,188.0,2317.0,2210.0,1.0,1.0,4.5,4.5,0.0,4907.0,11.0,226.89155884165126,1.0,0.0,0,2,9249.5,rush_hour_ew
204.0,190.0,2321.0,2214.0,1.0,1.0,4.5,4.5,0.0,4918.0,11.0,227.26572351222512,1.0,0.0,2,2,9267.0,rush_hour_ew
204.0,192.0,2325.0,2218.0,1.0,1.0,4.5,4.5,0.0,4929.0,10.0,227.67511131582987,1.0,1.0,0,2,3063.5,rush_hour_ew
206.0,192.0,2330.0,2220.0,1.0,1.0,4.5,4.5,1.0,4939.0,9.0,228.04966278356835,1.0,1.0,0,2,3071.8,rush_hour_ew
207.0,193.0,2333.0,2225.0,1.0,1.0,4.5,4.5,2.0,4948.0,10.0,228.31966962373815,1.0,1.0,0,2,3080.6,rush_hour_ew
208.0,193.0,2338.0,2227.0,1.0,1.0,4.5,4.5,3.0,4958.0,8.0,228.69445716903343,1.0,1.0,0,2,3086.9,rush_hour_ew
208.0,195.0,2341.0,2228.0,1.0,1.0,4.5,4.5,4.0,4966.0,6.0,229.10382680286628,1.0,1.0,0,2,3093.7,rush_hour_ew
210.0,196.0,2343.0,2230.0,1.0,1.0,4.5,4.5,5.0,4972.0,7.0,229.5130156797077,1.0,1.0,1,2,3102.5,rush_hour_ew
210.0,197.0,2343.0,2233.0,1.0,1.0,4.5,4.5,0.0,4979.0,4.0,229.991485479702,1.0,1.0,0,2,3102.0,rush_hour_ew
210.0,197.0,2347.0,2239.0,1.0,1.0,4.5,4.5,0.0,4983.0,10.0,230.40033399119477,1.0,1.0,0,2,3107.0,rush_hour_ew
212.0,199.0,2350.0,2242.0,1.0,1.0,4.5,4.5,0.0,4993.0,10.0,230.8094588449295,1.0,1.0,1,2,3118.0,rush_hour_ew
213.0,199.0,2356.0,2247.0,1.0,1.0,4.5,4.5,0.0,5003.0,12.0,231.14919049780602,1.0,0.0,0,2,9412.0,rush_hour_ew
211.0,198.0,2359.0,2253.0,1.0,1.0,4.5,4.5,1.0,5015.0,6.0,231.5585435866445,1.0,0.0,0,2,9429.3,rush_hour_ew
210.0,198.0,2365.0,2256.0,1.0,1.0,4.5,4.5,2.0,5021.0,8.0,231.96786845678082,1.0,0.0,0,2,9447.6,rush_hour_ew
209.0,195.0,2371.0,2259.0,1.0,1.0,4.5,4.5,3.0,5029.0,5.0,232.37671336044585,1.0,0.0,0,2,9464.4,rush_hour_ew
208.0,194.0,2376.0,2263.0,1.0,1.0,4.5,4.5,4.0,5034.0,7.0,232.82039711191337,1.0,0.0,0,2,9482.2,rush_hour_ew
207.0,193.0,2380.0,2268.0,1.0,1.0,4.5,4.5,5.0,5041.0,7.0,233.19387295389697,1.0,0.0,2,2,9500.0,rush_hour_ew
208.0,190.0,2383.0,2274.0,1.0,1.0,4.5,4.5,0.0,5048.0,7.0,233.5671664167916,1.0,0.0,0,2,9513.0,rush_hour_ew
209.0,191.0,2389.0,2278.0,1.0,1.0,4.5,4.5,0.0,5055.0,12.0,233.9060161628255,1.0,0.0,0,2,9534.0,rush_hour_ew
211.0,191.0,2393.0,2281.0,1.0,1.0,4.5,4.5,0.0,5067.0,9.0,234.35002241817367,1.0,0.0,2,2,9549.0,rush_hour_ew
213.0,192.0,2398.0,2286.0,1.0,1.0,4.5,4.5,0.0,5076.0,13.0,234.65468377088305,1.0,1.0,0,2,3152.0,rush_hour_ew
213.0,192.0,2402.0,2288.0,1.0,1.0,4.5,4.5,1.0,5089.0,6.0,235.06404527852249,1.0,1.0,0,2,3155.8,rush_hour_ew
215.0,192.0,2404.0,2289.0,1.0,1.0,4.5,4.5,2.0,5095.0,5.0,235.47293277810826,1.0,1.0,0,2,3162.1,rush_hour_ew
215.0,193.0,2407.0,2289.0,1.0,1.0,4.5,4.5,3.0,5100.0,4.0,235.95127748068924,1.0,1.0,0,2,3166.4,rush_hour_ew
215.0,194.0,2408.0,2293.0,1.0,1.0,4.5,4.5,4.0,5104.0,6.0,236.35924058142984,1.0,1.0,0,2,3171.7,rush_hour_ew
216.0,196.0,2413.0,2294.0,1.0,1.0,4.5,4.5,5.0,5110.0,9.0,236.69721646431745,1.0,1.0,1,2,3181.5,rush_hour_ew
218.0,197.0,2416.0,2298.0,1.0,1.0,4.5,4.5,0.0,5119.0,10.0,236.93041808243464,1.0,1.0,0,2,3187.0,rush_hour_ew
218.0,198.0,2420.0,2303.0,1.0,1.0,4.5,4.5,0.0,5129.0,10.0,237.338988051335,1.0,1.0,0,2,3193.5,rush_hour_ew
219.0,198.0,2426.0,2308.0,1.0,1.0,4.5,4.5,0.0,5139.0,12.0,237.67810337211014,1.0,1.0,1,2,3201.0,rush_hour_ew
221.0,200.0,2431.0,2311.0,1.0,1.0,4.5,4.5,0.0,5151.0,12.0,238.0177862707629,1.0,0.0,0,2,9694.5,rush_hour_ew
220.0,201.0,2434.0,2317.0,1.0,1.0,4.5,4.5,1.0,5163.0,9.0,238.3575935436537,1.0,0.0,0,2,9713.3,rush_hour_ew
219.0,202.0,2440.0,2322.0,1.0,1.0,4.5,4.5,2.0,5172.0,11.0,238.6279103821936,1.0,0.0,0,2,9736.1,rush_hour_ew
216.0,201.0,2443.0,2325.0,1.0,1.0,4.5,4.5,3.0,5183.0,2.0,239.1770299926847,1.0,0.0,0,2,9746.9,rush_hour_ew
217.0,199.0,2447.0,2329.0,1.0,1.0,4.5,4.5,4.0,5185.0,7.0,239.58612125639152,1.0,0.0,0,2,9763.2,rush_hour_ew
216.0,196.0,2450.0,2334.0,1.0,1.0,4.5,4.5,5.0,5192.0,4.0,240.02961774146485,1.0,0.0,2,2,9778.0,rush_hour_ew
217.0,194.0,2454.0,2338.0,1.0,1.0,4.5,4.5,0.0,5196.0,7.0,240.43793706293707,1.0,0.0,0,2,9789.5,rush_hour_ew
217.0,194.0,2458.0,2342.0,1.0,1.0,4.5,4.5,0.0,5203.0,8.0,240.91632712456345,1.0,0.0,0,2,9805.5,rush_hour_ew
217.0,194.0,2462.0,2347.0,1.0,1.0,4.5,4.5,0.0,5211.0,9.0,241.35983141985176,1.0,0.0,2,2,9823.5,rush_hour_ew
217.0,194.0,2466.0,2352.0,1.0,1.0,4.5,4.5,0.0,5220.0,9.0,241.80348330914367,1.0,1.0,0,2,3231.0,rush_hour_ew
219.0,195.0,2470.0,2352.0,1.0,1.0,4.5,4.5,1.0,5229.0,7.0,242.17678597304737,1.0,1.0,0,2,3239.8,rush_hour_ew
221.0,195.0,2473.0,2354.0,1.0,1.0,4.5,4.5,2.0,5236.0,7.0,242.5148271372776,1.0,1.0,0,2,3247.1,rush_hour_ew
223.0,195.0,2474.0,2357.0,1.0,1.0,4.5,4.5,3.0,5243.0,6.0,242.8525631768953,1.0,1.0,0,2,3253.9,rush_hour_ew
225.0,197.0,2476.0,2360.0,1.0,1.0,4.5,4.5,4.0,5249.0,9.0,243.1553761891035,1.0,1.0,0,2,3265.2,rush_hour_ew
225.0,197.0,2479.0,2363.0,1.0,1.0,4.5,4.5,5.0,5258.0,6.0,243.59809989923707,1.0,1.0,1,2,3269.0,rush_hour_ew
225.0,199.0,2484.0,2364.0,1.0,1.0,4.5,4.5,0.0,5264.0,8.0,243.93562293432964,1.0,1.0,0,2,3272.0,rush_hour_ew
225.0,200.0,2488.0,2367.0,1.0,1.0,4.5,4.5,0.0,5272.0,8.0,244.413377350366,1.0,1.0,0,2,3277.5,rush_hour_ew
225.0,201.0,2493.0,2370.0,1.0,1.0,4.5,4.5,0.0,5280.0,9.0,244.85622133027522,1.0,1.0,1,2,3283.5,rush_hour_ew
225.0,203.0,2496.0,2376.0,1.0,1.0,4.5,4.5,0.0,5289.0,11.0,245.22928295405754,1.0,0.0,0,2,9958.0,rush_hour_ew
223.0,202.0,2502.0,2381.0,1.0,1.0,4.5,4.5,1.0,5300.0,8.0,245.497071846879,1.0,0.0,0,2,9979.3,rush_hour_ew
224.0,201.0,2505.0,2384.0,1.0,1.0,4.5,4.5,2.0,5308.0,6.0,245.97503210158368,1.0,0.0,0,2,9992.1,rush_hour_ew
223.0,200.0,2509.0,2387.0,1.0,1.0,4.5,4.5,3.0,5314.0,5.0,246.41749786263892,1.0,0.0,0,2,10005.9,rush_hour_ew
223.0,201.0,2514.0,2392.0,1.0,1.0,4.5,4.5,4.0,5319.0,11.0,246.71995448727066,1.0,0.0,0,2,10027.2,rush_hour_ew
220.0,201.0,2518.0,2397.0,1.0,1.0,4.5,4.5,5.0,5330.0,6.0,247.12739667660844,1.0,0.0,2,2,10044.5,rush_hour_ew
219.0,200.0,2524.0,2402.0,1.0,1.0,4.5,4.5,0.0,5336.0,9.0,247.42968528494472,1.0,0.0,0,2,10061.5,rush_hour_ew
221.0,200.0,2528.0,2408.0,1.0,1.0,4.5,4.5,0.0,5345.0,12.0,247.76761958675345,1.0,0.0,0,2,10082.5,rush_hour_ew
222.0,200.0,2532.0,2411.0,1.0,1.0,4.5,4.5,0.0,5357.0,8.0,248.24582979926492,1.0,0.0,2,2,10097.0,rush_hour_ew
223.0,201.0,2536.0,2417.0,1.0,1.0,4.5,4.5,0.0,5365.0,12.0,248.58425063505504,1.0,1.0,0,2,3324.5,rush_hour_ew
223.0,202.0,2539.0,2422.0,1.0,1.0,4.5,4.5,1.0,5377.0,9.0,248.92279515356438,1.0,1.0,0,2,3331.3,rush_hour_ew
225.0,204.0,2543.0,2426.0,1.0,1.0,4.5,4.5,2.0,5386.0,12.0,249.1567552368902,1.0,1.0,0,2,3344.1,rush_hour_ew
225.0,206.0,2545.0,2430.0,1.0,1.0,4.5,4.5,3.0,5398.0,8.0,249.53088152723188,1.0,1.0,0,2,3351.9,rush_hour_ew
225.0,206.0,2545.0,2431.0,1.0,1.0,4.5,4.5,4.0,5406.0,1.0,250.04417332772402,1.0,1.0,0,2,3353.2,rush_hour_ew
227.0,207.0,2548.0,2434.0,1.0,1.0,4.5,4.5,5.0,5407.0,9.0,250.38233235335292,1.0,1.0,1,2,3363.0,rush_hour_ew
227.0,207.0,2549.0,2434.0,1.0,1.0,4.5,4.5,0.0,5416.0,1.0,250.92992026856902,1.0,1.0,0,2,3359.5,rush_hour_ew
227.0,208.0,2554.0,2437.0,1.0,1.0,4.5,4.5,0.0,5417.0,9.0,251.3724504051411,1.0,1.0,0,2,3365.5,rush_hour_ew
228.0,208.0,2559.0,2441.0,1.0,1.0,4.5,4.5,0.0,5426.0,10.0,251.78013392857142,1.0,1.0,1,2,3372.0,rush_hour_ew
230.0,208.0,2562.0,2444.0,1.0,1.0,4.5,4.5,0.0,5436.0,8.0,252.25808249721294,1.0,0.0,0,2,10231.0,rush_hour_ew
229.0,205.0,2565.0,2450.0,1.0,1.0,4.5,4.5,1.0,5444.0,5.0,252.6653214583913,1.0,0.0,0,2,10247.8,rush_hour_ew
228.0,204.0,2569.0,2455.0,1.0,1.0,4.5,4.5,2.0,5449.0,7.0,253.00208391219783,1.0,0.0,0,2,10265.6,rush_hour_ew
227.0,204.0,2574.0,2459.0,1.0,1.0,4.5,4.5,3.0,5456.0,8.0,253.40912874583796,1.0,0.0,0,2,10283.9,rush_hour_ew
226.0,203.0,2578.0,2464.0,1.0,1.0,4.5,4.5,4.0,5464.0,7.0,253.71056640354522,1.0,0.0,0,2,10301.7,rush_hour_ew
224.0,204.0,2581.0,2468.0,1.0,1.0,4.5,4.5,5.0,5471.0,6.0,254.11713455953534,1.0,0.0,2,2,10316.0,rush_hour_ew
224.0,204.0,2587.0,2474.0,1.0,1.0,4.5,4.5,0.0,5477.0,12.0,254.34860612751862,1.0,0.0,0,2,10336.0,rush_hour_ew
225.0,206.0,2593.0,2478.0,1.0,1.0,4.5,4.5,0.0,5489.0,13.0,254.65105386416863,1.0,0.0,0,2,10357.5,rush_hour_ew
225.0,206.0,2597.0,2484.0,1.0,1.0,4.5,4.5,0.0,5502.0,10.0,255.05901774659512,1.0,0.0,2,2,10377.5,rush_hour_ew
226.0,206.0,2602.0,2487.0,1.0,1.0,4.5,4.5,0.0,5512.0,9.0,255.50219840615554,1.0,1.0,0,2,3408.5,rush_hour_ew
226.0,207.0,2606.0,2490.0,1.0,1.0,4.5,4.5,1.0,5521.0,8.0,255.8400548696845,1.0,1.0,0,2,3414.8,rush_hour_ew
226.0,209.0,2608.0,2492.0,1.0,1.0,4.5,4.5,2.0,5529.0,6.0,256.17762256915915,1.0,1.0,0,2,3421.6,rush_hour_ew
228.0,209.0,2609.0,2495.0,1.0,1.0,4.5,4.5,3.0,5535.0,6.0,256.549979488582,1.0,1.0,0,2,3428.4,rush_hour_ew
230.0,210.0,2612.0,2500.0,1.0,1.0,4.5,4.5,4.0,5541.0,11.0,256.8525798525799,1.0,1.0,0,2,3439.2,rush_hour_ew
232.0,212.0,2615.0,2505.0,1.0,1.0,4.5,4.5,5.0,5552.0,12.0,257.08568314943466,1.0,1.0,1,2,3452.0,rush_hour_ew
234.0,214.0,2617.0,2509.0,1.0,1.0,4.5,4.5,0.0,5564.0,10.0,257.38917595866195,1.0,1.0,0,2,3459.0,rush_hour_ew
236.0,215.0,2622.0,2512.0,1.0,1.0,4.5,4.5,0.0,5574.0,11.0,257.7630685675492,1.0,1.0,0,2,3469.0,rush_hour_ew
238.0,216.0,2626.0,2516.0,1.0,1.0,4.5,4.5,0.0,5585.0,11.0,258.1373373101952,1.0,1.0,1,2,3479.0,rush_hour_ew
238.0,216.0,2631.0,2519.0,1.0,1.0,4.5,4.5,0.0,5596.0,8.0,258.61660346695555,1.0,0.0,0,2,10527.0,rush_hour_ew
235.0,215.0,2635.0,2524.0,1.0,1.0,4.5,4.5,1.0,5604.0,5.0,258.99039891818796,1.0,0.0,0,2,10543.8,rush_hour_ew
235.0,215.0,2639.0,2529.0,1.0,1.0,4.5,4.5,2.0,5609.0,9.0,259.32928311057105,1.0,0.0,0,2,10562.6,rush_hour_ew
236.0,213.0,2643.0,2534.0,1.0,1.0,4.5,4.5,3.0,5618.0,8.0,259.6681493462731,1.0,0.0,0,2,10580.9,rush_hour_ew
235.0,211.0,2647.0,2538.0,1.0,1.0,4.5,4.5,4.0,5626.0,5.0,260.14662717113237,1.0,0.0,0,2,10596.2,rush_hour_ew
234.0,209.0,2651.0,2541.0,1.0,1.0,4.5,4.5,5.0,5631.0,4.0,260.62461331540015,1.0,0.0,2,2,10609.5,rush_hour_ew
235.0,208.0,2657.0,2547.0,1.0,1.0,4.5,4.5,0.0,5635.0,12.0,260.82284257146694,1.0,0.0,0,2,10629.5,rush_hour_ew
236.0,208.0,2661.0,2553.0,1.0,1.0,4.5,4.5,0.0,5647.0,11.0,261.19659608684,1.0,0.0,0,2,10650.0,rush_hour_ew
237.0,208.0,2666.0,2558.0,1.0,1.0,4.5,4.5,0.0,5658.0,11.0,261.57072126321424,1.0,0.0,2,2,10670.5,rush_hour_ew
237.0,210.0,2671.0,2564.0,1.0,1.0,4.5,4.5,0.0,5669.0,13.0,261.87550093507883,1.0,1.0,0,2,3511.5,rush_hour_ew
237.0,210.0,2672.0,2567.0,1.0,1.0,4.5,4.5,1.0,5682.0,4.0,262.3196797865244,1.0,1.0,0,2,3514.3,rush_hour_ew
237.0,210.0,2675.0,2567.0,1.0,1.0,4.5,4.5,2.0,5686.0,3.0,262.83324446814186,1.0,1.0,0,2,3516.6,rush_hour_ew
237.0,212.0,2677.0,2570.0,1.0,1.0,4.5,4.5,3.0,5689.0,7.0,263.24161341853033,1.0,1.0,0,2,3523.9,rush_hour_ew
239.0,214.0,2680.0,2572.0,1.0,1.0,4.5,4.5,4.0,5696.0,9.0,263.5800106326422,1.0,1.0,0,2,3535.2,rush_hour_ew
240.0,214.0,2681.0,2575.0,1.0,1.0,4.5,4.5,5.0,5705.0,5.0,264.0581518852894,1.0,1.0,1,2,3540.0,rush_hour_ew
242.0,214.0,2684.0,2577.0,1.0,1.0,4.5,4.5,0.0,5710.0,7.0,264.43099562508286,1.0,1.0,0,2,3542.5,rush_hour_ew
243.0,215.0,2687.0,2582.0,1.0,1.0,4.5,4.5,0.0,5717.0,10.0,264.8391367668476,1.0,1.0,0,2,3550.5,rush_hour_ew
244.0,216.0,2693.0,2585.0,1.0,1.0,4.5,4.5,0.0,5727.0,11.0,265.2125859333686,1.0,1.0,1,2,3559.0,rush_hour_ew
246.0,218.0,2699.0,2588.0,1.0,1.0,4.5,4.5,0.0,5738.0,13.0,265.5165632836215,1.0,0.0,0,2,10806.0,rush_hour_ew
245.0,218.0,2703.0,2594.0,1.0,1.0,4.5,4.5,1.0,5751.0,9.0,265.8557122150481,1.0,0.0,0,2,10826.3,rush_hour_ew
246.0,217.0,2708.0,2597.0,1.0,1.0,4.5,4.5,2.0,5760.0,8.0,266.19484278384425,1.0,0.0,0,2,10843.1,rush_hour_ew
246.0,215.0,2714.0,2601.0,1.0,1.0,4.5,4.5,3.0,5768.0,8.0,266.56897004729376,1.0,0.0,0,2,10862.9,rush_hour_ew
244.0,214.0,2720.0,2607.0,1.0,1.0,4.5,4.5,4.0,5776.0,9.0,266.87318032786885,1.0,0.0,0,2,10886.2,rush_hour_ew
243.0,214.0,2723.0,2611.0,1.0,1.0,4.5,4.5,5.0,5785.0,6.0,267.3171338747708,1.0,0.0,2,2,10900.5,rush_hour_ew
240.0,213.0,2728.0,2616.0,1.0,1.0,4.5,4.5,0.0,5791.0,6.0,267.7257980115123,1.0,0.0,0,2,10914.5,rush_hour_ew
241.0,214.0,2732.0,2620.0,1.0,1.0,4.5,4.5,0.0,5797.0,10.0,268.13470081003396,1.0,0.0,0,2,10931.5,rush_hour_ew
243.0,214.0,2738.0,2625.0,1.0,1.0,4.5,4.5,0.0,5807.0,13.0,268.4391548193557,1.0,0.0,2,2,10954.5,rush_hour_ew
244.0,215.0,2741.0,2629.0,1.0,1.0,4.5,4.5,0.0,5820.0,9.0,268.88379364252216,1.0,1.0,0,2,3603.0,rush_hour_ew
245.0,215.0,2744.0,2633.0,1.0,1.0,4.5,4.5,1.0,5829.0,8.0,269.18832097802056,1.0,1.0,0,2,3609.3,rush_hour_ew
247.0,216.0,2749.0,2637.0,1.0,1.0,4.5,4.5,2.0,5837.0,12.0,269.42341640706127,1.0,1.0,0,2,3620.6,rush_hour_ew
249.0,216.0,2753.0,2639.0,1.0,1.0,4.5,4.5,3.0,5849.0,8.0,269.76347848626233,1.0,1.0,0,2,3628.4,rush_hour_ew
249.0,217.0,2757.0,2640.0,1.0,1.0,4.5,4.5,4.0,5857.0,6.0,270.1731814651825,1.0,1.0,0,2,3633.7,rush_hour_ew
250.0,217.0,2762.0,2641.0,1.0,1.0,4.5,4.5,5.0,5863.0,7.0,270.58273009307135,1.0,1.0,1,2,3639.5,rush_hour_ew
252.0,219.0,2764.0,2642.0,1.0,1.0,4.5,4.5,0.0,5870.0,7.0,270.9221734641198,1.0,1.0,0,2,3645.0,rush_hour_ew
252.0,219.0,2768.0,2647.0,1.0,1.0,4.5,4.5,0.0,5877.0,9.0,271.36663658630914,1.0,1.0,0,2,3649.5,rush_hour_ew
254.0,219.0,2774.0,2652.0,1.0,1.0,4.5,4.5,0.0,5886.0,13.0,271.6718146718147,1.0,1.0,1,2,3659.0,rush_hour_ew
255.0,220.0,2777.0,2658.0,1.0,1.0,4.5,4.5,0.0,5899.0,11.0,272.04729469219893,1.0,0.0,0,2,11107.5,rush_hour_ew
253.0,218.0,2782.0,2663.0,1.0,1.0,4.5,4.5,1.0,5910.0,6.0,272.45745090489027,1.0,0.0,0,2,11126.3,rush_hour_ew
251.0,217.0,2788.0,2668.0,1.0,1.0,4.5,4.5,2.0,5916.0,8.0,272.76268580215276,1.0,0.0,0,2,11147.6,rush_hour_ew
248.0,215.0,2793.0,2673.0,1.0,1.0,4.5,4.5,3.0,5924.0,5.0,273.1723829024827,1.0,0.0,0,2,11165.9,rush_hour_ew
248.0,212.0,2799.0,2677.0,1.0,1.0,4.5,4.5,4.0,5929.0,7.0,273.5120112445694,1.0,0.0,0,2,11185.2,rush_hour_ew
249.0,211.0,2804.0,2683.0,1.0,1.0,4.5,4.5,5.0,5936.0,11.0,273.81706850363565,1.0,0.0,2,2,11208.0,rush_hour_ew
248.0,211.0,2809.0,2686.0,1.0,1.0,4.5,4.5,0.0,5947.0,7.0,274.19184713375796,1.0,0.0,0,2,11219.5,rush_hour_ew
248.0,213.0,2814.0,2690.0,1.0,1.0,4.5,4.5,0.0,5954.0,11.0,274.5669762116779,1.0,0.0,0,2,11238.5,rush_hour_ew
250.0,214.0,2819.0,2696.0,1.0,1.0,4.5,4.5,0.0,5965.0,14.0,274.83809523809526,1.0,0.0,2,2,11262.0,rush_hour_ew
252.0,215.0,2823.0,2699.0,1.0,1.0,4.5,4.5,0.0,5979.0,10.0,275.24908053265693,1.0,1.0,0,2,3695.0,rush_hour_ew
253.0,217.0,2826.0,2700.0,1.0,1.0,4.5,4.5,1.0,5989.0,7.0,275.5900975053818,1.0,1.0,0,2,3703.8,rush_hour_ew
255.0,217.0,2827.0,2701.0,1.0,1.0,4.5,4.5,2.0,5996.0,4.0,276.03528965342775,1.0,1.0,0,2,3709.6,rush_hour_ew
255.0,218.0,2831.0,2702.0,1.0,1.0,4.5,4.5,3.0,6000.0,6.0,276.4453006568974,1.0,1.0,0,2,3714.9,rush_hour_ew
257.0,220.0,2835.0,2704.0,1.0,1.0,4.5,4.5,4.0,6006.0,10.0,276.75078824568044,1.0,1.0,0,2,3726.7,rush_hour_ew
258.0,222.0,2839.0,2707.0,1.0,1.0,4.5,4.5,5.0,6016.0,10.0,277.0565348778645,1.0,1.0,1,2,3737.0,rush_hour_ew
258.0,223.0,2842.0,2708.0,1.0,1.0,4.5,4.5,0.0,6026.0,5.0,277.46654929577466,1.0,1.0,0,2,3737.0,rush_hour_ew
260.0,224.0,2848.0,2713.0,1.0,1.0,4.5,4.5,0.0,6031.0,14.0,277.7377604820487,1.0,1.0,0,2,3748.5,rush_hour_ew
261.0,225.0,2852.0,2719.0,1.0,1.0,4.5,4.5,0.0,6045.0,12.0,278.079217849085,1.0,1.0,1,2,3757.5,rush_hour_ew
261.0,226.0,2855.0,2724.0,1.0,1.0,4.5,4.5,0.0,6057.0,9.0,278.5253536997621,1.0,0.0,0,2,11401.5,rush_hour_ew
260.0,224.0,2858.0,2729.0,1.0,1.0,4.5,4.5,1.0,6066.0,5.0,278.9013503375844,1.0,0.0,0,2,11416.8,rush_hour_ew
261.0,224.0,2861.0,2732.0,1.0,1.0,4.5,4.5,2.0,6071.0,7.0,279.31206293706293,1.0,0.0,0,2,11430.1,rush_hour_ew
261.0,223.0,2865.0,2735.0,1.0,1.0,4.5,4.5,3.0,6078.0,6.0,279.7224993764031,1.0,0.0,0,2,11444.4,rush_hour_ew
259.0,221.0,2868.0,2741.0,1.0,1.0,4.5,4.5,4.0,6084.0,5.0,280.0976460331299,1.0,0.0,0,2,11461.2,rush_hour_ew
258.0,219.0,2873.0,2745.0,1.0,1.0,4.5,4.5,5.0,6089.0,6.0,280.50740141808683,1.0,0.0,2,2,11478.5,rush_hour_ew
258.0,216.0,2878.0,2748.0,1.0,1.0,4.5,4.5,0.0,6095.0,5.0,280.95166500994037,1.0,0.0,0,2,11489.0,rush_hour_ew
258.0,217.0,2883.0,2754.0,1.0,1.0,4.5,4.5,0.0,6100.0,12.0,281.29168734491316,1.0,0.0,0,2,11511.5,rush_hour_ew
260.0,219.0,2887.0,2758.0,1.0,1.0,4.5,4.5,0.0,6112.0,12.0,281.6321853320119,1.0,0.0,2,2,11529.5,rush_hour_ew
260.0,220.0,2893.0,2764.0,1.0,1.0,4.5,4.5,0.0,6124.0,13.0,281.9384044526902,1.0,1.0,0,2,3788.5,rush_hour_ew
262.0,220.0,2894.0,2767.0,1.0,1.0,4.5,4.5,1.0,6137.0,6.0,282.3141057312253,1.0,1.0,0,2,3795.3,rush_hour_ew
262.0,222.0,2895.0,2770.0,1.0,1.0,4.5,4.5,2.0,6143.0,6.0,282.72440167776955,1.0,1.0,0,2,3802.1,rush_hour_ew
263.0,223.0,2900.0,2772.0,1.0,1.0,4.5,4.5,3.0,6149.0,9.0,283.0301761300653,1.0,1.0,0,2,3810.4,rush_hour_ew
263.0,225.0,2904.0,2777.0,1.0,1.0,4.5,4.5,4.0,6158.0,11.0,283.30148776589203,1.0,1.0,0,2,3819.7,rush_hour_ew
265.0,226.0,2905.0,2782.0,1.0,1.0,4.5,4.5,5.0,6169.0,9.0,283.64260282381827,1.0,1.0,1,2,3829.5,rush_hour_ew
267.0,227.0,2906.0,2786.0,1.0,1.0,4.5,4.5,0.0,6178.0,8.0,283.9836949859017,1.0,1.0,0,2,3834.0,rush_hour_ew
269.0,229.0,2912.0,2792.0,1.0,1.0,4.5,4.5,0.0,6186.0,16.0,284.1865899914352,1.0,1.0,0,2,3848.0,rush_hour_ew
269.0,231.0,2917.0,2797.0,1.0,1.0,4.5,4.5,0.0,6202.0,12.0,284.5291386682957,1.0,1.0,1,2,3857.0,rush_hour_ew
269.0,233.0,2922.0,2801.0,1.0,1.0,4.5,4.5,0.0,6214.0,11.0,284.90678379697414,1.0,0.0,0,2,11697.0,rush_hour_ew
267.0,230.0,2928.0,2804.0,1.0,1.0,4.5,4.5,1.0,6225.0,4.0,285.35344302254725,1.0,0.0,0,2,11713.3,rush_hour_ew
266.0,228.0,2931.0,2810.0,1.0,1.0,4.5,4.5,2.0,6229.0,6.0,285.6955093099671,1.0,0.0,0,2,11730.6,rush_hour_ew
266.0,227.0,2937.0,2816.0,1.0,1.0,4.5,4.5,3.0,6235.0,11.0,286.00315917375457,1.0,0.0,0,2,11754.9,rush_hour_ew
263.0,224.0,2943.0,2820.0,1.0,1.0,4.5,4.5,4.0,6246.0,4.0,286.4145631067961,1.0,0.0,0,2,11772.7,rush_hour_ew
260.0,222.0,2947.0,2824.0,1.0,1.0,4.5,4.5,5.0,6250.0,3.0,286.86010425506123,1.0,0.0,2,2,11787.0,rush_hour_ew
259.0,221.0,2951.0,2830.0,1.0,1.0,4.5,4.5,0.0,6253.0,8.0,287.2013073477787,1.0,0.0,0,2,11802.0,rush_hour_ew
259.0,222.0,2956.0,2834.0,1.0,1.0,4.5,4.5,0.0,6261.0,10.0,287.6122597025753,1.0,0.0,0,2,11820.5,rush_hour_ew
259.0,223.0,2959.0,2840.0,1.0,1.0,4.5,4.5,0.0,6271.0,10.0,288.0234271223282,1.0,0.0,2,2,11839.0,rush_hour_ew
261.0,223.0,2965.0,2845.0,1.0,1.0,4.5,4.5,0.0,6281.0,13.0,288.3308415722209,1.0,1.0,0,2,3873.0,rush_hour_ew
263.0,224.0,2966.0,2849.0,1.0,1.0,4.5,4.5,1.0,6294.0,8.0,288.63825689177804,1.0,1.0,0,2,3882.3,rush_hour_ew
263.0,224.0,2969.0,2850.0,1.0,1.0,4.5,4.5,2.0,6302.0,4.0,289.1189416716777,1.0,1.0,0,2,3885.1,rush_hour_ew
263.0,225.0,2973.0,2851.0,1.0,1.0,4.5,4.5,3.0,6306.0,6.0,289.56463238827484,1.0,1.0,0,2,3890.4,rush_hour_ew
264.0,227.0,2978.0,2855.0,1.0,1.0,4.5,4.5,4.0,6312.0,12.0,289.802134548507,1.0,1.0,0,2,3901.7,rush_hour_ew
266.0,227.0,2978.0,2858.0,1.0,1.0,4.5,4.5,5.0,6324.0,5.0,290.21307941070785,1.0,1.0,1,2,3908.0,rush_hour_ew
266.0,227.0,2980.0,2860.0,1.0,1.0,4.5,4.5,0.0,6329.0,4.0,290.62351955975595,1.0,1.0,0,2,3906.0,rush_hour_ew
266.0,228.0,2984.0,2865.0,1.0,1.0,4.5,4.5,0.0,6333.0,10.0,291.03417373640815,1.0,1.0,0,2,3912.5,rush_hour_ew
268.0,228.0,2987.0,2869.0,1.0,1.0,4.5,4.5,0.0,6343.0,9.0,291.4797087610408,1.0,1.0,1,2,3920.0,rush_hour_ew
270.0,230.0,2990.0,2875.0,1.0,1.0,4.5,4.5,0.0,6352.0,13.0,291.7866762006912,1.0,0.0,0,2,11980.0,rush_hour_ew
270.0,229.0,2993.0,2881.0,1.0,1.0,4.5,4.5,1.0,6365.0,8.0,292.0936458829129,1.0,0.0,0,2,11998.3,rush_hour_ew
267.0,229.0,2999.0,2886.0,1.0,1.0,4.5,4.5,2.0,6373.0,8.0,292.43536121673003,1.0,0.0,0,2,12019.6,rush_hour_ew
268.0,227.0,3004.0,2889.0,1.0,1.0,4.5,4.5,3.0,6381.0,7.0,292.84642772371234,1.0,0.0,0,2,12035.9,rush_hour_ew
268.0,227.0,3008.0,2892.0,1.0,1.0,4.5,4.5,4.0,6388.0,7.0,293.2573494547179,1.0,0.0,0,2,12050.7,rush_hour_ew
266.0,227.0,3011.0,2895.0,1.0,1.0,4.5,4.5,5.0,6395.0,4.0,293.77211891507756,1.0,0.0,2,2,12062.5,rush_hour_ew
267.0,225.0,3017.0,2900.0,1.0,1.0,4.5,4.5,0.0,6399.0,10.0,294.07840586565754,1.0,0.0,0,2,12080.0,rush_hour_ew
267.0,225.0,3020.0,2903.0,1.0,1.0,4.5,4.5,0.0,6409.0,6.0,294.6279839281494,1.0,0.0,0,2,12092.0,rush_hour_ew
269.0,227.0,3023.0,2909.0,1.0,1.0,4.5,4.5,0.0,6415.0,13.0,294.93451327433627,1.0,0.0,2,2,12112.0,rush_hour_ew
269.0,228.0,3027.0,2913.0,1.0,1.0,4.5,4.5,0.0,6428.0,9.0,295.3803630363036,1.0,1.0,0,2,3964.0,rush_hour_ew
271.0,229.0,3029.0,2915.0,1.0,1.0,4.5,4.5,1.0,6437.0,7.0,295.7216337099812,1.0,1.0,0,2,3972.8,rush_hour_ew
272.0,229.0,3031.0,2918.0,1.0,1.0,4.5,4.5,2.0,6444.0,6.0,296.1322595814719,1.0,1.0,0,2,3978.1,rush_hour_ew
274.0,231.0,3033.0,2919.0,1.0,1.0,4.5,4.5,3.0,6450.0,7.0,296.4383143561451,1.0,1.0,0,2,3988.4,rush_hour_ew
275.0,233.0,3037.0,2920.0,1.0,1.0,4.5,4.5,4.0,6457.0,8.0,296.8139507620164,1.0,1.0,0,2,3997.7,rush_hour_ew
277.0,233.0,3040.0,2920.0,1.0,1.0,4.5,4.5,5.0,6465.0,5.0,297.1892050111228,1.0,1.0,1,2,4004.0,rush_hour_ew
278.0,233.0,3042.0,2924.0,1.0,1.0,4.5,4.5,0.0,6470.0,7.0,297.5643124415341,1.0,1.0,0,2,4005.0,rush_hour_ew
278.0,233.0,3045.0,2928.0,1.0,1.0,4.5,4.5,0.0,6477.0,7.0,298.07851384507535,1.0,1.0,0,2,4008.5,rush_hour_ew
278.0,233.0,3048.0,2934.0,1.0,1.0,4.5,4.5,0.0,6484.0,9.0,298.5232259570495,1.0,1.0,1,2,4013.0,rush_hour_ew
278.0,235.0,3052.0,2940.0,1.0,1.0,4.5,4.5,0.0,6493.0,12.0,298.8638694638695,1.0,0.0,0,2,12240.5,rush_hour_ew
276.0,236.0,3057.0,2945.0,1.0,1.0,4.5,4.5,1.0,6505.0,9.0,299.2046089385475,1.0,0.0,0,2,12260.8,rush_hour_ew
274.0,236.0,3063.0,2949.0,1.0,1.0,4.5,4.5,2.0,6514.0,8.0,299.510517141197,1.0,0.0,0,2,12280.6,rush_hour_ew
274.0,237.0,3069.0,2952.0,1.0,1.0,4.5,4.5,3.0,6522.0,10.0,299.8514564233492,1.0,0.0,0,2,12299.9,rush_hour_ew
272.0,238.0,3074.0,2956.0,1.0,1.0,4.5,4.5,4.0,6532.0,8.0,300.22716736207695,1.0,0.0,0,2,12318.2,rush_hour_ew
271.0,238.0,3078.0,2962.0,1.0,1.0,4.5,4.5,5.0,6540.0,9.0,300.5333873394283,1.0,0.0,2,2,12338.5,rush_hour_ew
271.0,236.0,3082.0,2966.0,1.0,1.0,4.5,4.5,0.0,6549.0,6.0,300.9437059299503,1.0,0.0,0,2,12349.5,rush_hour_ew
271.0,236.0,3086.0,2971.0,1.0,1.0,4.5,4.5,0.0,6555.0,9.0,301.3889145496536,1.0,0.0,0,2,12367.5,rush_hour_ew
273.0,237.0,3092.0,2974.0,1.0,1.0,4.5,4.5,0.0,6564.0,12.0,301.7301660516605,1.0,0.0,2,2,12387.0,rush_hour_ew
273.0,239.0,3098.0,2980.0,1.0,1.0,4.5,4.5,0.0,6576.0,14.0,302.0025328114207,1.0,1.0,0,2,4063.0,rush_hour_ew
273.0,239.0,3101.0,2982.0,1.0,1.0,4.5,4.5,1.0,6590.0,5.0,302.4484186313974,1.0,1.0,0,2,4066.3,rush_hour_ew
273.0,241.0,3104.0,2983.0,1.0,1.0,4.5,4.5,2.0,6595.0,6.0,302.8592762780012,1.0,1.0,0,2,4073.1,rush_hour_ew
273.0,243.0,3107.0,2987.0,1.0,1.0,4.5,4.5,3.0,6601.0,9.0,303.16586373021335,1.0,1.0,0,2,4081.4,rush_hour_ew
275.0,245.0,3111.0,2989.0,1.0,1.0,4.5,4.5,4.0,6610.0,10.0,303.4031833276079,1.0,1.0,0,2,4093.2,rush_hour_ew
275.0,245.0,3114.0,2991.0,1.0,1.0,4.5,4.5,5.0,6620.0,5.0,303.7791628545288,1.0,1.0,1,2,4096.5,rush_hour_ew
275.0,245.0,3117.0,2996.0,1.0,1.0,4.5,4.5,0.0,6625.0,8.0,304.1551113649343,1.0,1.0,0,2,4096.5,rush_hour_ew
277.0,246.0,3122.0,3002.0,1.0,1.0,4.5,4.5,0.0,6633.0,14.0,304.4275287946174,1.0,1.0,0,2,4108.0,rush_hour_ew
278.0,246.0,3126.0,3006.0,1.0,1.0,4.5,4.5,0.0,6647.0,9.0,304.873661426293,1.0,1.0,1,2,4114.0,rush_hour_ew
278.0,247.0,3129.0,3012.0,1.0,1.0,4.5,4.5,0.0,6656.0,10.0,305.2852753755121,1.0,0.0,0,2,12544.5,rush_hour_ew
276.0,247.0,3135.0,3017.0,1.0,1.0,4.5,4.5,1.0,6666.0,9.0,305.5927735484604,1.0,0.0,0,2,12566.3,rush_hour_ew
273.0,247.0,3140.0,3023.0,1.0,1.0,4.5,4.5,2.0,6675.0,8.0,305.9349824123454,1.0,0.0,0,2,12587.6,rush_hour_ew
272.0,246.0,3143.0,3028.0,1.0,1.0,4.5,4.5,3.0,6683.0,6.0,306.3463674487136,1.0,0.0,0,2,12603.4,rush_hour_ew
272.0,244.0,3147.0,3032.0,1.0,1.0,4.5,4.5,4.0,6689.0,6.0,306.72277563957437,1.0,0.0,0,2,12619.2,rush_hour_ew
272.0,242.0,3150.0,3038.0,1.0,1.0,4.5,4.5,5.0,6695.0,7.0,307.0990390050876,1.0,0.0,2,2,12637.0,rush_hour_ew
271.0,241.0,3156.0,3042.0,1.0,1.0,4.5,4.5,0.0,6702.0,8.0,307.47527100271003,1.0,0.0,0,2,12652.0,rush_hour_ew
272.0,243.0,3160.0,3046.0,1.0,1.0,4.5,4.5,0.0,6710.0,11.0,307.85181008232775,1.0,0.0,0,2,12669.5,rush_hour_ew
272.0,244.0,3166.0,3052.0,1.0,1.0,4.5,4.5,0.0,6721.0,13.0,308.15945945945947,1.0,0.0,2,2,12694.0,rush_hour_ew
274.0,246.0,3172.0,3058.0,1.0,1.0,4.5,4.5,0.0,6734.0,16.0,308.36398381294964,1.0,1.0,0,2,4155.0,rush_hour_ew
275.0,248.0,3174.0,3062.0,1.0,1.0,4.5,4.5,1.0,6750.0,9.0,308.70734171531205,1.0,1.0,0,2,4164.8,rush_hour_ew
276.0,248.0,3175.0,3066.0,1.0,1.0,4.5,4.5,2.0,6759.0,6.0,309.11975779322717,1.0,1.0,0,2,4170.1,rush_hour_ew
276.0,250.0,3179.0,3068.0,1.0,1.0,4.5,4.5,3.0,6765.0,8.0,309.4974801209542,1.0,1.0,0,2,4177.9,rush_hour_ew
276.0,252.0,3182.0,3070.0,1.0,1.0,4.5,4.5,4.0,6773.0,7.0,309.94439471917656,1.0,1.0,0,2,4185.2,rush_hour_ew
277.0,252.0,3184.0,3071.0,1.0,1.0,4.5,4.5,5.0,6780.0,4.0,310.4602571268865,1.0,1.0,1,2,4189.5,rush_hour_ew
278.0,252.0,3189.0,3074.0,1.0,1.0,4.5,4.5,0.0,6784.0,9.0,310.76802857780757,1.0,1.0,0,2,4191.5,rush_hour_ew
280.0,254.0,3192.0,3079.0,1.0,1.0,4.5,4.5,0.0,6793.0,12.0,311.1109253065775,1.0,1.0,0,2,4203.5,rush_hour_ew
282.0,256.0,3196.0,3082.0,1.0,1.0,4.5,4.5,0.0,6805.0,11.0,311.4888097093865,1.0,1.0,1,2,4215.0,rush_hour_ew
283.0,258.0,3199.0,3086.0,1.0,1.0,4.5,4.5,0.0,6816.0,10.0,311.90156823490156,1.0,0.0,0,2,12840.5,rush_hour_ew
281.0,255.0,3202.0,3090.0,1.0,1.0,4.5,4.5,1.0,6826.0,2.0,312.3830425602845,1.0,0.0,0,2,12852.8,rush_hour_ew
281.0,255.0,3206.0,3096.0,1.0,1.0,4.5,4.5,2.0,6828.0,10.0,312.7258905781822,1.0,0.0,0,2,12873.6,rush_hour_ew
280.0,255.0,3212.0,3101.0,1.0,1.0,4.5,4.5,3.0,6838.0,10.0,312.9648792377576,1.0,0.0,0,2,12895.9,rush_hour_ew
280.0,253.0,3216.0,3106.0,1.0,1.0,4.5,4.5,4.0,6848.0,7.0,313.3771580345286,1.0,0.0,0,2,12913.7,rush_hour_ew
279.0,254.0,3220.0,3109.0,1.0,1.0,4.5,4.5,5.0,6855.0,7.0,313.75461478943294,1.0,0.0,2,2,12928.5,rush_hour_ew
276.0,253.0,3224.0,3112.0,1.0,1.0,4.5,4.5,0.0,6862.0,3.0,314.23556046383214,1.0,0.0,0,2,12936.5,rush_hour_ew
277.0,254.0,3227.0,3117.0,1.0,1.0,4.5,4.5,0.0,6865.0,10.0,314.6473248758963,1.0,0.0,0,2,12953.5,rush_hour_ew
279.0,256.0,3233.0,3121.0,1.0,1.0,4.5,4.5,0.0,6875.0,14.0,314.92091640048466,1.0,0.0,2,2,12975.5,rush_hour_ew
281.0,258.0,3236.0,3126.0,1.0,1.0,4.5,4.5,0.0,6889.0,12.0,315.2643273567264,1.0,1.0,0,2,4259.0,rush_hour_ew
282.0,260.0,3239.0,3127.0,1.0,1.0,4.5,4.5,1.0,6901.0,7.0,315.6769585759807,1.0,1.0,0,2,4267.8,rush_hour_ew
284.0,261.0,3241.0,3127.0,1.0,1.0,4.5,4.5,2.0,6908.0,5.0,316.0892327955219,1.0,1.0,0,2,4275.6,rush_hour_ew
285.0,262.0,3241.0,3131.0,1.0,1.0,4.5,4.5,3.0,6913.0,6.0,316.46656434992326,1.0,1.0,0,2,4282.4,rush_hour_ew
286.0,262.0,3244.0,3133.0,1.0,1.0,4.5,4.5,4.0,6919.0,6.0,316.9130434782609,1.0,1.0,0,2,4287.7,rush_hour_ew
287.0,263.0,3246.0,3135.0,1.0,1.0,4.5,4.5,5.0,6925.0,6.0,317.32458155562847,1.0,1.0,1,2,4294.5,rush_hour_ew
288.0,263.0,3247.0,3136.0,1.0,1.0,4.5,4.5,0.0,6931.0,3.0,317.805006011586,1.0,1.0,0,2,4293.5,rush_hour_ew
290.0,264.0,3253.0,3139.0,1.0,1.0,4.5,4.5,0.0,6934.0,12.0,318.1469271913547,1.0,1.0,0,2,4304.0,rush_hour_ew
290.0,264.0,3259.0,3145.0,1.0,1.0,4.5,4.5,0.0,6946.0,12.0,318.4892619644609,1.0,1.0,1,2,4310.0,rush_hour_ew
291.0,264.0,3263.0,3148.0,1.0,1.0,4.5,4.5,0.0,6958.0,8.0,318.9704825182442,1.0,0.0,0,2,13099.5,rush_hour_ew
290.0,264.0,3266.0,3152.0,1.0,1.0,4.5,4.5,1.0,6966.0,6.0,319.41675734494015,1.0,0.0,0,2,13113.8,rush_hour_ew
291.0,263.0,3270.0,3155.0,1.0,1.0,4.5,4.5,2.0,6972.0,7.0,319.7933920226062,1.0,0.0,0,2,13128.6,rush_hour_ew
289.0,263.0,3273.0,3159.0,1.0,1.0,4.5,4.5,3.0,6979.0,5.0,320.20442948648355,1.0,0.0,0,2,13142.4,rush_hour_ew
288.0,261.0,3279.0,3162.0,1.0,1.0,4.5,4.5,4.0,6984.0,6.0,320.65,1.0,0.0,0,2,13159.7,rush_hour_ew
288.0,259.0,3284.0,3167.0,1.0,1.0,4.5,4.5,5.0,6990.0,8.0,320.991226169844,1.0,0.0,2,2,13179.5,rush_hour_ew
287.0,259.0,3287.0,3172.0,1.0,1.0,4.5,4.5,0.0,6998.0,7.0,321.36708860759495,1.0,0.0,0,2,13191.0,rush_hour_ew
287.0,260.0,3293.0,3176.0,1.0,1.0,4.5,4.5,0.0,7005.0,11.0,321.743246163821,1.0,0.0,0,2,13211.5,rush_hour_ew
287.0,261.0,3296.0,3179.0,1.0,1.0,4.5,4.5,0.0,7016.0,7.0,322.25839542166074,1.0,0.0,2,2,13224.0,rush_hour_ew
289.0,262.0,3302.0,3184.0,1.0,1.0,4.5,4.5,0.0,7023.0,14.0,322.53067385444746,1.0,1.0,0,2,4345.0,rush_hour_ew
289.0,264.0,3302.0,3189.0,1.0,1.0,4.5,4.5,1.0,7037.0,7.0,322.9071720870127,1.0,1.0,0,2,4352.3,rush_hour_ew
291.0,266.0,3305.0,3189.0,1.0,1.0,4.5,4.5,2.0,7044.0,7.0,323.24876317487633,1.0,1.0,0,2,4362.6,rush_hour_ew
291.0,268.0,3308.0,3192.0,1.0,1.0,4.5,4.5,3.0,7051.0,8.0,323.62509399505853,1.0,1.0,0,2,4370.4,rush_hour_ew
292.0,269.0,3311.0,3194.0,1.0,1.0,4.5,4.5,4.0,7059.0,7.0,324.00128755364807,1.0,1.0,0,2,4377.7,rush_hour_ew
292.0,271.0,3314.0,3195.0,1.0,1.0,4.5,4.5,5.0,7066.0,6.0,324.41200428724545,1.0,1.0,1,2,4384.5,rush_hour_ew
294.0,273.0,3315.0,3196.0,1.0,1.0,4.5,4.5,0.0,7072.0,6.0,324.82248394004284,1.0,1.0,0,2,4389.5,rush_hour_ew
295.0,274.0,3321.0,3201.0,1.0,1.0,4.5,4.5,0.0,7078.0,13.0,325.12915642039985,1.0,1.0,0,2,4399.0,rush_hour_ew
295.0,276.0,3324.0,3207.0,1.0,1.0,4.5,4.5,0.0,7091.0,11.0,325.5056599743699,1.0,1.0,1,2,4407.5,rush_hour_ew
295.0,278.0,3330.0,3213.0,1.0,1.0,4.5,4.5,0.0,7102.0,14.0,325.77852420558753,1.0,0.0,0,2,13372.5,rush_hour_ew
292.0,277.0,3335.0,3216.0,1.0,1.0,4.5,4.5,1.0,7116.0,4.0,326.25942893671424,1.0,0.0,0,2,13387.3,rush_hour_ew
290.0,278.0,3340.0,3221.0,1.0,1.0,4.5,4.5,2.0,7120.0,9.0,326.60140455416047,1.0,0.0,0,2,13407.6,rush_hour_ew
289.0,276.0,3343.0,3225.0,1.0,1.0,4.5,4.5,3.0,7129.0,4.0,327.0124362244898,1.0,0.0,0,2,13420.9,rush_hour_ew
288.0,275.0,3347.0,3228.0,1.0,1.0,4.5,4.5,4.0,7133.0,5.0,327.45789529574176,1.0,0.0,0,2,13434.7,rush_hour_ew
289.0,272.0,3353.0,3234.0,1.0,1.0,4.5,4.5,5.0,7138.0,10.0,327.7297211324356,1.0,0.0,2,2,13458.5,rush_hour_ew
288.0,269.0,3357.0,3239.0,1.0,1.0,4.5,4.5,0.0,7148.0,5.0,328.1054861258208,1.0,0.0,0,2,13470.5,rush_hour_ew
289.0,271.0,3362.0,3242.0,1.0,1.0,4.5,4.5,0.0,7153.0,11.0,328.48154025177195,1.0,0.0,0,2,13488.0,rush_hour_ew
291.0,272.0,3365.0,3246.0,1.0,1.0,4.5,4.5,0.0,7164.0,10.0,328.8925287963648,1.0,0.0,2,2,13503.5,rush_hour_ew
292.0,273.0,3369.0,3251.0,1.0,1.0,4.5,4.5,0.0,7174.0,11.0,329.26905214270636,1.0,1.0,0,2,4440.0,rush_hour_ew
292.0,274.0,3371.0,3254.0,1.0,1.0,4.5,4.5,1.0,7185.0,6.0,329.61058401855365,1.0,1.0,0,2,4445.3,rush_hour_ew
292.0,274.0,3372.0,3257.0,1.0,1.0,4.5,4.5,2.0,7191.0,4.0,330.0559241706161,1.0,1.0,0,2,4448.1,rush_hour_ew
292.0,274.0,3372.0,3259.0,1.0,1.0,4.5,4.5,3.0,7195.0,2.0,330.57019574826353,1.0,1.0,0,2,4449.9,rush_hour_ew
293.0,275.0,3373.0,3260.0,1.0,1.0,4.5,4.5,4.0,7197.0,4.0,331.049316508938,1.0,1.0,0,2,4455.7,rush_hour_ew
293.0,277.0,3376.0,3262.0,1.0,1.0,4.5,4.5,5.0,7201.0,7.0,331.42390505199035,1.0,1.0,0,2,4463.0,rush_hour_ew
293.0,279.0,3376.0,3262.0,1.0,1.0,4.5,4.5,6.0,7208.0,2.0,331.9022982474551,1.0,1.0,1,2,4467.8,rush_hour_ew
295.0,281.0,3380.0,3265.0,1.0,1.0,4.5,4.5,0.0,7210.0,11.0,332.2068748690002,1.0,1.0,0,2,4474.5,rush_hour_ew
295.0,283.0,3384.0,3271.0,1.0,1.0,4.5,4.5,0.0,7221.0,12.0,332.5466820180029,1.0,1.0,0,2,4483.5,rush_hour_ew
296.0,283.0,3387.0,3276.0,1.0,1.0,4.5,4.5,0.0,7233.0,9.0,332.99100700616964,1.0,1.0,1,2,4489.5,rush_hour_ew
298.0,284.0,3392.0,3279.0,1.0,1.0,4.5,4.5,0.0,7242.0,11.0,333.3659912262377,1.0,0.0,0,2,13633.0,rush_hour_ew
298.0,281.0,3398.0,3283.0,1.0,1.0,4.5,4.5,1.0,7253.0,7.0,333.74084507042255,1.0,0.0,0,2,13652.3,rush_hour_ew
296.0,279.0,3404.0,3286.0,1.0,1.0,4.5,4.5,2.0,7260.0,5.0,334.18501146549926,1.0,0.0,0,2,13669.1,rush_hour_ew
297.0,279.0,3408.0,3290.0,1.0,1.0,4.5,4.5,3.0,7265.0,9.0,334.5247761815532,1.0,0.0,0,2,13686.4,rush_hour_ew
295.0,279.0,3414.0,3293.0,1.0,1.0,4.5,4.5,4.0,7274.0,7.0,334.8992409275242,1.0,0.0,0,2,13704.2,rush_hour_ew
294.0,277.0,3419.0,3298.0,1.0,1.0,4.5,4.5,5.0,7281.0,7.0,335.238757918787,1.0,0.0,2,2,13723.5,rush_hour_ew
295.0,275.0,3423.0,3302.0,1.0,1.0,4.5,4.5,0.0,7288.0,7.0,335.6477850399419,1.0,0.0,0,2,13735.0,rush_hour_ew
295.0,276.0,3429.0,3305.0,1.0,1.0,4.5,4.5,0.0,7295.0,10.0,336.05700072546375,1.0,0.0,0,2,13753.5,rush_hour_ew
297.0,278.0,3434.0,3309.0,1.0,1.0,4.5,4.5,0.0,7305.0,13.0,336.3622438418547,1.0,0.0,2,2,13773.5,rush_hour_ew
299.0,279.0,3440.0,3315.0,1.0,1.0,4.5,4.5,0.0,7318.0,15.0,336.59863594089074,1.0,1.0,0,2,4533.5,rush_hour_ew
300.0,280.0,3443.0,3320.0,1.0,1.0,4.5,4.5,1.0,7333.0,10.0,336.9396222520384,1.0,1.0,0,2,4542.3,rush_hour_ew
301.0,282.0,3447.0,3322.0,1.0,1.0,4.5,4.5,2.0,7343.0,9.0,337.28069271209154,1.0,1.0,0,2,4552.1,rush_hour_ew
301.0,282.0,3450.0,3322.0,1.0,1.0,4.5,4.5,3.0,7352.0,3.0,337.7255406797116,1.0,1.0,0,2,4554.4,rush_hour_ew
302.0,282.0,3452.0,3324.0,1.0,1.0,4.5,4.5,4.0,7355.0,5.0,338.1352880658436,1.0,1.0,0,2,4559.2,rush_hour_ew
303.0,282.0,3453.0,3328.0,1.0,1.0,4.5,4.5,5.0,7360.0,6.0,338.51001952522864,1.0,1.0,0,2,4564.5,rush_hour_ew
303.0,283.0,3455.0,3333.0,1.0,1.0,4.5,4.5,6.0,7366.0,8.0,338.9195154501591,1.0,1.0,0,2,4570.8,rush_hour_ew
304.0,284.0,3458.0,3337.0,1.0,1.0,4.5,4.5,7.0,7374.0,9.0,339.25950989439144,1.0,1.0,0,2,4579.1,rush_hour_ew
304.0,284.0,3459.0,3342.0,1.0,1.0,4.5,4.5,8.0,7383.0,6.0,339.7036467936898,1.0,1.0,0,2,4582.9,rush_hour_ew
306.0,286.0,3461.0,3342.0,1.0,1.0,4.5,4.5,9.0,7389.0,6.0,340.11277118297176,1.0,1.0,1,2,4592.7,rush_hour_ew
306.0,288.0,3463.0,3343.0,1.0,1.0,4.5,4.5,0.0,7395.0,5.0,340.55638482772724,1.0,1.0,0,2,4591.0,rush_hour_ew
306.0,290.0,3466.0,3347.0,1.0,1.0,4.5,4.5,0.0,7400.0,9.0,341.00010214504596,1.0,1.0,0,2,4598.5,rush_hour_ew
307.0,290.0,3469.0,3352.0,1.0,1.0,4.5,4.5,0.0,7409.0,9.0,341.44392284927034,1.0,1.0,1,2,4604.5,rush_hour_ew
308.0,290.0,3473.0,3358.0,1.0,1.0,4.5,4.5,0.0,7418.0,11.0,341.8183486238532,1.0,0.0,0,2,13961.0,rush_hour_ew
308.0,291.0,3479.0,3363.0,1.0,1.0,4.5,4.5,1.0,7429.0,12.0,342.0886604234528,1.0,0.0,0,2,13984.3,rush_hour_ew
309.0,292.0,3483.0,3369.0,1.0,1.0,4.5,4.5,2.0,7441.0,12.0,342.35942264687947,1.0,0.0,0,2,14006.1,rush_hour_ew
310.0,292.0,3489.0,3372.0,1.0,1.0,4.5,4.5,3.0,7453.0,10.0,342.66521165363923,1.0,0.0,0,2,14025.4,rush_hour_ew
309.0,291.0,3494.0,3377.0,1.0,1.0,4.5,4.5,4.0,7463.0,8.0,343.0057791746933,1.0,0.0,0,2,14045.2,rush_hour_ew
309.0,291.0,3498.0,3380.0,1.0,1.0,4.5,4.5,5.0,7471.0,7.0,343.38100060765646,1.0,0.0,2,2,14060.0,rush_hour_ew
309.0,292.0,3503.0,3385.0,1.0,1.0,4.5,4.5,0.0,7478.0,11.0,343.6522046925566,1.0,0.0,0,2,14076.5,rush_hour_ew
311.0,292.0,3506.0,3388.0,1.0,1.0,4.5,4.5,0.0,7489.0,8.0,344.13197251414715,1.0,0.0,0,2,14089.5,rush_hour_ew
313.0,294.0,3509.0,3394.0,1.0,1.0,4.5,4.5,0.0,7497.0,13.0,344.43838934302147,1.0,0.0,2,2,14109.5,rush_hour_ew
314.0,296.0,3514.0,3398.0,1.0,1.0,4.5,4.5,0.0,7510.0,12.0,344.77996169740953,1.0,1.0,0,2,4676.0,rush_hour_ew
315.0,297.0,3517.0,3403.0,1.0,1.0,4.5,4.5,1.0,7522.0,10.0,345.0869740285887,1.0,1.0,0,2,4684.8,rush_hour_ew
315.0,299.0,3521.0,3405.0,1.0,1.0,4.5,4.5,2.0,7532.0,8.0,345.4634489693313,1.0,1.0,0,2,4692.6,rush_hour_ew
317.0,300.0,3521.0,3408.0,1.0,1.0,4.5,4.5,3.0,7540.0,6.0,345.8396946564886,1.0,1.0,0,2,4700.9,rush_hour_ew
318.0,300.0,3524.0,3412.0,1.0,1.0,4.5,4.5,4.0,7546.0,8.0,346.21591251128723,1.0,1.0,0,2,4707.2,rush_hour_ew
318.0,301.0,3528.0,3414.0,1.0,1.0,4.5,4.5,5.0,7554.0,7.0,346.6267415054626,1.0,1.0,1,2,4713.0,rush_hour_ew
319.0,302.0,3530.0,3419.0,1.0,1.0,4.5,4.5,0.0,7561.0,9.0,346.9681649814796,1.0,1.0,0,2,4716.5,rush_hour_ew
319.0,302.0,3535.0,3422.0,1.0,1.0,4.5,4.5,0.0,7570.0,8.0,347.4485345603681,1.0,1.0,0,2,4720.5,rush_hour_ew
320.0,304.0,3540.0,3425.0,1.0,1.0,4.5,4.5,0.0,7578.0,11.0,347.8249400479616,1.0,1.0,1,2,4730.5,rush_hour_ew
320.0,305.0,3544.0,3428.0,1.0,1.0,4.5,4.5,0.0,7589.0,8.0,348.3056110223642,1.0,0.0,0,2,14256.5,rush_hour_ew
318.0,304.0,3548.0,3431.0,1.0,1.0,4.5,4.5,1.0,7597.0,4.0,348.7859138068635,1.0,0.0,0,2,14269.8,rush_hour_ew
316.0,302.0,3554.0,3434.0,1.0,1.0,4.5,4.5,2.0,7601.0,5.0,349.19633246960336,1.0,0.0,0,2,14286.6,rush_hour_ew
316.0,303.0,3557.0,3439.0,1.0,1.0,4.5,4.5,3.0,7606.0,9.0,349.57202588352413,1.0,0.0,0,2,14303.9,rush_hour_ew
316.0,301.0,3560.0,3443.0,1.0,1.0,4.5,4.5,4.0,7615.0,5.0,350.01700815595785,1.0,0.0,0,2,14317.7,rush_hour_ew
316.0,299.0,3566.0,3448.0,1.0,1.0,4.5,4.5,5.0,7620.0,9.0,350.3228369921526,1.0,0.0,2,2,14339.5,rush_hour_ew
316.0,297.0,3571.0,3452.0,1.0,1.0,4.5,4.5,0.0,7629.0,7.0,350.69815439571346,1.0,0.0,0,2,14352.5,rush_hour_ew
317.0,299.0,3577.0,3455.0,1.0,1.0,4.5,4.5,0.0,7636.0,12.0,351.0390485629336,1.0,0.0,0,2,14372.0,rush_hour_ew
318.0,301.0,3583.0,3458.0,1.0,1.0,4.5,4.5,0.0,7648.0,12.0,351.3803207285686,1.0,0.0,2,2,14391.5,rush_hour_ew
320.0,303.0,3586.0,3464.0,1.0,1.0,4.5,4.5,0.0,7660.0,13.0,351.68729609490856,1.0,1.0,0,2,4771.0,rush_hour_ew
321.0,305.0,3588.0,3469.0,1.0,1.0,4.5,4.5,1.0,7673.0,10.0,351.95971961694147,1.0,1.0,0,2,4781.3,rush_hour_ew
322.0,306.0,3591.0,3471.0,1.0,1.0,4.5,4.5,2.0,7683.0,7.0,352.336291913215,1.0,1.0,0,2,4788.6,rush_hour_ew
322.0,307.0,3594.0,3473.0,1.0,1.0,4.5,4.5,3.0,7690.0,6.0,352.6778959810875,1.0,1.0,0,2,4793.9,rush_hour_ew
324.0,308.0,3598.0,3473.0,1.0,1.0,4.5,4.5,4.0,7696.0,7.0,353.0193821330185,1.0,1.0,0,2,4802.7,rush_hour_ew
325.0,308.0,3599.0,3474.0,1.0,1.0,4.5,4.5,5.0,7703.0,3.0,353.46456305907793,1.0,1.0,1,2,4806.5,rush_hour_ew
326.0,309.0,3601.0,3478.0,1.0,1.0,4.5,4.5,0.0,7706.0,8.0,353.8749877246391,1.0,1.0,0,2,4809.5,rush_hour_ew
328.0,309.0,3605.0,3482.0,1.0,1.0,4.5,4.5,0.0,7714.0,10.0,354.2855881487295,1.0,1.0,0,2,4817.5,rush_hour_ew
328.0,311.0,3610.0,3488.0,1.0,1.0,4.5,4.5,0.0,7724.0,13.0,354.59239662943367,1.0,1.0,1,2,4827.0,rush_hour_ew
329.0,311.0,3614.0,3492.0,1.0,1.0,4.5,4.5,0.0,7737.0,9.0,355.03827704356337,1.0,0.0,0,2,14532.0,rush_hour_ew
326.0,312.0,3620.0,3496.0,1.0,1.0,4.5,4.5,1.0,7746.0,8.0,355.3798767967146,1.0,0.0,0,2,14551.8,rush_hour_ew
324.0,313.0,3626.0,3501.0,1.0,1.0,4.5,4.5,2.0,7754.0,10.0,355.6869140625,1.0,0.0,0,2,14574.1,rush_hour_ew
323.0,314.0,3630.0,3506.0,1.0,1.0,4.5,4.5,3.0,7764.0,9.0,356.0635059994147,1.0,0.0,0,2,14592.9,rush_hour_ew
322.0,314.0,3636.0,3510.0,1.0,1.0,4.5,4.5,4.0,7773.0,9.0,356.40543700672316,1.0,0.0,0,2,14613.2,rush_hour_ew
322.0,312.0,3640.0,3514.0,1.0,1.0,4.5,4.5,5.0,7782.0,6.0,356.8166066387618,1.0,0.0,2,2,14629.0,rush_hour_ew
323.0,312.0,3644.0,3517.0,1.0,1.0,4.5,4.5,0.0,7788.0,8.0,357.22775454633864,1.0,0.0,0,2,14639.5,rush_hour_ew
325.0,312.0,3647.0,3520.0,1.0,1.0,4.5,4.5,0.0,7796.0,8.0,357.7083859683218,1.0,0.0,0,2,14652.5,rush_hour_ew
326.0,314.0,3650.0,3523.0,1.0,1.0,4.5,4.5,0.0,7804.0,9.0,358.15436893203884,1.0,0.0,2,2,14666.0,rush_hour_ew
327.0,316.0,3654.0,3527.0,1.0,1.0,4.5,4.5,0.0,7813.0,11.0,358.53108330908736,1.0,1.0,0,2,4876.5,rush_hour_ew
327.0,318.0,3658.0,3531.0,1.0,1.0,4.5,4.5,1.0,7824.0,10.0,358.8731957764216,1.0,1.0,0,2,4885.3,rush_hour_ew
328.0,319.0,3658.0,3534.0,1.0,1.0,4.5,4.5,2.0,7834.0,5.0,359.3192992644212,1.0,1.0,0,2,4891.6,rush_hour_ew
330.0,320.0,3662.0,3537.0,1.0,1.0,4.5,4.5,3.0,7839.0,10.0,359.6264862252296,1.0,1.0,0,2,4901.9,rush_hour_ew
331.0,322.0,3665.0,3540.0,1.0,1.0,4.5,4.5,4.0,7849.0,9.0,359.96852370377525,1.0,1.0,0,2,4911.7,rush_hour_ew
332.0,323.0,3670.0,3540.0,1.0,1.0,4.5,4.5,5.0,7858.0,7.0,360.34519675925924,1.0,1.0,1,2,4919.0,rush_hour_ew
332.0,323.0,3670.0,3541.0,1.0,1.0,4.5,4.5,0.0,7865.0,1.0,360.89502602660497,1.0,1.0,0,2,4915.5,rush_hour_ew
333.0,323.0,3674.0,3545.0,1.0,1.0,4.5,4.5,0.0,7866.0,9.0,361.3406529904652,1.0,1.0,0,2,4921.5,rush_hour_ew
333.0,324.0,3678.0,3549.0,1.0,1.0,4.5,4.5,0.0,7875.0,9.0,361.7863741339492,1.0,1.0,1,2,4927.5,rush_hour_ew
334.0,325.0,3684.0,3555.0,1.0,1.0,4.5,4.5,0.0,7884.0,14.0,362.05862002690753,1.0,0.0,0,2,14807.5,rush_hour_ew
331.0,322.0,3687.0,3561.0,1.0,1.0,4.5,4.5,1.0,7898.0,3.0,362.5043686989918,1.0,0.0,0,2,14823.3,rush_hour_ew
331.0,319.0,3693.0,3567.0,1.0,1.0,4.5,4.5,2.0,7901.0,9.0,362.77620097804197,1.0,0.0,0,2,14846.6,rush_hour_ew
331.0,316.0,3699.0,3570.0,1.0,1.0,4.5,4.5,3.0,7910.0,6.0,363.1869910911007,1.0,0.0,0,2,14863.9,rush_hour_ew
331.0,314.0,3703.0,3576.0,1.0,1.0,4.5,4.5,4.0,7916.0,8.0,363.562966507177,1.0,0.0,0,2,14883.7,rush_hour_ew
332.0,312.0,3707.0,3581.0,1.0,1.0,4.5,4.5,5.0,7924.0,8.0,363.9041292295928,1.0,0.0,2,2,14902.0,rush_hour_ew
330.0,310.0,3710.0,3587.0,1.0,1.0,4.5,4.5,0.0,7932.0,5.0,364.31455309396483,1.0,0.0,0,2,14914.0,rush_hour_ew
332.0,310.0,3714.0,3593.0,1.0,1.0,4.5,4.5,0.0,7937.0,12.0,364.65576115986266,1.0,0.0,0,2,14935.0,rush_hour_ew
333.0,310.0,3720.0,3599.0,1.0,1.0,4.5,4.5,0.0,7949.0,13.0,364.9626559969515,1.0,0.0,2,2,14959.5,rush_hour_ew
334.0,312.0,3724.0,3605.0,1.0,1.0,4.5,4.5,0.0,7962.0,13.0,365.2700285442436,1.0,1.0,0,2,4956.5,rush_hour_ew
335.0,313.0,3725.0,3609.0,1.0,1.0,4.5,4.5,1.0,7975.0,7.0,365.6468016348256,1.0,1.0,0,2,4963.8,rush_hour_ew
336.0,313.0,3727.0,3609.0,1.0,1.0,4.5,4.5,2.0,7982.0,3.0,366.1621390577508,1.0,1.0,0,2,4967.6,rush_hour_ew
337.0,313.0,3730.0,3613.0,1.0,1.0,4.5,4.5,3.0,7985.0,8.0,366.503605313093,1.0,1.0,0,2,4973.9,rush_hour_ew
339.0,313.0,3733.0,3617.0,1.0,1.0,4.5,4.5,4.0,7993.0,9.0,366.81038567232065,1.0,1.0,0,2,4982.2,rush_hour_ew
341.0,314.0,3734.0,3619.0,1.0,1.0,4.5,4.5,5.0,8002.0,6.0,367.22124396478273,1.0,1.0,1,2,4990.5,rush_hour_ew
343.0,316.0,3737.0,3623.0,1.0,1.0,4.5,4.5,0.0,8008.0,11.0,367.4585933068633,1.0,1.0,0,2,4998.0,rush_hour_ew
344.0,318.0,3743.0,3626.0,1.0,1.0,4.5,4.5,0.0,8019.0,12.0,367.800566572238,1.0,1.0,0,2,5008.5,rush_hour_ew
346.0,320.0,3748.0,3631.0,1.0,1.0,4.5,4.5,0.0,8031.0,14.0,368.07365145228215,1.0,1.0,1,2,5021.5,rush_hour_ew
346.0,321.0,3752.0,3635.0,1.0,1.0,4.5,4.5,0.0,8045.0,9.0,368.52039951003485,1.0,0.0,0,2,15107.5,rush_hour_ew
346.0,321.0,3757.0,3639.0,1.0,1.0,4.5,4.5,1.0,8054.0,9.0,368.8977786144578,1.0,0.0,0,2,15126.3,rush_hour_ew
347.0,320.0,3762.0,3645.0,1.0,1.0,4.5,4.5,2.0,8063.0,11.0,369.2059791294538,1.0,0.0,0,2,15149.1,rush_hour_ew
345.0,317.0,3765.0,3648.0,1.0,1.0,4.5,4.5,3.0,8074.0,1.0,369.75655360330734,1.0,0.0,0,2,15159.4,rush_hour_ew
344.0,318.0,3770.0,3652.0,1.0,1.0,4.5,4.5,4.0,8075.0,9.0,370.0988268418583,1.0,0.0,0,2,15178.2,rush_hour_ew
341.0,318.0,3773.0,3656.0,1.0,1.0,4.5,4.5,5.0,8084.0,4.0,370.5449174793698,1.0,0.0,2,2,15191.5,rush_hour_ew
341.0,317.0,3777.0,3660.0,1.0,1.0,4.5,4.5,0.0,8088.0,7.0,370.92140515222485,1.0,0.0,0,2,15203.0,rush_hour_ew
343.0,319.0,3782.0,3666.0,1.0,1.0,4.5,4.5,0.0,8095.0,15.0,371.15958840037416,1.0,0.0,0,2,15227.0,rush_hour_ew
344.0,319.0,3786.0,3671.0,1.0,1.0,4.5,4.5,0.0,8110.0,10.0,371.57158878504674,1.0,0.0,2,2,15245.5,rush_hour_ew
345.0,321.0,3792.0,3677.0,1.0,1.0,4.5,4.5,0.0,8120.0,15.0,371.81063929071394,1.0,1.0,0,2,5066.5,rush_hour_ew
345.0,323.0,3795.0,3679.0,1.0,1.0,4.5,4.5,1.0,8135.0,7.0,372.22312354312356,1.0,1.0,0,2,5073.8,rush_hour_ew
347.0,325.0,3799.0,3679.0,1.0,1.0,4.5,4.5,2.0,8142.0,8.0,372.5314769975787,1.0,1.0,0,2,5084.6,rush_hour_ew
349.0,326.0,3799.0,3684.0,1.0,1.0,4.5,4.5,3.0,8150.0,8.0,372.874511627907,1.0,1.0,0,2,5093.9,rush_hour_ew
350.0,328.0,3799.0,3685.0,1.0,1.0,4.5,4.5,4.0,8158.0,4.0,373.2865241635688,1.0,1.0,0,2,5101.2,rush_hour_ew
351.0,330.0,3802.0,3689.0,1.0,1.0,4.5,4.5,5.0,8162.0,10.0,373.55995916094304,1.0,1.0,1,2,5111.5,rush_hour_ew
353.0,332.0,3806.0,3692.0,1.0,1.0,4.5,4.5,0.0,8172.0,11.0,373.79905459264063,1.0,1.0,0,2,5119.0,rush_hour_ew
354.0,334.0,3812.0,3698.0,1.0,1.0,4.5,4.5,0.0,8183.0,15.0,374.0388744909293,1.0,1.0,0,2,5131.0,rush_hour_ew
356.0,335.0,3818.0,3702.0,1.0,1.0,4.5,4.5,0.0,8198.0,13.0,374.34843302209487,1.0,1.0,1,2,5142.0,rush_hour_ew
358.0,337.0,3822.0,3705.0,1.0,1.0,4.5,4.5,0.0,8211.0,11.0,374.7274658293314,1.0,0.0,0,2,15401.5,rush_hour_ew
358.0,337.0,3826.0,3709.0,1.0,1.0,4.5,4.5,1.0,8222.0,8.0,375.10646738629026,1.0,0.0,0,2,15418.3,rush_hour_ew
356.0,338.0,3829.0,3713.0,1.0,1.0,4.5,4.5,2.0,8230.0,6.0,375.55448008849555,1.0,0.0,0,2,15432.6,rush_hour_ew
356.0,337.0,3833.0,3716.0,1.0,1.0,4.5,4.5,3.0,8236.0,6.0,376.00230266187714,1.0,0.0,0,2,15446.9,rush_hour_ew
354.0,335.0,3838.0,3722.0,1.0,1.0,4.5,4.5,4.0,8242.0,7.0,376.3114995400184,1.0,0.0,0,2,15467.7,rush_hour_ew
352.0,333.0,3843.0,3728.0,1.0,1.0,4.5,4.5,5.0,8249.0,7.0,376.6206009372416,1.0,0.0,2,2,15488.5,rush_hour_ew
351.0,332.0,3848.0,3733.0,1.0,1.0,4.5,4.5,0.0,8256.0,8.0,376.9642955484167,1.0,0.0,0,2,15503.5,rush_hour_ew
351.0,332.0,3853.0,3739.0,1.0,1.0,4.5,4.5,0.0,8264.0,11.0,377.34283880432787,1.0,0.0,0,2,15525.5,rush_hour_ew
352.0,333.0,3856.0,3742.0,1.0,1.0,4.5,4.5,0.0,8275.0,8.0,377.8251786695987,1.0,0.0,2,2,15538.5,rush_hour_ew
